amount,transaction_time,location_id,device_score,account_age_days,is_foreign_transaction,is_high_risk_country,browser_id,num_prev_transactions,avg_transaction_amount,label
129.136452567806,23.18429030706253,1006,0.3829385927978184,858,0,0,2,21,84.88847543952153,0
18.888017792900115,17.532768504128693,1043,0.4390755544734485,864,0,0,9,22,40.06831371973456,0
39.520496116454076,19.979747386066766,1044,0.5610587595778725,339,0,0,5,21,54.609541749221385,0
50.04857094070823,16.018272144167746,1073,0.4701538107613594,1383,0,0,6,13,22.280932690149413,0
82.22999014310732,2.884596994692928,1027,0.6417547782647302,600,0,0,3,20,61.40135733006964,0
22.223302883265504,21.220095804261266,1070,0.4842266484860666,112,0,0,7,21,105.38666816374393,0
57.06843674325698,23.383623292905938,1027,0.42696702470593095,831,0,0,5,26,65.96241862680947,0
54.48368268989928,15.479130497884707,1074,0.49978740556686696,1166,0,0,4,20,65.1282624051924,0
70.49637212003206,22.437514764421778,1014,0.44800948520587786,1216,0,0,4,20,104.63429533945543,0
48.33356903310143,9.61678274983807,1043,0.5383834817834082,1629,0,1,2,20,9.493185990254027,0
102.66427094946471,22.83598654145646,1086,0.35220956174144646,1925,0,0,9,11,9.58753509756567,0
63.83234096889305,2.458610789583682,1082,0.663565050507852,386,0,1,6,22,1.66709839009701,0
14.008242047293592,2.995624057004224,1038,0.6281858670417146,558,0,0,4,20,38.30403596320626,0
83.84719349806512,9.130666842383068,1059,0.4464078603617785,1238,1,0,2,21,51.709704999623646,0
60.81943674307385,17.153332843426234,1073,0.43652868101286596,820,0,0,7,25,56.22671189825382,0
23.27753409343209,15.87239616199351,1082,0.28391769778035164,81,0,0,4,14,73.34578309207086,0
68.98345598318855,23.5329672967525,1023,0.5574304030321222,165,1,0,7,16,40.87379273173981,0
203.3543186529524,7.044067787023607,1072,0.8105850154359766,1931,1,0,3,4,197.48087093251223,1
61.969764725050865,1.7923063876010312,1075,0.6431962618569637,888,0,0,7,23,33.55275081683719,0
63.07842889146417,8.067131531595493,1045,0.4640016074916555,528,1,0,6,26,59.64903781508589,0
199.562242517229,23.46487423231051,1089,0.8548040090337448,1599,1,0,5,6,146.96326691432694,1
77.64950335773378,19.00158943199167,1040,0.40986790230697256,1467,0,0,3,18,89.21425725039376,0
74.41942580593224,19.49882716129426,1086,0.3171140764357896,1304,0,0,6,15,78.46960781101954,0
88.85621218008933,19.1198009723961,1063,0.43060774905803206,1997,0,0,5,21,120.58228767640227,0
9.961681792693021,7.789542822131432,1068,0.5126905149072143,619,0,0,2,27,48.95285158483982,0
255.95802163775195,3.377915403706316,1001,0.8874407848397554,517,0,0,3,2,173.63161203109132,1
69.35646757850171,15.48198460720287,1045,0.32861011139568175,1932,0,0,9,14,90.65216312893625,0
90.15776414886821,11.040290329936992,1005,0.4791914201845802,1088,1,0,1,21,82.59974784621781,0
43.52638621015341,0.2903525207628528,1079,0.4330526916641076,1883,0,0,8,32,64.79704602861028,0
53.643831925986376,4.495646872845848,1078,0.546265493304815,1052,1,0,5,19,65.94243298031569,0
67.8547107631074,5.964864048308072,1092,0.5584530585647421,182,0,0,5,18,57.29397825796417,0
52.86032598323925,4.4737299376346655,1053,0.536499013824176,1007,0,0,9,20,71.42546464854684,0
87.84557757606548,3.2895047033803086,1073,0.5513722515990043,746,0,0,5,15,12.589948311419597,0
63.03507938273917,16.360763281988028,1006,0.4420403073039052,1793,0,0,4,26,46.450325151610656,0
51.69531945396669,7.012343986032408,1089,0.3892907870055081,452,0,0,2,16,42.49598938416331,0
45.53092070698109,7.0223146469746265,1017,0.4349991808541456,461,0,0,6,17,50.968366631581894,0
96.20971939459659,17.897787277233665,1059,0.634672627354292,1926,0,0,5,16,47.201940511548415,0
77.53585841164329,18.076792845941505,1074,0.5177145482342816,795,0,0,5,18,40.918070547140665,0
52.6009309824319,23.37457840000276,1041,0.42722580049916503,429,0,0,5,21,55.34081362250897,0
2.9556705973984805,11.607609100227243,1002,0.5466031833401838,1259,0,0,5,16,55.28515933290692,0
64.06934234445403,15.389159765640592,1016,0.501984043474552,1231,0,0,5,15,63.575280637229895,0
13.374690500869335,6.933295184981442,1094,0.45312322382819337,374,0,0,9,23,47.56988573138793,0
10.290512874734631,12.049549968037624,1004,0.34084908400328107,379,0,0,5,17,43.11152301075576,0
-5.9960985121918,18.321150234805504,1039,0.461938228840589,1301,0,0,9,14,45.036816370546205,0
20.082051260947537,7.01712270516633,1097,0.3826632691833621,741,0,0,3,13,67.69657832710098,0
55.90583707607371,18.66699793007257,1016,0.3780441898824335,1933,0,1,3,25,73.33085241993312,0
41.614776101104,5.409453463603914,1096,0.4605149485429289,487,0,0,4,28,18.642554012105577,0
9.89823683372208,22.412808956431675,1029,0.5158783686952226,972,0,0,5,20,47.773213487250395,0
99.19893588114178,13.485554472034234,1078,0.4484572518940354,1453,0,0,2,24,49.76182254287245,0
109.87002469351893,22.33741906908953,1076,0.5765371662080265,1978,0,0,3,22,53.8260399814839,0
-3.591263960640596,16.731392411817577,1059,0.6440296948805987,1324,0,0,5,16,28.635798874201353,0
19.877611011349178,12.745632475736713,1062,0.4199134813122417,1713,0,0,2,21,28.0844432131539,0
67.00315178552539,9.521807310305753,1062,0.31954375390279716,1083,0,0,4,24,72.9744862350841,0
21.605276120347156,11.569996773291507,1097,0.5943105301784504,1303,0,0,2,17,116.20291267070215,0
63.60526137663402,20.793963108595783,1041,0.5762026031971177,1205,0,0,9,20,55.63703115557107,0
94.8637473572887,7.769381543685801,1045,0.5138650396048551,417,0,0,8,25,26.429824837212934,0
43.8016616091186,7.051248691572178,1014,0.4376991193196229,1830,0,0,6,18,65.1090436339602,0
89.14888066371256,8.10941147024305,1076,0.5109267960887017,694,0,0,6,25,18.21446311846956,0
62.98879476082088,14.46827392287242,1022,0.4472737768377036,654,0,0,9,23,93.62984628783231,0
48.715298560652755,12.276469379108969,1059,0.39709791516251863,1203,0,0,5,23,72.62184395607504,0
66.50156297073656,7.8256920558509595,1098,0.47780219775567445,172,0,0,8,19,59.806712231569286,0
80.907490819087,8.222672891075362,1014,0.5845846486519348,1944,1,0,1,17,64.45752498391087,0
23.13716117224875,8.94422629190011,1011,0.422662936043324,1939,0,0,5,22,48.46561108920031,0
55.23733438495517,15.678517579985849,1018,0.4200959219254591,193,1,0,2,24,39.819704471089295,0
10.644913029495214,20.908087967063338,1029,0.5470222506034783,1570,0,0,9,22,37.09261373109295,0
68.96648942095551,12.015999365345252,1064,0.520583504565804,182,0,0,6,22,34.190503963796516,0
45.47486865299914,6.949025947048918,1096,0.364553741802773,83,0,0,3,21,43.241604043992965,0
60.09749136377105,1.1398613923757335,1025,0.40830488286427097,1059,1,0,7,28,87.53060819398296,0
39.09280115254913,14.969327262700403,1052,0.6037905950542355,1476,0,1,2,21,39.740056333253634,0
21.90480875631212,23.74915486307705,1064,0.4983946596612107,152,0,0,1,15,71.08267678050568,0
56.30909120665986,6.328758130825607,1039,0.5380456997179824,322,0,0,7,20,53.47075716850504,0
50.89268418487236,21.532899142362993,1067,0.37961009370230336,806,0,0,1,20,73.38551576281363,0
41.075533973784495,22.506903131010958,1037,0.4756343091908697,858,0,0,8,20,26.691284127859397,0
65.24805919023768,18.17533428803701,1063,0.551880051396533,1442,0,0,9,20,81.15417213254064,0
56.44139549511579,11.727453530370202,1067,0.5256224978945351,1355,0,0,9,21,45.277949690069214,0
72.71096195161932,23.13667897997855,1032,0.5584426673639377,1660,0,0,4,24,46.25284250923928,0
29.568450275753577,4.238728621778948,1084,0.5586402810271819,1754,0,0,3,18,12.927143437847178,0
22.23823227071132,9.209168388007841,1025,0.5107613539143115,1124,1,0,1,15,63.19193107312928,0
62.17472260021443,10.290017791159478,1035,0.44955499278188005,483,0,0,5,25,75.670911241503,0
51.79797890798985,8.36874948867928,1079,0.5417317658367102,1312,1,0,9,17,16.14177900984906,0
-2.335986658181625,0.5036395621508332,1097,0.39513661686233176,1283,0,0,9,15,64.30294975232911,0
12.453817274286678,21.584145816441673,1015,0.47017063118151703,1818,1,0,5,16,40.21139172335852,0
41.754640979906235,0.4227961713865751,1084,0.7426415231958013,1022,0,0,9,24,30.151011168050648,0
67.74047725275202,18.996782848005406,1023,0.4525011314707268,996,0,0,7,15,53.82577881684192,0
86.84090628824404,13.247380686522714,1052,0.3444491109643789,1173,0,0,9,13,85.1317140985658,0
64.10132562104606,10.876161885453177,1032,0.5352080507177305,1166,0,0,4,22,82.88614755561883,0
81.841128946194,5.213603390218433,1043,0.47829829595466067,1464,0,0,5,21,46.95830549469407,0
64.58108868252911,14.761227972685557,1095,0.4933522443482122,1267,0,0,6,21,79.21163746283929,0
82.20238107231336,18.685331037876924,1025,0.4708221162264232,1466,0,0,8,26,78.56314294672046,0
76.74031704815741,8.925132110126189,1073,0.4095278463673906,414,0,1,6,22,34.86573405217867,0
4.585084962654392,5.017710847208379,1077,0.5347321557166882,1046,0,0,8,21,32.337273904884555,0
6.6822335877872945,22.459506203585434,1080,0.5715954236334702,1061,0,0,1,21,51.96977777540208,0
24.84914359997577,3.8534970673962308,1038,0.5810516008322645,1194,0,0,3,25,35.146210587018736,0
49.23337787025664,16.672128087460788,1055,0.43043521485265274,467,0,0,6,22,66.73627962282067,0
18.84368537468083,19.07104298464276,1044,0.431541592693127,40,0,0,8,20,89.77710717166501,0
23.442539416273327,2.4360925992848514,1038,0.5833497336084591,936,0,0,2,16,72.32949575266728,0
98.30878941448613,20.67547547123055,1011,0.47026954441919483,1497,0,0,5,16,82.46378498658046,0
84.96784685432385,9.287065908425696,1000,0.31874566745900235,1718,0,0,5,25,74.46526321364647,0
40.67187450946719,21.67144136681896,1081,0.4660900121036474,573,0,0,6,16,40.58626036972855,0
100.62644165710381,16.43211905798068,1048,0.4756325172829344,361,0,0,3,20,73.7228131573648,0
84.47819978857027,22.917789814440084,1058,0.3741895423113233,1204,0,0,2,28,52.10524546440307,0
61.944417953676115,3.524925019996977,1029,0.451330442040336,51,0,0,9,18,15.016646412608047,0
38.80195262176058,6.471267965200224,1041,0.5204503219067489,756,0,0,9,30,91.3365701844429,0
35.31288058907985,21.8657701657555,1071,0.6145953341228468,1923,0,1,3,19,100.90251878273726,0
24.47347732883304,18.04094304430356,1062,0.5286022852390546,1684,0,0,1,22,33.59139535155218,0
19.54717424516394,2.152783128198111,1006,0.34221250824537364,397,0,0,5,19,58.52645317865695,0
73.80466161656639,1.672985915255068,1058,0.43454409528841437,1268,0,0,3,22,61.75837091823896,0
110.0728240293439,18.88510074770311,1046,0.49652605235078584,663,0,0,9,15,22.228967123422464,0
50.42325068759374,19.62930581108998,1053,0.40936060859943657,1652,0,0,8,21,40.99179630502029,0
70.96485260607605,22.22945880493992,1060,0.464194502976411,1313,1,0,4,17,44.009170105623305,0
50.39130123130857,12.75521990297791,1073,0.6089222233389616,1324,0,0,8,17,71.25778243055846,0
5.226131899820217,9.20436226824732,1052,0.44100060778825395,1385,0,0,8,17,47.422212354148975,0
64.17891037530217,14.36936018536153,1042,0.3755039948870818,560,0,0,8,26,65.25866363267268,0
15.709852618085492,13.27057795654205,1023,0.5155151725982101,934,0,0,9,19,70.06623307882667,0
23.774021899575505,15.54650372193611,1085,0.6157505179130496,841,0,0,2,10,39.7833005505655,0
61.79921150015971,9.07171478903908,1036,0.8143261448148398,1352,0,0,3,20,94.80667228348992,0
-12.05127146293097,22.07746033965515,1053,0.4585307547969515,289,0,0,2,17,74.40840987792643,0
28.904707246223378,23.013710516284924,1087,0.5834452203668552,1673,0,0,1,22,29.967894126783257,0
-14.600287596137335,4.783772614813771,1021,0.6873861548770752,901,0,0,7,23,69.16524446089194,0
28.858146931673485,10.383842584577204,1065,0.7325892747739673,451,0,0,6,21,107.07277131640848,0
32.25815810485858,5.862967068891949,1042,0.7406846731039942,429,0,0,4,12,74.97932496109306,0
105.69942309685865,15.56217436251789,1044,0.5150984370359565,564,0,0,6,19,51.155857331930655,0
41.88885802592627,13.960574033944326,1037,0.3586322312100075,1575,0,0,7,24,60.33939355113974,0
79.27140133007751,2.7536630702619522,1038,0.6921889449440085,274,0,0,1,20,46.23235223585257,0
34.4181088452162,23.512601914459882,1094,0.43453717919620505,915,0,0,6,20,105.31756593757615,0
44.0541297086084,6.615248880388669,1014,0.5046950930342072,940,1,0,4,15,48.31195975951995,0
37.86807730448116,13.791409694924138,1087,0.602958823264215,1654,0,0,9,17,50.744130247002396,0
29.05400976166851,8.85635278430269,1069,0.3590642518821062,324,0,0,6,22,51.024752978789266,0
62.50619187770121,1.2839569941284399,1004,0.23471830318656078,754,0,0,4,20,96.18208778447762,0
44.44137023366875,12.473819674494415,1075,0.3704388481009685,1053,0,0,9,22,49.95568705009127,0
65.16673559645022,12.851993170136968,1079,0.6674583256989755,1606,0,0,3,21,63.875985300534076,0
64.73622996235989,15.447210914870894,1057,0.5662319591243876,447,0,0,8,21,101.54887919146073,0
58.11370477339516,15.79081987486594,1040,0.5340500744017079,117,0,0,9,17,94.84067238821089,0
41.45489186773396,2.3830403111232874,1078,0.35214093271374663,1504,0,0,6,19,68.82230449315004,0
58.914800714246645,16.840198007634392,1012,0.6548884823450688,1901,0,0,7,20,77.37166299465822,0
61.52627664948387,19.879829906225897,1026,0.4643245225095573,1718,1,0,4,14,52.17261902713874,0
58.88360831193728,1.3089518562036169,1034,0.5041800471911222,1382,0,0,8,19,27.39230904385557,0
58.0415128276926,6.888004297895278,1004,0.5087785900237649,704,0,0,9,20,55.681787262490275,0
28.495330381915853,16.297658375447245,1009,0.4949708244077662,573,0,0,1,20,76.52729797064916,0
37.282967830022116,2.6611346063636407,1007,0.33992020385445487,815,0,0,6,26,79.14216104663136,0
72.55799098060322,5.225496821928591,1017,0.40252832934041943,1578,0,0,4,17,64.71214074747799,0
26.19620810349586,8.793424001155326,1008,0.47964167177660777,1033,0,0,4,25,60.84480026854455,0
54.3297941517811,2.2839336019251606,1026,0.5450440571364479,1050,0,0,7,32,45.10158679117957,0
18.26867213132299,11.245915305003336,1076,0.4979936029948346,82,0,0,6,22,8.023949099308851,0
0.3432586343170101,6.059263140510709,1083,0.5456695207630156,53,0,0,2,20,56.918802880792676,0
63.26950604493456,3.524988311251846,1014,0.35643128908468025,844,0,0,7,23,76.60603904316672,0
14.287767929765295,6.0628670544425916,1069,0.4338463406539168,365,0,0,4,20,57.28615658599221,0
35.96896396064326,6.3728545347302905,1027,0.46792608758136606,586,0,0,8,20,90.84048905135838,0
78.02959733717822,19.541061561188833,1053,0.4411648850728186,1689,0,0,5,19,19.577815460193506,0
17.416211024557704,5.721418612536235,1058,0.3976485861248531,644,0,0,7,23,95.68010689909477,0
75.11463458994153,3.1940793401471375,1047,0.5644280930272914,401,1,0,5,28,38.336530561045464,0
74.51918611214978,3.2491690394269446,1008,0.5717944675497623,1812,0,0,7,23,61.02190387442192,0
46.28813161175491,14.504675399068914,1012,0.7050029267686663,1467,0,0,4,24,63.292707483893835,0
69.96003603526626,15.83386627846705,1097,0.4383991885672829,1066,1,0,4,17,95.66914006424587,0
71.72409677943492,8.635968770221407,1075,0.45580170938219805,1962,0,0,2,25,55.86273603463,0
16.230350965982453,23.13141527090399,1093,0.6349765557697189,1745,0,0,1,27,77.22381707479897,0
20.63777491070702,11.510730099938002,1019,0.4139407478107231,1192,0,0,4,27,34.59419604616262,0
105.56834553526814,3.592163150006426,1072,0.45531935398173784,222,0,0,5,19,95.14625408372886,0
10.430945050924677,6.609016355398671,1068,0.5422666815006861,79,0,0,6,23,90.46544452987247,0
29.411625927347465,16.36279490909629,1077,0.5818762178656145,116,0,0,3,24,108.7653727446447,0
41.24918750620169,19.60465153298454,1017,0.3966704369339974,111,0,0,2,22,23.36860225783392,0
20.433811978372102,11.803055521503765,1014,0.47774370673414185,1229,0,0,4,24,72.86277960929726,0
26.731801861928265,18.100844781248412,1020,0.5105369146003312,1638,1,0,2,21,46.703569602374145,0
64.17792447239128,3.3664131230200542,1015,0.5273688520863655,818,0,0,9,16,54.29377161020038,0
45.97162513441088,17.910385471972923,1073,0.5092155826540667,1406,0,0,3,18,56.32511632016919,0
106.5855770363159,4.605301193234287,1035,0.5578277803837491,813,0,0,1,14,78.18877139781561,0
43.4951884933357,22.096202309751128,1039,0.5576982306551026,436,0,0,2,19,54.452126114623596,0
16.30414847373867,18.22993800036174,1031,0.5496959193950995,227,0,0,4,15,4.32183791929107,0
-21.553410960791098,5.227790095887444,1075,0.44489239625535326,1980,0,0,3,25,48.91945408671017,0
-9.103114531355068,16.273740295726,1037,0.4191314468583478,1214,0,0,9,18,35.770011748740245,0
29.540472560066043,23.033444112935072,1022,0.620126604321065,646,0,0,4,16,97.6990844343708,0
66.76085848765457,16.634665429129374,1035,0.53121374663643,1547,0,0,3,23,44.108110018210795,0
108.59321594817723,15.496652841214031,1019,0.4490682527311708,1414,0,0,7,24,39.53554123724967,0
70.62280265379513,5.988524582067655,1070,0.3609362277406082,1785,0,0,8,16,49.749190502034004,0
65.58039542723517,13.02482993415948,1079,0.3220324558542449,561,0,0,4,25,48.66229340093562,0
49.372952181075554,13.672988413678397,1017,0.6077223241623014,560,0,0,6,17,64.897909441234,0
70.93709817617082,18.620674527807644,1032,0.4612887310840556,761,0,0,7,15,-3.962919532291174,0
3.6483077778069415,5.211685196044498,1031,0.5797554500464766,1757,0,0,5,26,54.141033838757075,0
21.932111037127225,6.215572258367201,1023,0.6309552436916651,1648,0,0,1,16,18.69213257296682,0
65.17206297418397,9.321788012926845,1071,0.6318536877265041,1969,0,0,7,19,32.07269039303077,0
24.470747579553052,0.8819250389652993,1070,0.4477366664750969,605,0,0,5,18,23.206916882648287,0
28.793222960379534,12.839200935969705,1049,0.7007770021090051,802,0,0,5,14,70.13414474998417,0
31.88423206289136,23.878799666926604,1087,0.5239228426906026,1921,0,0,1,12,80.66499895349389,0
62.88022468405203,23.010830513400748,1068,0.6857903771129089,905,0,0,1,23,71.27024621351232,0
31.94166674194469,19.013181691314593,1030,0.37939414113520303,502,0,0,1,23,75.60239325153339,0
68.24801499032569,22.31912581873224,1043,0.5753923021566737,83,0,0,8,28,85.38508084156409,0
64.14405071407987,15.473204107553832,1018,0.4011341014509642,1068,0,0,9,20,46.832974860357254,0
88.591464109866,11.296589223370699,1040,0.5816523594545926,655,0,0,7,24,32.56246677612538,0
73.71115688155135,22.104708385291246,1005,0.45094039779314427,200,0,0,9,22,78.442716597072,0
61.974083430562125,0.10276218806648707,1048,0.43599605235537475,1029,0,0,4,35,87.17719031507323,0
44.92176685002126,6.764423004467756,1088,0.4840522256192839,479,0,0,1,17,13.707299275087543,0
34.60410906459812,23.130423598615415,1051,0.3566852856291583,1654,0,0,2,21,7.330945492616017,0
77.88229954372446,4.207720281086379,1079,0.37649539326603326,150,0,0,1,18,74.44273598108373,0
36.49961426012559,14.070428236638435,1089,0.34361594401807016,1425,0,0,3,23,73.61383336398896,0
29.079073162514877,10.231672003303554,1015,0.3172855883244693,1197,0,0,9,17,80.05504894970699,0
37.477088540317034,17.50204735508195,1055,0.47645232427928197,1692,1,0,3,25,96.40391025164018,0
52.28016174237234,4.304480622349245,1051,0.39557093669248006,1191,0,0,4,25,29.150839872749355,0
31.80489835352781,2.6578348845884543,1021,0.3003933107983281,1500,0,1,8,12,98.2040655444053,0
53.843132447323676,1.3188828928470384,1009,0.4196963850114661,1485,0,0,6,15,82.47760661520456,0
80.28415365787906,8.272155384301147,1004,0.4519853393617785,1040,0,0,4,11,56.87193672763851,0
24.606970956230644,22.778330134282232,1088,0.6247356001686364,979,0,0,5,30,35.54770658766884,0
39.6873044146967,11.963765448825942,1053,0.44317039805165237,1300,0,0,9,28,36.305655613802756,0
73.2390216028801,5.0500916097964375,1070,0.628594271870788,546,0,0,3,28,47.30431672775477,0
67.5849740117835,7.824562854671638,1062,0.35797985785596653,1756,0,0,2,22,77.2322152667911,0
35.281632979200424,19.88788330690607,1084,0.558139911223753,1611,0,0,5,23,60.65087259718641,0
17.55355989156815,23.22353022558741,1021,0.42783499059956526,833,0,0,8,33,37.02851530181175,0
41.64881097176318,15.628041339050013,1031,0.553484488827382,402,0,0,1,22,60.31914111659519,0
52.97996916287678,0.440367880167182,1018,0.4894655454110463,1004,0,0,3,18,41.064861150456665,0
127.50720980499702,22.35311326250288,1051,0.4908551462170096,694,0,0,9,27,31.4637050070243,0
82.9633055596157,11.233460707091147,1012,0.41514626594162635,152,0,0,5,21,19.86421923444137,0
-10.77423619334131,6.045798368818116,1086,0.5945663064567008,1984,0,0,7,24,46.70380013481251,0
44.76056162955116,11.04914101022346,1015,0.6022743732190932,1828,0,0,6,17,91.33938828448436,0
72.78500112548366,18.3658397486582,1091,0.47662518638286755,121,0,0,3,25,34.68978246505862,0
59.697415626006865,6.686044148329575,1049,0.36611025096895794,924,0,0,9,21,57.53523866609043,0
61.02531231621806,11.40353232376518,1060,0.47979662017164376,482,0,0,9,18,-9.534143385664464,0
47.51906764944804,10.390730908689655,1084,0.4615605135279336,1967,0,0,1,20,68.6437497339152,0
13.695184910573445,8.48971806671768,1066,0.39485633651275426,566,0,0,2,18,53.04086445895263,0
47.34367356250962,12.175644016311573,1073,0.2784462621113401,607,0,0,6,16,56.16693439444286,0
41.28675553966552,12.806990105438821,1063,0.5882498094600335,1741,0,0,4,19,81.8242517900618,0
60.27013503468864,12.700562369917607,1049,0.582370135752044,1962,0,0,1,17,67.24162160168424,0
36.56367065204125,2.717419014029221,1013,0.663566545881802,142,0,0,4,19,65.61507430630957,0
73.19719959997278,2.602646826030285,1026,0.5752812261230134,1958,0,0,1,25,27.53847563132149,0
36.600708595561805,22.648490079521196,1012,0.3957735564487096,1415,0,0,1,25,48.37274328885853,0
26.900803068240748,0.6230644404941028,1005,0.46607607039069426,278,0,0,4,28,30.32607304898903,0
44.38009070536097,8.756822623689871,1047,0.3829421636335877,1246,0,1,1,15,41.11865458633936,0
-21.607896105870182,1.182724834745878,1037,0.4515361786264273,153,0,0,5,28,56.63519233529642,0
49.00924208841318,22.239407220802683,1041,0.49522953675437353,688,0,0,7,17,28.95070880283004,0
68.2740655716054,1.7219511414171293,1028,0.605907621562589,685,0,0,4,15,55.01907030636745,0
118.17304161340645,0.5759026992017526,1010,0.5473142490309099,1457,0,0,1,15,10.577315681770976,0
31.406836152383672,11.007083698355181,1090,0.44893520263761305,1137,0,0,3,15,78.76048205794493,0
67.09301840696611,17.59691531887144,1062,0.6170544786583346,1917,1,0,5,19,78.26275873593866,0
96.53455926567568,20.496019763912855,1097,0.3378719252943416,1394,0,0,3,24,86.87113197781741,0
20.222659798135314,10.551876776894174,1046,0.3960044475463097,1239,0,0,9,20,60.73290063768267,0
43.295824842891825,17.17367125135373,1034,0.7264832748515263,1242,0,0,9,19,52.45887612313903,0
55.28569467508077,23.214110940598843,1092,0.4534758693463039,690,0,0,2,26,95.7246839793744,0
80.88321667781122,0.7899304478681684,1090,0.5897277353458931,555,0,0,7,18,81.79560657469057,0
76.10203192066263,8.99645454712331,1020,0.6221661583278882,957,0,0,5,20,85.51734747520574,0
72.70366039960946,21.680184328963072,1019,0.6206369874993871,1817,0,0,8,17,126.39428552258794,0
53.88104020111456,15.482028084715914,1005,0.4905056626082574,788,0,0,6,14,68.45376606815961,0
58.02426166694184,8.456313883872227,1028,0.46546632293742185,331,0,0,5,22,61.967890247124096,0
101.6922415293875,7.856292993576399,1016,0.5148105891334096,46,0,0,3,18,85.96613419888322,0
29.75197943628343,19.26115928146991,1091,0.47352108055893927,1350,0,0,8,28,50.693281176004504,0
43.40984336487464,9.01822434729511,1045,0.37797008448804453,1259,0,0,4,20,40.134702772693416,0
34.62877277969919,3.3845949264080577,1047,0.6831727995185795,1716,0,0,7,23,43.99001891002085,0
1.5931580636977642,13.953237488076269,1046,0.4442094764845602,87,0,0,5,19,41.22347059823128,0
94.32590243165785,23.527729745467823,1040,0.38333713300713895,188,0,0,1,16,75.54648561779058,0
8.49977669085169,5.652346837359908,1062,0.5752901805931296,580,0,0,7,15,56.67859968614851,0
11.920085103599028,9.360918663703323,1030,0.6444598465128943,113,0,0,3,22,35.97771803023814,0
81.1513655305795,0.5501177555912866,1067,0.4547286684347049,38,0,0,6,19,73.51871034367937,0
24.62980686517661,0.23453355406754994,1045,0.3839317148902289,1780,0,0,6,16,40.87140355612753,0
75.6004693202044,5.824112407963309,1000,0.569801006266816,509,0,0,7,18,50.769562502486146,0
28.93840718367943,11.234017444503522,1034,0.48404051729906716,1161,0,0,1,18,50.38253735339813,0
58.76446526356396,18.596646448719643,1011,0.4643313105177479,874,0,0,1,19,70.96754793907107,0
102.22824459790972,22.426936482306754,1004,0.5134399208173525,270,0,0,2,17,59.06726527758691,0
66.55657915466462,19.515628823700254,1091,0.7212529177923591,1935,0,0,2,22,72.8653403478166,0
34.727185840652915,9.250180274079463,1062,0.6353956800545403,963,0,0,7,24,93.65518687982059,0
20.89627218861069,0.48598511496221075,1045,0.5017214930452968,560,0,0,1,20,96.13365753301534,0
63.401108324274325,1.95659354228607,1091,0.6482428337109354,81,0,0,6,21,7.599096239513784,0
46.78205702567175,12.585011679728561,1061,0.5038633959071331,732,0,0,7,20,46.21794853270643,0
47.73003187022509,22.44821475352573,1079,0.39944502195007514,287,0,0,1,19,39.04671252129245,0
42.31157527245283,17.27612307241176,1043,0.6016093956911959,1198,0,0,3,19,90.59327620683148,0
54.819498210593494,16.58825146985815,1027,0.26616079485581634,412,1,0,7,26,58.60539560962891,0
21.813044982381253,19.032305397104764,1042,0.5162826081144907,1193,0,0,6,23,89.82931838201927,0
19.118854754537853,10.670534381666421,1001,0.3612149148169775,1347,0,1,8,24,35.57676782465181,0
6.798473522171172,0.7147388957021024,1058,0.5035056863550782,334,0,0,2,15,19.828658372558593,0
6.912384052156469,2.6651132950055594,1068,0.3722573735589889,1168,0,1,2,19,16.320501502653677,0
-12.170655450879948,14.469512146713768,1073,0.38585942251694094,623,0,0,1,23,58.532879822444464,0
52.484977115542996,17.450225501381667,1073,0.49404965609890433,1161,0,0,9,15,105.04094653169065,0
61.20045679134195,13.727584448256303,1025,0.571856337761405,835,0,0,6,21,39.89282498155593,0
-22.727207808188254,0.2300553634654694,1078,0.532452955329687,1990,0,0,2,18,43.02351073670934,0
96.76367553490681,15.209033842154662,1043,0.5275628816219986,1144,0,0,8,22,94.21493073805028,0
76.90391996099706,23.156750385727193,1027,0.6426227534898039,892,0,0,4,20,17.249059757457417,0
-6.00101760411826,20.660198474339417,1026,0.5740255733138843,800,0,0,6,22,15.708359140982836,0
100.92871339128023,3.596518094047065,1089,0.592010315191141,1979,1,0,9,23,20.67532046154146,0
17.56830378775213,20.151105301655807,1062,0.49599100751277386,775,0,0,1,11,82.71654947111233,0
20.64234830034037,8.30708496171811,1032,0.4325277550491965,341,0,0,3,16,53.61960552653257,0
10.610944101581815,17.02507032743734,1019,0.43822994160634293,519,0,0,9,22,26.627702701698446,0
77.11804523258586,0.4633060012287995,1002,0.27603800835674186,49,0,0,7,17,61.117082576003064,0
22.651480935382924,13.645972336559947,1033,0.4894627871366883,446,0,0,9,31,53.483777386670205,0
82.76320351947278,6.766999851423491,1086,0.4396432740203713,328,0,0,6,24,91.79815423932025,0
67.689176940722,11.565389550490549,1025,0.35949922516551247,1480,0,0,2,15,89.56652555319613,0
34.10719388698884,3.784528129755535,1091,0.51527069750151,49,0,0,5,24,40.29535116302944,0
48.9630728046859,6.762851918509408,1037,0.38292753718290695,315,0,0,4,31,25.262586123494884,0
84.69744954782719,9.41175972578949,1093,0.537659027668473,747,0,0,9,23,77.68330511907746,0
-2.1827573269683427,4.37589030132171,1022,0.36921619711276754,1932,0,0,9,13,83.04586207632826,0
60.97279958278747,1.2799389561261352,1030,0.4004857987775873,1111,0,0,8,18,-0.5753686594005387,0
31.180596621460914,21.10371982236144,1021,0.3636214970490782,1849,0,0,9,20,87.56988704752283,0
76.77792014897928,16.429066392751775,1043,0.5347104885585529,293,0,0,4,20,69.67656697317115,0
60.494000737037226,3.542563659782128,1031,0.5369973221481169,174,0,0,1,31,39.42668511849463,0
78.37608931052436,15.89996300067131,1076,0.5949337261967068,1217,0,0,8,25,39.14343237265787,0
50.22088044270701,9.306795778713095,1013,0.39128273163065497,274,0,0,8,14,30.55523566123927,0
51.156655063529534,1.7012521394190268,1012,0.4765529872631483,1277,0,0,5,17,13.947740423542712,0
20.891860222752836,9.049996173239716,1047,0.4573399681653261,846,0,0,8,27,27.918161655718322,0
25.14508925659262,22.59386835404403,1062,0.4373882153885162,1775,0,0,9,18,46.0884690803904,0
37.8561386173912,6.534043562351275,1016,0.4784173749143298,747,0,0,6,20,46.17868385737846,0
49.51330647212176,8.591227813431974,1045,0.35356260237440473,416,0,0,8,25,66.5566763459513,0
36.72232121677531,7.04186184046548,1074,0.4082310850319047,1308,0,0,2,19,53.61457097884184,0
4.024451695110088,16.04431635522772,1057,0.5662531300653975,1281,0,0,3,27,44.837444002923455,0
96.26329857703627,22.20791368499036,1084,0.47325378727855827,1579,0,0,5,22,131.5612946399546,0
93.66801437771895,8.57636859995022,1092,0.6572816840094824,1955,0,0,3,18,59.01108420097835,0
85.73782044895498,0.23214093232606103,1065,0.49687317402338704,769,0,0,6,21,106.95111025413155,0
40.31960483473593,16.50243429409761,1003,0.5052744184238088,1360,0,0,4,16,58.49907725958056,0
64.1943635980336,8.63779025984816,1015,0.6023984057200015,1129,1,0,2,23,26.62990383338706,0
64.742883581606,2.007921841228396,1054,0.526308700653502,1098,0,0,1,31,88.20807755277661,0
57.72651172168293,1.2887325105449827,1021,0.4512877555837415,417,0,0,2,14,48.02990877069595,0
71.21097078832355,10.628599429906057,1058,0.5098379759287903,1291,0,1,7,20,-10.422241379499269,0
49.025568924737165,22.45357344485327,1030,0.6182794584232212,530,0,0,2,28,79.42531197867467,0
62.65150799009291,14.840167614718588,1016,0.4549105743501173,586,0,0,6,11,41.938374125827366,0
47.851962217578084,1.1124784664227088,1037,0.4519321676341968,1897,0,0,7,20,57.11534185363381,0
73.25345364767259,4.482441990480212,1003,0.5060251692046618,1403,0,0,4,16,62.03747056967554,0
22.780203218832032,23.39977116644873,1065,0.52551499457268,1528,0,0,3,20,6.932705307721115,0
6.605053893779385,16.334974281665673,1059,0.45992672841754895,358,0,0,1,26,89.6528411531571,0
99.919588394243,20.88054065254012,1032,0.6225199405583459,1050,0,0,7,13,29.37800080409125,0
89.84498161871998,2.9139783674869006,1044,0.5116641722867181,857,0,0,6,19,53.97771789036357,0
90.36260138464934,13.452532437482157,1039,0.5506211505995722,850,0,0,6,19,47.483886727665976,0
62.271948150021714,22.833732377043802,1019,0.6248795761876229,1345,0,0,9,17,70.1446852596506,0
25.88154755817557,9.701658140147504,1002,0.3707984666853202,1789,0,0,9,18,51.74929237832073,0
61.92191070377703,15.456557199253147,1089,0.46640159754534616,368,0,0,7,25,27.344465188411434,0
-11.484234570090429,14.53852407893697,1091,0.40488221640263294,633,0,0,8,23,86.07237252409462,0
46.81417729880741,16.84211453420396,1099,0.40717663707296037,1971,0,0,1,20,17.27822140678277,0
26.823736644732925,17.607457566301598,1042,0.526223268340597,1792,0,0,7,27,16.595268503596394,0
35.54702086719574,6.958999723290883,1094,0.5283299189605717,1638,0,0,5,23,20.89920194276153,0
10.373649338680472,7.748106665551436,1067,0.41296482898568876,1832,0,0,9,23,83.81042020402828,0
125.16346716070682,22.126264095128874,1013,0.41469774582313806,945,0,0,6,28,65.10335757344698,0
90.58401604690175,3.335048897813099,1090,0.3640718547042438,1587,0,0,3,24,45.6577680026253,0
5.1337539050538865,19.221282491500308,1039,0.42982991545093796,1264,0,0,8,11,58.54425190183291,0
42.70816403357401,22.722954641403817,1009,0.5144469590393275,1275,0,0,6,18,102.08869732097529,0
29.60334380791441,10.174788174579604,1006,0.5024732679929618,822,0,0,3,20,51.14173546735313,0
28.254167485998433,0.5555100246495313,1039,0.6956288065654027,477,0,0,6,17,72.06614463093375,0
65.53984329174355,16.07738082860176,1023,0.47594154375470354,804,0,0,7,18,23.23517647576395,0
67.38899519640727,3.506176794554066,1015,0.5638536077789106,1283,0,0,6,20,55.35378658915066,0
68.5665889406946,21.67005535759329,1073,0.6291993234468576,1271,0,0,7,22,73.59555691367335,0
27.44626849714447,3.667339423638798,1073,0.6382514119046523,1773,0,0,9,20,58.74284675330588,0
35.25091443103858,23.31110945828509,1037,0.4057099792074735,1365,0,0,5,24,67.73833074619442,0
88.65300867510166,18.06303977842278,1051,0.5336827707271913,1547,0,0,9,19,-3.9066828617501628,0
43.353902072487855,3.282120566721301,1021,0.631252363237556,1632,0,0,3,18,54.28937333402177,0
-9.26463313651412,23.20838373117535,1038,0.647998253008681,494,0,0,1,21,137.75754288045007,0
63.9275371436901,22.71620107900659,1037,0.4038021272348602,1256,1,0,4,14,108.57962486597161,0
57.72802572194388,17.397915428456237,1031,0.46351505092831896,1770,0,0,4,25,44.193494919155576,0
58.03530913599,4.079911121952029,1091,0.4520588179347678,1587,0,0,5,17,68.60162641477552,0
19.041011484584615,23.579755963057483,1024,0.5251823772638945,999,0,0,7,21,76.15023164868953,0
34.44086007546272,6.599787114958054,1037,0.5167854687102775,1831,0,0,8,23,31.257899355892622,0
48.50359537615647,8.016352098183702,1079,0.4628945669333223,1055,0,0,4,20,72.1918021764182,0
72.19832154137949,13.199735570741204,1007,0.7535267555256233,107,0,0,2,16,66.78733902505873,0
4.091625922106374,2.4337955097007393,1053,0.43648028041573184,758,0,0,9,18,53.604762359181855,0
53.680109479843864,10.055848447445545,1057,0.7906371587973631,1063,0,0,3,14,41.47534689175078,0
50.581437130940756,12.793038909325995,1026,0.5060479386375012,866,0,0,1,21,53.19677838905894,0
62.44353386237724,4.94276747321273,1057,0.5100787990517781,698,0,0,3,20,67.69666519701374,0
85.1350289811844,12.834885010394762,1087,0.4600768343499864,1845,0,0,7,24,33.00886004459972,0
43.57549067866434,8.998745213727934,1068,0.4025365841974066,714,0,0,5,25,64.41484705980703,0
61.179445594401656,5.599254901398994,1073,0.47730950069487416,1060,0,0,6,16,73.56613727358263,0
93.53004314394008,8.675722319165944,1021,0.7249782414981946,185,0,0,5,17,23.904073210889187,0
78.51271514558151,7.146889757503173,1017,0.487034946495083,1864,0,0,6,15,36.96037563322086,0
56.395898847130674,5.997436676816753,1098,0.5424401454444576,545,0,0,4,17,91.85569329568753,0
46.07598218819133,12.84312480767263,1023,0.4810162667884483,1495,0,0,7,22,105.63991798632887,0
88.7823586855462,6.160765115149566,1019,0.38544623749423623,1183,0,0,5,16,72.0586009956812,0
39.389427212989816,0.21826032725806233,1065,0.5601956591483819,389,0,0,9,14,55.90604396027439,0
17.078950430868005,5.669927225162752,1022,0.6141657674012629,1465,0,0,7,14,37.747912960299175,0
51.33656496713454,7.917623043577547,1076,0.5768749593409123,986,0,0,2,24,60.242221585035125,0
12.428196667606429,9.72302576008464,1044,0.45459654280201256,737,0,0,1,24,104.67350529213797,0
109.74659906614201,21.638055029036707,1080,0.36715150474065317,1672,0,0,6,12,20.65353570868251,0
43.89616576759085,15.716353497339068,1097,0.4442044426375134,839,0,0,9,21,45.765011129697854,0
8.321038093670289,5.81213095313465,1096,0.3710862255727796,1441,0,0,6,19,103.05940310131025,0
91.65993560307447,11.961781025116917,1055,0.43943717026930107,1556,0,0,2,26,50.985581553120355,0
28.717065280145725,18.91692266571915,1016,0.4512161123434982,960,0,0,5,23,46.27792881351041,0
90.96579387578797,12.249712529256755,1024,0.6238604142126416,1768,0,0,4,29,29.36480696497322,0
118.66371982640868,3.829853586881125,1000,0.6401133436280924,1316,0,0,6,18,85.36882441149768,0
39.767212035751754,13.847319714643083,1057,0.605848863249035,504,0,0,3,22,29.67281959053287,0
126.47029126153167,9.808223491012733,1000,0.5579967491942995,581,0,0,7,14,57.761454273986,0
55.51548634261084,22.955954994650362,1030,0.603268210204307,1595,0,0,2,21,26.55303846341657,0
70.05021466154243,9.956351275435754,1037,0.3561289238729025,1942,0,0,1,17,57.56855119921809,0
63.17450401101253,21.531892675862757,1052,0.3722788913005845,1145,0,0,7,17,25.900376172593013,0
46.513128706341256,0.29129899956481253,1071,0.4476693578259452,1745,0,0,5,20,32.705692410540486,0
85.61090916681141,16.284941861145022,1095,0.291086257817436,339,0,0,4,22,87.61711547605792,0
33.93994738951331,12.604218958421377,1058,0.3964898307779545,804,0,0,4,21,23.793547735020844,0
68.83041253623423,17.090614388485815,1054,0.476003999613312,725,0,0,4,18,64.66411110712171,0
26.12033269973738,0.4346264949109333,1002,0.4703233117658023,325,0,0,2,23,21.32582024143921,0
39.160683140981284,22.414899163085714,1087,0.4157618790285824,627,0,0,2,18,52.11409429224631,0
81.59458559998711,8.64907491735767,1054,0.647950852464261,206,0,0,4,23,75.78871001995431,0
48.93075553107549,18.00933425017684,1076,0.44972039006232317,502,0,0,7,18,58.6568738057465,0
45.28925514665877,8.01789349281162,1086,0.4872219356470789,903,0,0,8,18,62.382248513367735,0
52.2001023433441,13.212099378485227,1093,0.39659932378736695,65,0,0,2,19,50.537345129252856,0
64.99055330908801,13.901308549706563,1036,0.5517239386680688,962,0,0,8,16,96.6696155247274,0
112.58141148611341,6.1699637244328365,1012,0.582832091950559,872,0,0,7,28,51.66678953059597,0
61.22169709542716,21.32918627070591,1003,0.4405819762527371,200,0,0,3,14,60.73009613405725,0
61.579102777066275,3.6210731237905076,1039,0.4457818981270762,1690,0,0,7,25,43.35069064231392,0
15.241902090215447,21.734030030337692,1058,0.5369625679156728,1605,0,0,4,15,-9.806730550521806,0
61.393029081226885,18.883121017549826,1031,0.3644064152522266,1203,0,0,1,17,29.412315469458857,0
82.40168177417931,4.8962072762584095,1060,0.42652003680254286,641,0,0,7,24,65.79457252278632,0
84.39322611202184,23.23915955184406,1023,0.49136976294281964,1279,0,0,8,23,65.98572179371634,0
55.77954597944074,3.2882646885222817,1049,0.3113337516444775,1596,1,0,4,20,71.72136728901171,0
52.7788276384677,21.7887968095862,1023,0.5002523377643922,373,0,0,7,22,42.79364235047662,0
50.67397678436139,13.60001889000395,1085,0.3274821313585985,160,0,0,3,18,80.42985784342144,0
55.541314243432495,11.757459411139799,1042,0.636392915380628,832,0,0,7,21,40.53105925969249,0
52.73280818767739,4.238962224590195,1066,0.384637190790715,1212,0,0,2,18,71.84656533211515,0
64.03851266395556,14.33757338849167,1083,0.5225482161472746,776,0,0,1,24,38.165792466509494,0
87.33695481065767,8.616542800562065,1057,0.37633803901026464,1181,0,0,5,23,75.72552018809701,0
83.63092001973413,5.15690817237923,1019,0.650042738838631,462,0,0,1,15,71.1154413346423,0
27.962252696058524,15.647369134151056,1067,0.5680433092494103,650,0,0,1,7,63.079428353922125,0
-1.747534975390984,4.355943078500188,1038,0.4176153068851669,1177,1,0,7,22,35.37342101004755,0
33.83474431421785,13.41747090636604,1041,0.40845280252956967,833,0,0,6,17,50.68401208011821,0
48.94710599646217,12.33371310119215,1034,0.4053546049309027,542,0,0,8,19,94.29597169883365,0
40.71470342218312,14.484132082790873,1040,0.3557981838087998,1237,0,0,8,20,47.01624195457853,0
70.07255630802572,14.170494738693957,1072,0.5805448703072755,798,0,0,8,21,58.392395648479926,0
69.78353723340834,5.179468474047796,1046,0.4434500971035563,1588,0,0,7,15,59.75384645746474,0
61.4580635669466,7.983708021721229,1003,0.48706321999329255,346,0,0,3,22,77.77938274083712,0
45.58384163943208,11.752561011861157,1010,0.5524355765068567,1502,1,0,7,19,94.73727044282825,0
-12.141315380144718,5.4206923589320875,1024,0.571835272440832,1215,0,0,7,16,43.30047150787502,0
-32.42514528175704,20.40870690378841,1066,0.4977447793507273,1368,0,0,1,26,110.04774562419621,0
29.68514865463665,20.989835441236817,1073,0.5130476682608425,1412,0,0,4,13,38.62392396093037,0
-2.3101780718960825,16.469664674779633,1081,0.6839090444717861,1487,0,0,1,21,96.52729067132364,0
50.972210400204084,1.0221828952875143,1001,0.5789734423853489,1496,0,0,5,16,50.123634761613616,0
42.54414145776652,22.52640757907346,1031,0.38068402518911737,1413,0,0,5,21,12.298613374103816,0
24.684383677253024,16.181043849303546,1087,0.3872531044986216,1803,0,0,9,26,44.28874196972653,0
165.68002990425933,15.332369560623134,1031,0.7856292587696297,1882,0,0,8,5,149.27159386722016,1
64.14173788294973,2.286289575010942,1007,0.6146241342264028,1978,0,0,9,19,32.03595081153675,0
19.268370759971305,4.150139943054269,1000,0.43942334421926854,1516,0,0,8,18,54.791665103998824,0
65.09756194248514,22.13088935514329,1006,0.38729631319297797,649,0,0,2,9,111.37549874813311,0
111.36963643031463,8.277715079858456,1087,0.13630039489754653,1206,0,0,3,22,46.56747410885146,0
116.28816728127133,13.520713141463613,1071,0.4323731283615562,998,0,0,9,22,44.087099255800695,0
81.8043145601381,4.123588279230646,1017,0.619116536490244,1507,0,0,4,19,42.21690905650992,0
80.72187577434387,5.9150368713001225,1032,0.5951944316456345,618,0,0,7,18,40.357974195511815,0
61.873965461292414,13.741570893544534,1077,0.555974267581754,744,0,0,6,20,79.85442512545816,0
31.177377967208802,18.834556875417224,1009,0.37419718725754636,614,0,0,7,22,43.632532327901345,0
51.91107079297313,20.50884480724031,1010,0.5160779624127332,796,0,0,7,22,81.29828856760551,0
22.920369200365407,8.037006627190806,1022,0.6242408079074344,1810,0,0,3,17,75.21560583894704,0
24.60506591393278,8.207659326911639,1005,0.742473979332607,1215,0,0,6,18,100.82134546045637,0
77.78532642594925,10.285532107336735,1086,0.49499136625668116,1498,0,0,1,22,58.547856457287004,0
36.114311428568605,2.174986481285158,1077,0.36164333954645755,921,0,0,4,20,38.914346944709166,0
13.26838179926137,9.3538604070474,1037,0.4285484477261764,496,0,0,8,21,93.11213922236651,0
88.38394794973253,14.618894933119126,1072,0.6790506716849024,1233,0,1,6,18,50.579290360391234,0
33.820849566101884,2.028782767045737,1061,0.45124095096853595,1042,0,0,5,24,23.253714277456943,0
50.37777202345384,4.184560983620919,1059,0.3740058640747135,826,0,1,5,28,73.37125583788495,0
78.85961567215523,0.9436677040433583,1013,0.4892512862899284,786,0,0,4,19,29.72860032695447,0
35.877347026256544,23.17760882966951,1036,0.3609837728915937,1447,0,0,3,21,108.17219286176397,0
3.6518795996972386,12.319045979027958,1019,0.4516018032360275,1044,0,0,3,13,57.71096307809896,0
67.29354035367268,12.404362951390222,1016,0.4508961136259684,1222,0,0,4,16,36.79864291066313,0
63.89618876297369,14.288960797173445,1014,0.49188720141117653,544,0,1,8,19,98.36483400865555,0
51.14010434504601,18.828243256261274,1035,0.33682670034410356,1563,0,0,4,17,66.88569962483753,0
100.14042726312428,8.731985046441249,1091,0.610862017768368,884,0,0,8,22,98.73786831734445,0
71.87190935007094,8.220941508230585,1055,0.5146917829447014,1007,0,0,8,24,34.026297669731456,0
91.76116254761274,7.078227212287503,1091,0.4358408136990324,920,0,0,2,19,38.496210832502264,0
12.645482721197432,13.737945071351934,1003,0.5644404392324109,1216,0,0,3,24,66.4055904379211,0
35.75289030132427,7.7632160335319185,1064,0.6087411342579748,646,0,0,2,17,74.92388000999678,0
38.85677402012625,1.3085414130787134,1090,0.5023826213378908,1436,0,0,4,17,24.873398411225807,0
39.6780812988732,18.252772850506474,1087,0.4148654907081386,1158,0,0,4,14,76.09114851738826,0
68.79304017361832,8.831991874754305,1053,0.46419668545343024,1751,0,0,1,23,109.98633975188653,0
54.12057438221108,12.027999085516129,1021,0.3292292386482144,1725,0,0,5,21,73.97418715402205,0
-1.0775081271352107,2.987973558430747,1015,0.30962218213251513,327,0,0,1,24,55.970516615861186,0
44.061868130459544,22.757868857339247,1086,0.4770829009781185,1525,1,0,1,16,62.89602361784825,0
-6.123757630775671,1.7986563047639237,1077,0.5790651149360271,497,0,0,7,16,52.64359754019142,0
61.750940480314185,21.967841686370235,1093,0.5330023762092323,1203,0,0,3,18,100.06418037031425,0
44.15908111649955,9.480972856355962,1050,0.48017783201016817,996,0,0,6,15,67.2966207682198,0
66.94367317722944,8.370974124768502,1013,0.5678343765788799,552,1,0,2,21,51.07056526583432,0
94.78065706878564,6.204150051547487,1032,0.5857511117655092,82,1,0,3,20,78.56801233985749,0
37.38064031703923,14.200051694244094,1025,0.3096985595964904,313,0,0,4,22,66.03317803173545,0
3.5808803318490376,23.498692073875254,1088,0.47389540931632435,470,0,0,8,24,13.601591915209454,0
51.9507389356634,6.954230448687745,1033,0.5569055420850082,840,0,0,3,18,7.066594459851828,0
68.31110796300395,19.884925822249187,1043,0.45732172863567155,729,0,1,6,16,57.2632829940942,0
52.61141204714514,19.36115443307346,1012,0.5516820915751103,951,0,0,5,22,37.255419734723866,0
-8.24703401860664,17.156889856257244,1085,0.701241457608444,1351,0,0,4,19,63.287004253474684,0
29.466787937414523,11.194730154213389,1068,0.5938345014604931,1650,0,0,6,18,66.35298028849279,0
7.921841846009194,3.4458591227662856,1053,0.4541232984170143,1137,0,0,3,18,60.97166687721786,0
31.062765912778982,10.90242583686294,1096,0.4764865904404304,665,0,0,4,25,61.31873769897045,0
34.80095498636242,20.827869929552868,1029,0.6530917844604106,1240,0,1,7,22,43.2867497138605,0
20.359915459911775,16.187070802664962,1045,0.5298524326055231,1706,1,0,7,22,78.11638167984304,0
57.82300452449189,8.25632899850854,1080,0.4292917262248166,1877,0,0,5,12,35.015438058558814,0
10.399324663378827,13.560426453746654,1036,0.5014048265882574,1714,0,0,8,32,44.10749713102583,0
18.181848008101973,21.379485463531275,1052,0.37037824213570525,1027,0,0,2,23,97.6703119817171,0
56.10390907601669,19.514886542914066,1018,0.7472583913387583,1825,0,0,6,16,38.61340733953111,0
67.65659809312159,16.747312763865803,1061,0.5887979048989171,1880,0,0,9,10,16.217757646098185,0
6.557469755080277,17.224880681024086,1069,0.5579934331652067,966,0,0,6,17,74.85059436439848,0
63.51839148294165,22.347794186654937,1076,0.7332954475350826,1011,0,0,3,19,23.545096187308445,0
57.709923367574916,3.1972462569629583,1048,0.38245472541810854,1076,0,0,8,33,24.541458038672587,0
45.97948499981247,14.32173270671779,1071,0.4957726185330183,1181,0,0,3,22,111.32864574698286,0
80.86306974270443,4.444222532281419,1023,0.5645652605561573,1685,0,0,1,14,54.329997721885476,0
62.408487727150415,16.248976443545217,1037,0.6740104630164957,757,0,0,7,19,59.97055307646835,0
56.14393631845752,22.7612262305428,1046,0.7362865074912757,940,0,0,1,17,49.93379928538987,0
45.702232539074224,3.722246550504056,1091,0.43736723039068,219,0,0,7,29,49.96840766703014,0
53.33388125889536,3.2080859727528512,1006,0.6761436371746031,1284,0,0,1,13,65.21732053713204,0
88.24625123836167,22.052468541194504,1008,0.4404474327408142,403,0,0,6,17,47.33160082517195,0
95.69089569224076,14.246563825180019,1060,0.47169576318007006,180,0,0,5,21,110.00179099436201,0
36.43729001500759,9.815676089612026,1047,0.5146845526549028,635,0,0,2,18,42.518750358718435,0
73.93983648836709,14.269261496662752,1062,0.5728906231160814,1280,0,0,8,26,92.59952292507674,0
25.02933280687314,18.51719844690761,1036,0.5134984354520341,1443,0,0,5,21,31.485538280166416,0
80.06708500108776,11.999604758516043,1075,0.6685095494782963,334,0,0,3,15,58.03876909541547,0
100.16797712292583,6.897117966133641,1076,0.5833731176983806,1506,0,0,9,18,74.48094683965837,0
97.7955987991819,23.551878987322628,1005,0.4662724329790343,489,0,0,7,17,57.27375075046207,0
43.756332489281746,2.930050119629585,1094,0.5636691376509575,739,0,0,4,23,79.18392238035707,0
69.0625409062768,3.4936262076600277,1041,0.23929498911486047,69,0,0,1,18,105.44001814569341,0
-29.529094251790355,4.076146399229951,1004,0.3950761078821159,707,0,0,1,22,36.71707343790817,0
61.78305089153373,15.35624415066952,1061,0.5399268023672278,975,0,0,2,15,104.06105978849268,0
-16.474672750620044,19.924807935755478,1022,0.4102236608836248,1621,0,0,6,27,74.63670119388216,0
53.71720449563213,20.092214007347707,1011,0.5842233096963302,1960,0,0,1,15,85.02457180467873,0
24.609300350273795,20.333027701761324,1066,0.5377650614110223,1123,0,0,8,17,32.42744259003935,0
59.29684338141904,18.778545827972998,1006,0.40433212432127674,150,0,0,2,26,84.7794106906164,0
54.70469048294579,15.660239826882073,1093,0.5390444121616897,1884,0,0,6,28,55.74090413630322,0
61.024449964229134,1.1805357655685293,1087,0.41427083263429504,1382,0,0,4,19,40.98915569161011,0
57.976346889561455,15.329361811608143,1012,0.6204511787780645,1374,0,0,2,18,65.11185534179911,0
48.24709643007535,3.0366162315738716,1029,0.4145737929166628,1907,0,0,5,30,32.46847693034313,0
79.91796702976617,10.970893782433059,1021,0.3491697634017471,1428,0,0,7,24,66.09933767761837,0
10.862316685985824,11.54716345985916,1034,0.5694759306267845,1531,0,0,3,16,88.38087802115952,0
65.02751987257572,1.8936785420299724,1034,0.526359986058498,1095,0,0,6,25,12.943611252553652,0
37.15045226606733,16.823568144523847,1067,0.4474176096150313,1925,0,0,5,17,-18.12806826016208,0
18.397533104790316,9.702305161563675,1060,0.5803618046285159,1126,0,0,5,21,85.83208705625046,0
48.11962708180484,23.000366007142613,1008,0.31077233167039076,617,0,0,2,18,78.63752067825058,0
40.5475421627323,19.466604344227793,1004,0.5406953863059865,348,0,0,3,14,84.21563743102337,0
204.3217748358235,15.281701846143003,1065,0.9613716844727309,1018,1,1,5,2,132.8903936651778,1
96.49803215052619,14.06439305947912,1052,0.6855729480689331,840,0,0,5,20,33.09868004187575,0
6.2734550160520826,0.5713450382002323,1033,0.5266816994084459,1496,0,0,2,29,65.35805673553054,0
63.07926168500138,6.193053456881171,1065,0.52704521926146,1571,0,0,2,25,102.56648942479521,0
37.51416785344238,1.3834246943374424,1064,0.38977812873619055,535,0,0,7,20,93.34668879187421,0
74.94496600794986,23.633798571280174,1020,0.4851524538446236,470,0,0,8,22,63.95861506670761,0
31.92127086156328,8.117196412380133,1016,0.4996620386181425,1780,0,0,1,18,68.9487721480331,0
32.36431085275999,7.521854069270998,1055,0.41999869096411074,825,0,0,1,15,83.12906429916944,0
43.57796906816416,1.5173841420152074,1086,0.41112899208457243,254,0,0,4,19,62.75791702443055,0
41.86055065795108,21.34775976958872,1067,0.5293665625989157,315,0,0,5,16,100.80154101943833,0
74.8170832297227,20.97598621290946,1086,0.3641925573822925,635,0,0,7,19,69.36561862510744,0
69.00983074322176,5.73661528328806,1043,0.6044792335975404,1758,0,0,1,25,72.60668323233483,0
102.5277782578143,19.231494356531346,1034,0.6050576554188635,877,0,0,1,13,31.181585110283336,0
-20.513675578730826,12.073643123491943,1083,0.5047689419484024,170,1,0,5,18,25.956043799523528,0
84.79519899165032,17.911348067702622,1011,0.2811565122857509,376,0,0,3,17,100.40711723884192,0
48.0176060405805,23.358257840733586,1079,0.5358581164584891,1338,0,1,5,20,22.547688591185583,0
76.06317501772313,13.57520283450011,1087,0.5906434814090076,306,0,0,3,30,77.36110170967964,0
49.33099148845841,4.070978232757739,1029,0.5608225308774746,1767,0,0,5,23,55.82930949933546,0
89.33502493407873,5.157514405781564,1025,0.5750937254091626,1096,0,0,2,17,51.323122790966686,0
21.43050857783609,21.210658997006078,1068,0.5939618348365301,664,0,0,4,13,66.78991402888208,0
20.62099309152094,1.2025687185592417,1032,0.5275801582742209,417,0,0,7,15,74.4780903186551,0
49.63259681459256,15.759766958948283,1041,0.532717498440732,583,0,0,1,25,73.28250234927272,0
81.80269219725997,18.12282694333001,1069,0.5247754159009305,709,0,0,6,14,23.61893956342776,0
20.531178972359612,0.5233630349854943,1048,0.49123285342805645,1109,0,0,2,22,22.129605507358747,0
79.8305455944627,15.649579672446666,1002,0.5900284963734271,1024,0,0,9,25,66.83569598874224,0
111.72486409135095,6.622141273634474,1052,0.4742222366875124,1523,1,0,5,21,55.051749157741526,0
233.8527787351564,1.8581353032373933,1049,0.8062001884848229,1581,1,0,2,10,162.87599602849704,1
80.21400009419479,16.71302039689358,1077,0.5949169398961522,274,0,0,5,24,1.3601762856030817,0
73.22068322213157,18.38973364191414,1021,0.5049731690458528,1934,0,0,9,20,41.331974880541765,0
34.89049218873211,12.86459906344922,1075,0.5602956222621256,131,0,0,4,19,75.3882821430903,0
52.146987116581776,23.016170082346427,1071,0.6156649335869229,1044,0,0,3,21,23.177537360187685,0
48.37115400446564,20.697129228582575,1070,0.534562717418843,257,1,0,9,18,70.73722617584234,0
71.99537952267673,14.458878315926277,1081,0.4442046935669063,1731,0,0,1,19,89.84671573582051,0
90.34562093542084,1.2755902121507496,1018,0.44706751869308436,1174,0,0,1,13,25.030824704622518,0
35.07287484844379,12.896553714549288,1067,0.503781810851784,1599,0,0,3,24,43.035283037302534,0
49.7755760977776,13.802056941416948,1094,0.39179512330419475,1939,0,0,8,20,69.47152485530931,0
52.53400359169842,12.133001362313747,1066,0.4660653729514974,337,0,0,1,24,94.24954960244872,0
88.56746703085038,8.850005148134887,1042,0.49514616570136977,1226,0,0,9,19,87.14911076382475,0
49.12481902320318,14.17646751317405,1099,0.4210365266976569,1599,0,0,3,15,80.9693638128484,0
42.309779648825234,9.49481917903844,1031,0.4922747249839155,602,0,0,4,18,76.87291901780343,0
71.19516390641758,12.266503356342827,1053,0.5815701212269111,1490,1,0,6,19,27.862791969170082,0
14.586185443037536,19.13914776894296,1000,0.5704404036884243,961,0,0,1,20,47.65136019819685,0
27.440920047835426,11.724440494339829,1058,0.5623923193438556,447,0,0,4,25,38.541240501985435,0
10.422584162036976,1.6213162429364898,1030,0.5673261361553708,1052,0,0,5,17,65.10036015133015,0
78.67111913341601,22.491672151818378,1041,0.4066437647816253,982,0,0,7,24,54.243795781581866,0
75.16821501408836,21.385214806332833,1086,0.39924200847381835,1526,0,0,6,32,131.36381551400464,0
60.78427392641377,12.557232479215013,1088,0.6406322398797358,190,0,0,7,18,38.134991247869124,0
60.07541794160207,0.14452896884175281,1017,0.5280463910538443,348,0,0,3,27,47.99857076843155,0
8.837624381911574,21.378191208215796,1047,0.5682569706276265,333,0,0,4,22,64.87115449386292,0
59.23497117541655,1.9457979875351707,1013,0.5113322130019611,1811,0,0,7,18,58.423828300230625,0
76.54527748403476,5.175915835617934,1090,0.5121331529255001,141,0,0,1,22,51.838704082063565,0
83.62809537218737,21.87775536330475,1007,0.6022648263320477,107,0,0,8,27,25.64048944639324,0
80.88239302865978,8.459633462353484,1074,0.5762732807774642,1648,0,0,4,20,59.051619883816365,0
246.75495919940676,0.4166306525397605,1018,1.0801262622816707,884,0,1,5,5,187.27514048003644,1
59.29180337408007,1.9859400933569136,1043,0.5251838844467966,1483,0,0,6,16,56.22189256756901,0
72.73765549770859,6.441080766651546,1050,0.7225873994641134,218,0,0,3,21,60.24012722977045,0
205.3174815836831,12.308599717665267,1067,0.803309918002223,719,1,0,2,5,164.38374639442273,1
205.0834967686703,3.959223666374746,1067,0.7465953759146644,1547,0,0,1,7,128.69153024757702,1
40.5178143191885,10.828929797097516,1098,0.4769038860880962,1115,0,0,4,17,86.27935658831,0
20.77634461350895,0.772425677169652,1031,0.5441577316774862,1375,0,0,9,11,53.569692920673134,0
16.55533437942757,2.364361763244812,1095,0.5705422209756338,1201,0,0,9,20,113.37506066036595,0
0.7043356653749839,20.45653104929964,1080,0.545574422248638,676,0,0,5,22,46.35509272212373,0
57.796483827452704,13.956199430977735,1057,0.5109277835211574,692,0,0,5,18,66.39619941884439,0
59.27142329097962,11.423593316653129,1098,0.5481578791097615,1023,0,0,4,21,85.31580904459753,0
27.141762855947487,5.369417580078813,1027,0.47191779123617705,659,1,0,6,21,61.038931715511296,0
49.63927913260436,16.372244008788122,1081,0.4033173375645729,945,0,0,5,16,87.30022517695129,0
73.47889478949554,18.97220114815575,1034,0.4890741828474631,1858,0,0,4,20,73.55276683633848,0
20.400229168276688,9.757476082167823,1010,0.5289319712954141,907,0,0,9,28,42.003945874667906,0
91.75762663039757,3.5901528699206837,1086,0.38888098236265495,1365,0,0,8,20,35.75704304434073,0
180.38263776469304,1.8546185162386326,1068,0.9539101529614321,247,0,0,7,5,202.991094128991,1
31.481428793633384,21.131692383526563,1010,0.5515191776020087,346,0,0,6,23,14.437880522502745,0
51.47984497384531,12.896294121912012,1036,0.3528028518840869,1109,0,0,5,16,53.634672588174695,0
50.94865921730743,2.0966355519393067,1020,0.550818529662512,1001,0,0,6,14,36.334632964896834,0
55.45969647868393,21.121841013212265,1099,0.3848336388182307,1640,1,0,7,16,84.52318040389537,0
20.53089258868056,17.1038694155219,1082,0.6016694151606258,284,0,0,4,24,38.96908376362225,0
113.33889002298753,13.818285209189547,1031,0.7688163337398357,1651,0,0,8,17,56.812889718342,0
40.014187868524665,19.56177577638264,1062,0.4507012144082158,32,0,0,9,19,52.57566932507497,0
-27.73126876434729,16.731355534698796,1093,0.3688732750355407,271,0,0,3,19,66.91603084324815,0
44.66246372586806,21.013832800025142,1076,0.30320434794864604,1192,0,0,3,17,77.92680179065373,0
75.25342324352039,20.488697135544946,1072,0.5687994503175549,1469,0,0,2,24,84.71469404928482,0
21.026521014081222,13.685746618699216,1032,0.45161293094331467,1349,0,0,5,15,80.49649970087046,0
81.73442542462388,10.878831512103798,1098,0.4404182283879307,1408,0,0,7,22,28.88108241060835,0
43.29602052884444,18.15845995905251,1089,0.5699703907137562,847,0,0,7,22,74.89894267047549,0
98.36834773965936,21.004493123009496,1012,0.6817068397009233,965,0,0,4,20,55.62215639886698,0
57.71760263334505,10.30012866621749,1065,0.5969478746803878,349,0,0,8,18,67.27519403338675,0
66.58715685798444,4.001597947328238,1022,0.45097683505235325,1023,0,0,6,23,33.32087586133375,0
177.65949389596636,11.618893084384755,1095,0.8037752818251783,1557,1,0,9,8,178.89933453242895,1
50.12689576982455,12.233344933595545,1083,0.5195548723392237,1815,1,0,5,18,47.18540042010705,0
49.062157575372616,14.280234660441625,1027,0.552191532264001,1444,0,0,8,22,77.12377907595341,0
47.91099640099675,11.858409978202546,1021,0.4428578989348581,658,0,0,7,17,83.19529661554904,0
64.90142459033697,16.296891970138557,1046,0.4956420216233074,1220,0,0,1,23,18.569556010490018,0
89.13020728634459,18.66749144265402,1000,0.6859403566969474,435,0,0,1,19,76.67206777008408,0
93.247058619737,17.533590490401714,1083,0.46534497781793904,365,0,0,8,15,-5.53357988562307,0
43.59658544864458,9.027535440251764,1091,0.6072420656992391,980,0,0,9,23,57.48275276972048,0
15.078481027825234,2.11422841708528,1094,0.5148742657677092,1600,0,0,1,18,42.89429922315986,0
40.948008381240925,16.621535796343984,1070,0.5448084038357374,51,0,0,9,16,36.66284765217479,0
40.59410941482806,10.587446384857838,1074,0.3755521971384587,97,0,0,3,22,119.3701413730677,0
55.25860336801772,12.283866255901309,1041,0.4723015838212351,231,0,0,4,18,35.68677218369802,0
18.94273032741878,19.29004738329796,1089,0.5436724682182358,1942,0,0,3,22,110.8434082261717,0
84.61702202767242,7.473978093147809,1007,0.4282470833768359,1481,0,0,7,22,78.14532128169743,0
50.356413035533755,12.072707539120815,1098,0.4450016031342893,646,0,0,1,16,108.3808199190957,0
9.59643013653696,20.33894444552046,1099,0.6606956433757745,1339,0,0,5,19,68.3358308087544,0
135.95636069257887,17.009575981556754,1067,0.48323892288296894,115,0,0,7,17,81.9527152192681,0
-11.48543548564976,7.621395350872433,1021,0.510291520521882,274,0,0,9,23,30.464540552881118,0
37.478995591847465,14.599416674485429,1093,0.6480770204140158,333,0,0,9,15,68.24877165532314,0
52.05688924418082,12.7440751138311,1025,0.4799690694142091,182,0,0,8,16,60.16285472669128,0
45.78874823283991,21.804576732012297,1089,0.6657174556337742,166,0,0,5,17,76.92118856424162,0
8.84296571205931,23.157191859932475,1093,0.5876980007687292,1531,0,0,5,20,80.40518413445838,0
33.43216243662174,23.0292819431976,1088,0.5434622116787708,704,0,0,4,15,67.59579482776446,0
76.1223993376521,9.111696380848157,1079,0.47648992304804105,831,0,0,2,17,65.25272969657884,0
62.28908356051981,13.518353292494892,1001,0.43677682943159746,1395,0,0,1,18,66.3432641415398,0
39.0427706753046,10.316297848952406,1023,0.4606060885670488,756,0,0,9,29,59.24360662605414,0
114.95007034703252,19.956839338725004,1056,0.47395756129722677,1041,0,0,7,14,58.97467580561714,0
4.086157707698696,9.183387721573716,1089,0.7609942277489241,201,0,0,1,21,39.93066331715363,0
51.77655302043465,22.66770911628585,1006,0.5643952597771171,1942,0,0,5,19,56.72139475915037,0
68.12322366317133,1.0926119951938444,1076,0.41851850362672627,209,0,0,8,16,79.50968328420937,0
46.03491933066884,20.0604317083189,1046,0.348084367162533,267,0,0,3,27,66.28084913592342,0
64.36939477239176,20.329126052893315,1089,0.45663798905647157,1220,0,0,4,18,42.929079779785155,0
92.44521988476664,10.568734348291152,1090,0.5716809282373121,1398,0,0,3,15,93.05043799059095,0
39.25911860759041,5.849211172020629,1039,0.5842510688572303,999,0,0,7,13,49.312012929916676,0
39.91235783956784,18.625175012865128,1027,0.505338834737444,503,0,0,5,20,93.12086141442144,0
45.136280735604245,21.94869032728473,1003,0.5229193910626089,1852,0,0,6,27,52.54097914091151,0
41.56623545335741,18.716221944463605,1082,0.6254439664488508,1774,0,0,9,32,74.4906418049579,0
-16.355857339885205,12.335196300543494,1071,0.561814194156325,57,0,0,3,19,79.65491285057726,0
94.69590315806246,9.876278469581049,1018,0.5649990870543556,376,0,0,6,19,79.14742300698795,0
47.213764958208415,23.411771959945337,1049,0.49499487064626063,747,1,0,4,17,47.2722850490737,0
60.842519518193086,12.349274192010721,1050,0.5229380524494558,130,0,0,1,16,52.10118113524324,0
46.0218776527851,0.23815697191411012,1036,0.5156457602245239,696,0,0,3,25,55.6856615476804,0
12.114057388154663,0.757429177472007,1009,0.4314805779393003,857,0,0,1,25,68.37635535555916,0
44.106002497157085,5.831942228659915,1023,0.5090852955318262,1211,0,0,5,18,56.07165050278681,0
50.40351093857879,20.512172886007242,1004,0.6382184865672469,1701,0,0,8,18,82.50450935013008,0
74.61660508663691,7.354985552410815,1076,0.4662355932474567,1482,1,0,7,15,55.02642731438727,0
49.41741182336802,21.133978634903198,1025,0.527192543400853,1239,0,0,1,13,85.33825465668096,0
12.566504541054513,10.25287265476403,1046,0.24859827241188337,1998,0,0,2,17,48.42831497182604,0
77.23886940881147,18.81505888946443,1090,0.3486676085331534,1520,0,0,7,18,21.676334196176022,0
17.968322688843642,22.736124289938637,1052,0.5203938255126893,1546,0,0,9,17,65.40140738764345,0
10.016678075610507,6.251701897376378,1068,0.4599537470553624,833,0,0,3,13,17.756661536858893,0
53.66029443936084,20.37927926786693,1086,0.3660920653445008,1446,0,0,8,8,32.281272800619845,0
83.20131272861951,16.547510249486336,1000,0.44005149523268217,796,0,1,3,27,80.16793005374409,0
65.3180207123094,23.024044038814047,1040,0.461938132252698,1882,0,0,9,21,40.92921013681445,0
28.63337709052847,0.22740315028071656,1003,0.41353581539667217,1294,0,0,5,15,82.00350310624151,0
-11.902094574383632,4.250797648280952,1094,0.3965320932392516,1655,0,0,7,14,60.83905294531654,0
58.29802296533542,8.707680731311957,1038,0.36943484891208866,197,0,0,9,19,56.38288109967832,0
70.45858913884892,15.994238739573913,1027,0.3491558202321543,1466,0,0,3,20,24.623353238809692,0
39.125029913537944,14.292101166866466,1056,0.4977805191588339,100,0,0,1,25,57.34455524950518,0
103.25932677828536,4.8932754110525725,1079,0.4046392476485831,1680,0,0,6,29,81.48476587687847,0
33.5132859227426,0.7837208302608625,1090,0.5019785363682178,337,1,0,6,22,42.50300757082478,0
203.71727386117092,20.451575992184694,1084,0.9437554519140883,1751,0,0,5,7,171.15512297136988,1
62.151061575671385,18.692967558143103,1049,0.500068715880424,1641,0,0,9,22,56.517924230721896,0
95.02279371902932,3.9412069974563027,1029,0.4623981761870527,1990,0,0,5,26,80.63239031956131,0
33.07130441842942,4.05772326136236,1016,0.6415001032207324,1392,0,0,3,20,33.842810966274484,0
91.86302246597556,12.516994780644335,1040,0.5136056435891931,1947,0,0,7,22,81.51768070265584,0
64.31122481669364,9.021214915096172,1069,0.42759567957441635,1428,0,0,9,16,69.62699404264137,0
25.931681923351434,0.02888673381642981,1076,0.49381403599415724,513,0,0,1,23,63.37288193253354,0
49.4631506897495,4.289283100941541,1076,0.5915391472130528,1919,0,0,3,19,81.92742511115411,0
95.85405279237595,6.697446652318477,1097,0.37619761993704914,38,0,0,8,11,21.73115662233633,0
19.803723041610766,23.331756228833996,1025,0.5985606767660084,1609,0,0,6,28,94.12272762359294,0
98.56362918982603,21.11965659746007,1094,0.5222321272210996,992,0,0,1,13,83.72389787356886,0
24.591159550450165,12.641993997137943,1050,0.45819401364965073,753,0,0,9,21,44.97764618244019,0
70.59703240259529,18.60342633708813,1034,0.4965495055324145,1001,0,0,4,15,35.28818099858286,0
3.123624293403722,4.544345367116607,1017,0.5085195414402055,142,0,0,9,20,83.58524999365187,0
57.1636747707954,22.697711025655057,1008,0.5970545207086746,401,0,0,7,28,74.09745509715755,0
40.00887142838715,9.858761829826435,1076,0.3796751265769873,1435,0,0,3,11,57.931262159924636,0
39.73085469652553,11.477330757194828,1012,0.6454664714278844,1085,0,0,5,15,60.95996860137292,0
49.51837882254242,5.650723813239946,1041,0.40980356917406036,370,0,0,7,14,35.31884945980356,0
44.65930129808485,0.34337975506163243,1029,0.38592442228009227,1769,0,0,3,15,30.605675763606722,0
47.14665056897702,2.117623806855227,1078,0.6272712612247661,721,0,0,2,21,97.62164196195963,0
69.70787199026265,18.181184571453343,1061,0.6009122255536968,469,0,0,1,16,11.187293896817692,0
58.82246116379642,20.157694909357573,1092,0.6278312975372621,325,0,1,7,19,36.53850605165863,0
76.13891892371733,8.436672998325129,1034,0.4661594896409571,1834,0,0,5,20,74.28804911739216,0
58.72842093018456,16.727815958362523,1020,0.3650179994094005,1479,0,0,3,20,63.21468379894691,0
52.344291889089426,1.2820001264282546,1087,0.6239039273044518,1945,0,0,7,19,57.55759950324111,0
57.759834435661645,6.426039972949,1076,0.35190503423681263,342,0,0,7,22,72.28267821675533,0
59.73077845164809,5.984455461760847,1049,0.5524203856916616,1938,1,0,8,14,47.93974679282546,0
35.91576842195144,21.276736096924026,1046,0.5572914048291722,1497,0,0,2,23,102.69763271870859,0
39.041574253883454,4.437537485356785,1085,0.5222386858825967,437,0,0,5,15,29.679762296311505,0
100.77039717389614,16.299729665751123,1010,0.5601922998113316,641,0,0,2,17,38.06274012495845,0
56.22810054201877,1.3109168757369174,1076,0.5158131511004118,1498,0,0,1,19,65.31030174306859,0
43.00374505380818,16.34662796746223,1045,0.6030124384314296,1445,0,0,9,23,70.619082835461,0
37.50684700255923,5.82466556293763,1092,0.5891416337411353,389,0,0,4,21,67.99955715880972,0
19.757410672477878,12.44178107362982,1096,0.5022313377825122,230,0,0,8,20,34.01260686481625,0
46.939811596182146,0.42126522139949074,1040,0.562100414793656,1977,0,0,7,16,64.97587626434262,0
4.5885682216151835,0.21059412148602785,1066,0.42696451390195994,873,0,0,3,8,63.90643864091077,0
36.4507673246916,21.29964448097606,1072,0.5296725019228063,1121,0,0,9,19,44.86144958145999,0
38.24369703839401,12.09956375347959,1081,0.42083354940196005,239,0,0,4,18,34.22435647902617,0
28.159911763125965,5.202185071727639,1081,0.442376047627109,1795,0,0,8,15,55.48161123416606,0
90.37805023514946,20.560651279837547,1093,0.41331086313557297,634,1,0,8,29,-10.57087197838932,0
72.38071858948449,14.588499626586994,1052,0.5172672886268681,290,0,0,7,25,85.2119751087536,0
7.844304595892751,6.25994592060021,1044,0.434378472673803,628,0,0,9,17,91.45480298113668,0
57.48253063055125,16.66265080991134,1020,0.37806076222739726,1595,0,0,6,23,63.45293280362699,0
18.460702650819666,7.6691775090817575,1081,0.424093991798519,441,0,0,5,20,39.154426772927806,0
74.93633309599267,12.519316718175642,1047,0.4246208575220256,1475,0,0,4,19,72.68451308390144,0
80.29451268027903,16.131568486377773,1082,0.6685816986376985,1068,0,0,3,18,94.3422042262251,0
25.463244735844835,5.9444850827184315,1067,0.5324692574650723,1640,0,0,5,16,31.021461608684984,0
46.06665983958552,4.101691084236672,1067,0.48493023923513656,1302,0,0,7,20,58.83705874170064,0
25.93184498196439,1.4885970084667948,1080,0.6387739299747848,775,0,0,2,25,102.98237855820724,0
109.22236063235071,20.20837247324419,1063,0.5490248667527154,1509,0,0,8,24,96.14262388027788,0
18.794188405523062,19.854646916926537,1027,0.5079830194990377,1691,0,0,7,25,81.96173066726512,0
4.304826074784565,20.447693236434496,1064,0.5062727939511029,1430,0,0,1,23,88.36038556551001,0
23.418792590648685,19.695556321185173,1093,0.373954030656399,1779,1,0,9,25,-1.6190658303699692,0
46.72929740109608,4.132524661338306,1094,0.521295405174921,1627,0,0,7,21,59.52873037900568,0
53.1612651843788,11.742533421542596,1095,0.5072103136483525,1123,0,0,9,28,25.967857167844635,0
-3.4187701872246734,15.69402691856033,1056,0.5978679768317932,637,0,0,9,27,82.51617582491332,0
42.991791170514034,17.648287723540854,1063,0.5042337023401724,1750,0,0,2,25,80.63053090888548,0
69.28168279602632,10.703166489705737,1052,0.6198316789537555,69,0,0,9,23,64.27725686032602,0
18.320305642194697,11.84260081350158,1075,0.5929873591589045,1580,0,0,1,25,49.999368165092534,0
56.26590785014266,4.133239732968785,1045,0.6795284497760739,1138,0,0,4,15,58.20781377155421,0
103.48716800195432,2.2071496156203256,1008,0.3945425875544756,1343,0,0,3,17,97.41033794528143,0
78.35935313707596,9.977469582708729,1054,0.4321636540222763,1139,0,0,6,17,71.76179689533555,0
39.78203879270416,6.445298549032307,1054,0.39499564824347416,1338,0,0,3,22,46.86540721135403,0
76.14573158263802,4.471366036182574,1062,0.3762222256185263,1455,0,0,8,30,69.72555261810193,0
61.571325215943574,10.95119140297334,1001,0.46575780640648257,850,0,0,2,23,50.26549918825131,0
67.42998619885077,16.933636849813603,1063,0.5972582966937937,1531,0,0,1,25,58.97852601780391,0
50.31637135223077,0.5429173710504163,1010,0.3172722712252971,1448,0,0,7,19,47.887964443763224,0
47.675171003210366,18.915456335229862,1002,0.45611735677210835,297,0,0,8,19,44.89053325040785,0
66.67824354937527,17.44214537755766,1052,0.6250836640123378,506,0,0,9,25,56.07344439967433,0
73.12595581660901,0.41215177589686913,1014,0.6752565220607802,891,0,0,4,20,53.15496124524864,0
170.33717761650044,8.59640030894678,1004,0.9231360629982599,1782,1,0,2,8,194.98086246740047,1
90.53218677239417,10.538778582783348,1010,0.4568017276107264,839,0,0,7,16,63.509373823135874,0
-6.190174927918619,10.079659162942804,1091,0.49932948281825257,1864,0,0,6,23,66.01483766672644,0
83.83340751901696,23.562416428751177,1017,0.3989657209990557,406,0,0,9,17,71.32616761800872,0
47.322975373356535,8.372801323084255,1083,0.4008728146145801,994,0,0,9,20,33.675331709221155,0
25.337719645162178,12.225644868743288,1021,0.4537653041018715,1683,0,0,3,21,56.68230056781455,0
184.45259556193542,18.436167429799184,1065,0.9405602789657082,820,0,1,5,2,131.95049545050125,1
40.82136705405224,17.872337434188733,1082,0.37572322968366506,1170,0,0,1,12,65.38661991472306,0
58.613724956054725,22.79518448308807,1013,0.4269321922702413,381,0,0,6,17,78.72977046051803,0
34.520570319527614,15.647883375925737,1086,0.5511362539165773,487,0,0,2,27,74.43712533696134,0
13.421466004334185,17.40745381297681,1092,0.512927012682816,1508,0,0,4,21,48.54719865194869,0
42.45383341866513,1.2621953097762848,1014,0.5637196006511527,1364,0,0,2,22,35.40296842670136,0
95.92252497031092,4.626103725288949,1005,0.3602000077010185,476,0,0,5,11,58.408598081733224,0
27.602649603792834,9.088952581569055,1002,0.46295843949166565,1101,0,0,2,22,87.80443353976419,0
124.55569750036675,9.551049034682755,1090,0.5256984262423108,868,0,0,4,26,72.26749091399591,0
-38.294246964151995,10.764376973237562,1039,0.588405675031565,681,0,0,8,18,35.47676801760319,0
85.42969715917016,18.533432961256306,1086,0.6111473851186638,1124,0,0,8,19,4.411122297894131,0
52.199539015652114,6.917221990940807,1087,0.5288558149456342,1615,0,0,9,26,43.355935509819716,0
81.71366678656747,16.32512090240803,1044,0.5769882735627236,535,0,0,8,24,45.859619480927364,0
30.93912833523112,7.300908435240089,1044,0.7585912198855396,296,0,0,5,21,48.701254437526394,0
52.687420437657465,7.297686834726168,1067,0.35667129294190203,1307,1,0,3,18,70.18056243985431,0
42.97940422679056,19.659327306039174,1010,0.33288611009192004,1017,0,0,7,15,84.93026432611167,0
44.39963113059665,9.323127422663916,1062,0.6437182207368534,42,0,0,5,28,25.630885636858267,0
91.9878393543738,2.808995584522644,1035,0.4982182682127983,459,1,0,4,14,47.45363698574154,0
66.55222399732762,14.331616907595535,1024,0.5574763034739619,1078,0,0,1,20,68.26090068679187,0
48.06987057862501,7.223412369849819,1095,0.5617839953463027,281,1,0,5,23,67.48430703587793,0
87.72839337729954,22.954070932265473,1076,0.5470076674744968,216,0,0,8,25,37.97439781135547,0
49.54070452481013,6.2955804039728305,1074,0.45338072562787907,1654,0,0,5,19,110.58332179960588,0
65.30373083750224,19.961306886718035,1015,0.4622752166457306,410,0,0,6,24,69.61979490715925,0
71.45709751673698,7.103597129188993,1005,0.6499200510457486,1153,0,0,6,19,104.39129118931587,0
58.94475397971577,19.51408713873167,1035,0.6161910915029768,1447,0,0,3,11,59.83242904000844,0
43.35200916844882,0.2449004948458846,1004,0.40281341421144856,183,0,0,9,16,27.64972502337254,0
95.33464790742042,0.8809915873110814,1036,0.5198186218824282,851,0,0,3,21,61.16196108655313,0
4.8039790942880245,13.416156935661363,1080,0.4879951810048144,1038,0,0,7,19,50.80372192920018,0
41.57974769399678,22.54137926810896,1003,0.5439531336965762,1530,0,0,3,17,67.41858422641424,0
85.63140152415366,16.279828911150314,1025,0.48574005257338604,1364,0,0,1,22,32.501569712999746,0
66.62173313347722,0.6844438538710218,1037,0.3799813268639159,1621,0,0,9,24,48.37521245630282,0
109.61827997692424,19.253311655311244,1031,0.7261351149140889,271,0,0,1,17,50.59251745558913,0
65.16767725507624,1.6446237023277153,1048,0.5691733669998551,1185,0,0,1,18,85.29802146787713,0
10.966722008259644,16.766767344266903,1073,0.40204612266965034,1165,0,0,4,20,85.5572262579392,0
93.20351646348419,4.171172571245752,1050,0.4611602528293636,595,1,0,1,18,67.37528650998293,0
45.65399734561717,10.898245070503979,1040,0.5214024592890805,892,0,0,1,23,55.98253769140592,0
31.255442669129636,9.496077938311585,1063,0.45904158160257186,59,1,0,5,17,50.70590006070391,0
14.683207476463686,8.605892930565883,1068,0.5379907970770283,237,0,0,3,25,55.79606806042226,0
39.156116999180426,8.15164428040693,1058,0.5982521566237349,1249,0,0,5,13,99.74598673722318,0
70.12733744830625,14.722230276509567,1005,0.5123519274438081,1051,0,0,4,15,49.7856588960998,0
21.962183153045867,14.307153315078285,1085,0.25857124887454347,1297,0,0,8,22,113.18928075067896,0
64.40781504217775,17.930069025475802,1004,0.488730565559149,1074,1,0,9,20,75.07442078777221,0
70.81118337608555,23.669996555325223,1080,0.7278324634795458,95,0,0,1,26,53.17111982920327,0
58.369824866714055,11.415623626839281,1075,0.6064124191470276,1731,0,0,7,21,33.59094003559183,0
21.073997857302658,12.658585093386684,1083,0.4151474130725108,526,0,0,6,16,28.818372284891982,0
96.4591788507211,15.062561311969528,1035,0.620095349683831,217,0,0,8,20,77.63408654174769,0
67.9638316868573,20.852418043227935,1012,0.39688981412805685,354,0,0,7,14,58.42736993875833,0
71.1351961947417,17.20744562553305,1049,0.5744943733181773,783,0,0,3,18,83.18779843473281,0
83.23163287947347,3.9441744294784264,1042,0.3737111555167941,596,0,0,8,19,72.75368904455505,0
109.00750887524761,9.401642310842906,1038,0.43018972747491147,236,0,0,1,21,113.51704646923396,0
28.151833927801608,10.839280432397363,1014,0.4250634320748373,1142,0,0,5,17,39.09051841300923,0
34.55183880700183,16.809445911247145,1083,0.24168341388523135,1455,0,0,7,22,64.0432328483985,0
171.06172514643887,18.282298079929404,1065,1.0186347129199689,928,1,1,8,7,171.2546594714606,1
56.61750613212082,17.06101506200502,1038,0.5376424245343563,386,0,0,8,12,31.006559050857902,0
192.16586877891226,3.7448158643974976,1067,0.7205942175445468,1623,0,1,7,3,181.32945015455098,1
46.790855904245596,6.783735666176271,1053,0.6019705171087082,1082,0,0,1,20,68.24421015388516,0
30.97175849548059,19.6089546866203,1045,0.36103736194887803,1029,0,0,9,22,48.653150640638714,0
16.387462431908325,9.517103687366763,1008,0.4406188927880159,1891,0,0,2,16,12.170242024213813,0
95.40349229726394,3.6175777751152873,1040,0.5175634344735317,65,0,0,2,13,58.479203114434945,0
26.99407885986343,9.839513421277605,1058,0.555618648773275,1524,0,0,6,19,43.62445887729055,0
17.071670531728195,10.511664517487183,1014,0.4676040731184144,66,0,0,4,22,87.93688945428795,0
37.87714064502801,8.767669515956241,1082,0.5629400510913843,1576,0,0,4,17,74.75189610933236,0
21.479279197542347,3.5328590663498165,1007,0.49442273579634016,1279,0,0,6,16,69.54464663145154,0
5.104122347297626,10.721317343756967,1058,0.5440763255944381,844,0,0,1,21,34.94793890205732,0
36.21917301379268,13.572933950871843,1017,0.48919098281074086,982,0,0,8,22,56.43793817372916,0
-16.50456518062194,3.410567035981977,1066,0.4805607196010081,88,0,0,8,24,50.836205261213635,0
64.48370372180953,9.952505031586359,1011,0.45740960308697765,451,0,0,8,15,58.937098908078596,0
44.028123387203905,12.689784276954702,1048,0.5369273160650732,1395,0,0,8,21,48.37073746566189,0
31.30578420725707,17.092511567507813,1084,0.497505779657607,1207,0,0,2,12,76.41497632246765,0
45.58827855493584,7.809370165469748,1094,0.5482322249643835,40,0,0,9,26,84.55001197109492,0
27.189090763516084,2.825236777983057,1048,0.5944691940106606,1481,0,0,8,18,76.38017577231176,0
30.229285200209883,15.129756445465077,1049,0.5717135377211222,1784,0,0,7,26,54.92129747196468,0
50.05349123313827,5.237971980277712,1044,0.45886778430308756,1730,0,0,3,15,57.43633668433652,0
66.0445200903773,16.74323574798394,1092,0.5352761471065337,1735,0,1,3,18,67.76538987962178,0
12.663724997458317,21.001415140054625,1027,0.5093409994231184,902,0,0,7,21,49.8003832051842,0
34.05636345922355,16.817565128718364,1062,0.5768423997734132,1730,0,0,8,17,84.73846302105666,0
79.36668675670337,22.93948183618499,1069,0.34240678989733686,467,0,0,7,18,26.048136088793385,0
61.597586897155765,10.949832620311067,1039,0.6100732213459593,1398,0,0,9,14,3.051470049940413,0
32.09315645804086,2.877260899776102,1097,0.3658629485333734,243,0,0,6,17,54.91640102083027,0
7.257554413596296,23.959366329167715,1083,0.4694429372069584,1876,0,0,9,18,65.2465320319569,0
128.05049342541184,8.303339707368622,1083,0.6009505008183773,358,0,0,3,18,47.75262510344997,0
14.628806265205924,19.607601139417667,1081,0.571297302712849,1011,0,0,4,26,15.079029379920783,0
40.37997123328425,12.994427438636277,1091,0.313375349401634,857,0,0,4,18,109.5780427227921,0
26.357712382889865,1.2665899823827633,1079,0.5374631030302001,1535,0,0,1,17,61.470590908921935,0
14.061261129780142,7.7224936859639275,1024,0.5472619977681323,1364,0,0,4,14,77.90656981322448,0
32.01822063667933,19.79872630705338,1080,0.3968077684723838,1673,0,0,4,19,61.6149326732714,0
-23.05936995348665,3.5453646815311597,1071,0.6715306691647167,1654,0,0,1,19,41.372182081544466,0
20.817064497199976,12.938163480533941,1053,0.4774175084332346,1866,0,0,9,19,89.78003844392859,0
56.60567942615398,11.339640608913172,1020,0.4434549308093534,426,0,0,6,22,68.7424249771899,0
37.2092721138337,15.044486910084801,1059,0.6605746288992068,1815,0,0,5,28,65.78261049737964,0
0.17117199452025744,22.236014857061313,1033,0.5120625584271861,495,0,0,2,16,64.0596765648075,0
61.78740531644649,20.189139492265276,1072,0.5524088077900369,329,1,0,9,15,71.4147118089537,0
47.976603243344535,18.780135262784622,1056,0.6518545554668506,1671,0,0,8,23,55.861125220036804,0
65.42187657274327,20.70214179219273,1037,0.5709190163898743,495,0,0,4,18,59.387464176552534,0
11.871448367231515,12.186654865669551,1064,0.4002057865339137,1294,0,0,8,24,43.28931483201866,0
82.34376187384316,7.953714353458921,1037,0.579105649492032,768,0,0,9,19,36.94903399731843,0
93.43389255373597,20.85200334483858,1094,0.37701021529120776,881,0,0,5,17,93.42812796774692,0
50.366706452455084,20.414413159237363,1078,0.4521985981567619,710,0,0,3,14,75.79169121010955,0
73.50171527847786,9.807784373036068,1016,0.5502364769067102,920,0,0,9,14,82.12149202997153,0
214.6341511436789,21.907216438192744,1045,0.8118199342077674,1051,0,0,2,7,160.31364679431036,1
33.142096584262205,8.319352664877268,1081,0.4050115383942213,459,0,0,5,32,41.4506483638538,0
2.8849818913046903,16.40953664425294,1036,0.6368594803202516,1900,1,0,1,24,57.37831976016897,0
31.072074987866298,9.458721204305482,1047,0.5127098878016854,857,0,0,1,21,71.63540983435604,0
-4.622808334060487,16.07389937821534,1034,0.46635237692276094,84,0,0,8,16,69.50041969848314,0
52.57679018879991,11.648949484060662,1074,0.29857509845748653,456,0,0,6,17,49.484317172626895,0
78.73374843418716,23.804989072375463,1082,0.6352261060456126,505,0,0,3,16,77.20512479758995,0
30.153756724541243,7.360175320513826,1041,0.5039649975635222,1210,0,0,6,27,90.5463455465526,0
78.57434470858416,19.431655969690844,1045,0.6395689916387787,405,0,0,3,35,66.13256323071879,0
69.65700885541281,16.533434592778736,1042,0.5285095538775132,1993,0,0,5,29,86.66359523037761,0
60.811061477145834,1.4219628575934609,1081,0.5452142806300974,1949,0,0,9,22,34.74702207219991,0
56.56154798424463,12.198874553398182,1093,0.3245006725833959,794,0,0,7,15,70.21977268048394,0
1.524605870995039,1.341318438073806,1066,0.6254253294714107,1539,0,0,3,15,43.263330682310766,0
60.13866662435076,5.373795156986744,1030,0.4182392938767109,1386,1,0,5,12,66.10745214829441,0
55.396824534604356,0.44242103281780665,1086,0.6301373229457543,1783,0,0,6,17,65.77945381826724,0
14.373404996748796,12.196437198884887,1007,0.5001342218433347,308,0,0,1,25,70.57992232450543,0
73.64874969908011,4.034564668947209,1062,0.4484141404378121,113,0,0,2,18,19.98820537571435,0
61.81391894648755,11.367138131630629,1074,0.3565947526827159,671,0,0,4,16,93.76269513680685,0
170.43577157544217,11.313162737832839,1010,0.9157804970128017,814,1,0,8,4,185.67644969406544,1
69.1456099654572,19.042945553178072,1052,0.3290279453743686,1041,0,0,8,20,91.15937347349136,0
26.38477790039011,22.246575906768946,1019,0.481275276662596,1625,0,0,1,26,41.01559881528922,0
41.63349817547731,3.7406488220898506,1099,0.6865300620691765,1418,0,0,1,18,51.050986731350086,0
17.727900546751663,12.051074298854997,1056,0.5295798057249269,390,0,0,7,28,94.30329832122042,0
63.10215655200528,18.945111203086185,1035,0.5001733951424105,1753,0,0,2,15,42.56228679841086,0
70.58955370870103,12.855159668333567,1045,0.3076600172295971,454,0,0,5,19,13.335142424281393,0
61.976845788179816,3.4357514799377267,1015,0.5359308246568222,1439,0,0,4,25,30.74295986428904,0
61.405935530178894,15.074003437714453,1028,0.4697099560325695,1692,0,0,6,20,31.502328334162037,0
6.559582987512677,0.8532450611773221,1049,0.36992384712413406,683,0,0,4,19,46.68666301157191,0
118.75733800456058,2.654442035581848,1029,0.3388139681281968,1953,0,0,8,13,56.20963459944452,0
16.32365581266758,10.025668668277504,1038,0.5112877299263834,605,0,0,3,23,61.368154569828825,0
34.1783281508114,12.928079032450395,1091,0.4818717297497362,1052,0,0,9,19,47.73255216741387,0
77.32833211518425,19.618788347431217,1071,0.558979962989794,1574,0,0,5,12,37.12255993621811,0
29.355489644668285,3.6898807678988623,1081,0.4843229744440507,628,0,0,4,11,59.95682032028098,0
74.56297912546448,13.96822274116591,1005,0.3538431876468261,1784,0,0,7,23,49.74674353125814,0
54.10239942197692,5.476016025134027,1044,0.6847602546882723,922,0,0,2,24,89.92936209269811,0
79.03478072075612,2.156590032001124,1034,0.43260581076514426,1273,0,0,3,15,54.45429680606392,0
49.99058982164676,9.027962650345865,1072,0.6469968229826462,1643,0,0,6,18,46.72654945780357,0
45.813738712162895,9.321241071521776,1004,0.5000036171926898,1954,0,0,2,17,35.92171327105797,0
69.0416440568531,16.573263369591476,1000,0.5417955436550066,851,0,0,8,20,8.225572622724613,0
35.20631532800684,18.738557637292544,1050,0.5362893980470005,250,0,0,1,10,50.23702004895609,0
34.26298958698847,17.912944195016493,1026,0.3935985108118001,934,0,0,8,23,72.50574190158545,0
123.7961595508814,21.158758583756118,1071,0.5836558431555718,212,0,0,6,21,20.28492987908136,0
45.4464471489325,3.7977423041811242,1058,0.43598698195966046,451,0,0,7,17,47.592605121326564,0
59.69237819348087,21.316269849081184,1074,0.5880791369329053,1975,0,0,4,14,39.268466965910136,0
63.716391910775414,23.88124207860014,1069,0.7900361832625504,1889,0,0,3,12,44.11555313098383,0
24.071442141783926,9.766890779382134,1020,0.5880609797255378,1930,0,1,1,14,54.85387492112877,0
96.17591600524722,9.063097923363472,1080,0.6134048370908254,143,0,0,4,22,44.596265441489166,0
6.464729298453236,4.453790465881147,1059,0.5854406224083804,1404,0,0,5,18,50.71360107296875,0
-2.8971009671045564,21.32523318488083,1053,0.6339936959819269,1104,0,0,7,18,41.78530768801951,0
60.54987064922177,20.91090325763199,1023,0.4804355295911012,1448,0,0,1,17,80.98663304698829,0
50.192668094328134,17.262444142766753,1073,0.48624317916009935,182,0,0,9,17,53.10299358682423,0
39.9426775439592,10.897827463496203,1016,0.4987042744880055,788,0,0,7,21,138.86934492454344,0
46.56582884603411,8.03703104350881,1011,0.6496540708231167,362,0,0,1,27,96.34063545952436,0
40.21929403496477,0.14708753552833898,1044,0.5775121124386922,95,0,0,8,23,58.25222614930905,0
35.209971960235016,2.7047486505198046,1077,0.4640998947688748,278,0,0,1,19,58.60331756328723,0
121.65115978611315,16.7958885859781,1095,0.5890654394085265,868,0,0,3,25,63.17440925602705,0
28.19677586498471,19.964889824423132,1043,0.5176195499188397,1748,0,0,1,32,22.830431487396567,0
28.37089674590311,13.721695467847734,1029,0.6047648854741122,479,0,0,7,19,22.649446904394054,0
27.387915069275312,10.218278758327324,1078,0.4496806889308777,495,0,0,7,28,24.088631373107226,0
7.095758661181023,17.61753684055459,1085,0.5411868597791064,121,0,0,7,19,71.18843069266008,0
-10.520163943672344,21.472844664580407,1049,0.4241055046695375,1533,0,0,9,22,75.96433485280741,0
111.79535005212206,10.438461608721816,1069,0.49550367408497065,221,0,0,9,20,85.65067322602118,0
45.03105769047103,23.922302039673816,1024,0.4683308127713475,1925,0,0,6,20,58.97736123887589,0
84.06861756474427,21.75060575014448,1059,0.4139717037393856,688,0,0,2,12,31.541483622006137,0
50.63011524898277,17.954144776875033,1033,0.6117712663213537,1531,0,0,4,26,95.95173369010229,0
18.654910582907863,2.6458676803335965,1031,0.4046731729766596,94,0,0,3,15,101.46924630193368,0
13.716940131228242,10.607168527473178,1053,0.3396888038736373,1512,0,0,9,15,25.183523080201034,0
58.91732820140372,3.975916019433906,1078,0.6789373493956303,1773,0,0,5,12,74.00389759966131,0
39.96496292477155,2.472460666612946,1082,0.6633253821205605,434,0,0,5,18,78.61099374101235,0
113.664685910379,7.064355996369074,1022,0.6726647954708382,377,0,0,2,16,48.1597558443975,0
56.52298619539169,6.042225277090753,1052,0.41832533542600137,1738,0,0,5,22,76.33861061846169,0
48.27813904777892,3.2748268384910046,1012,0.4079887981711207,1724,0,0,1,13,48.63020323134516,0
75.42265031451265,1.4532541497902542,1098,0.5691868997949076,622,0,0,5,21,28.156115342560263,0
59.72251908184385,16.356348850616108,1086,0.5539736504582128,41,0,0,9,20,52.23745768681267,0
60.845105756183045,1.9672506622437727,1041,0.44072755362880334,1646,0,0,7,24,56.11362100429643,0
89.91297033136449,14.593494847322669,1044,0.29207408571351323,1962,0,0,3,23,92.62250239626485,0
80.80958789959197,19.7058858587244,1078,0.4142551387302682,379,0,0,7,25,69.22873710373072,0
63.18458144025535,12.99534785791409,1089,0.49386970137733316,1100,0,0,6,23,78.90515755789691,0
61.503050942109326,13.091381585716743,1039,0.5328591424854764,1437,1,0,8,24,73.57005622829499,0
8.620423159564183,23.30925095905877,1003,0.4808824648397424,1625,0,0,3,25,32.024064072844496,0
86.83006977419876,10.875271955483992,1057,0.388828247415114,1686,0,0,5,18,44.12935667426589,0
38.86227887988819,19.19229127859554,1064,0.22690120261335217,810,0,0,1,21,34.30673406017628,0
35.89389983644066,16.116804697311093,1051,0.6273918426169509,186,0,0,5,21,72.21571284193115,0
51.75110872453687,16.479836975599063,1002,0.4311349191111149,1370,1,0,1,19,-3.4856481076682257,0
-6.246761921425993,23.65229496932348,1014,0.49042667875068824,1969,0,0,1,27,35.73854410722499,0
3.387237019518068,21.047731943375652,1078,0.5351213281618853,1016,0,0,3,24,96.93333567175142,0
54.48793872556364,9.441925832410181,1001,0.36707962979519027,1102,0,0,9,16,40.33478118110452,0
102.96362720843291,13.988864668609027,1095,0.4735471676863576,1504,0,0,9,20,84.83464145772984,0
90.38299383542773,15.650660573249477,1091,0.4524042663330356,1874,0,0,2,16,63.949327509476184,0
55.112486671264634,23.465364284943448,1091,0.37965020844077085,222,0,0,5,22,52.31208068333154,0
24.38201274619832,13.94660452076413,1086,0.37117142652544877,1062,0,0,6,24,69.9483601279891,0
33.67657993657422,18.577480966706787,1077,0.41200992733560404,1239,0,0,5,21,98.10917958374529,0
34.128419679611156,8.66982705698425,1037,0.5247702283825104,1317,0,0,7,16,69.03788494813574,0
33.92109664657856,15.345381261672038,1099,0.5449692458119383,1366,0,0,8,32,81.71652442156157,0
53.70287545110946,11.469191871167759,1050,0.5316659448181,110,0,0,4,15,70.50946021008724,0
37.13057847882741,8.152232125096052,1021,0.27934682790105203,1377,0,0,4,18,74.91244594616124,0
9.274473804741952,19.618743612166877,1095,0.28238168590799806,1531,0,0,1,21,113.59490868560358,0
81.41953119864345,19.156099262828285,1028,0.48272258804798757,691,0,0,3,11,40.138742505446494,0
-11.49823835732434,20.07470151023071,1065,0.5827958304246439,1856,1,0,9,16,47.8392894540488,0
8.539472939226869,1.1738838066836887,1052,0.43451465594923633,702,0,0,6,22,11.983114615191177,0
24.8923788861116,9.133587190733191,1058,0.36585948290212156,975,0,0,5,22,55.465351902385805,0
37.69911765383267,2.88783977754084,1029,0.5527819043753422,1513,0,0,7,21,127.54774516303932,0
42.35159088789232,7.926888299810646,1060,0.4552219836669384,274,0,0,1,17,67.08739133064961,0
229.3832249262989,1.4943815373781373,1064,1.0953624603376226,625,1,1,8,5,196.06422131405546,1
21.80360641017934,21.16770217838711,1063,0.5181990325618241,546,0,0,7,19,55.55033899299424,0
-8.062898791414185,3.0856383504712532,1058,0.8517967370993584,1953,0,0,8,24,101.56815512661854,0
62.39442427857867,16.470882302809024,1054,0.4278828397178525,1908,0,0,9,24,64.42750662685273,0
55.733727015091766,19.779585724797393,1071,0.5198316582547837,904,0,0,1,15,74.71283710190971,0
53.69614420353457,11.743939958981663,1050,0.4545006588352383,485,0,0,1,21,50.172407411254156,0
38.73099017847979,7.967601469038922,1043,0.4961313850576252,1617,0,0,2,17,60.010944786194486,0
67.32090575319984,9.84215239826767,1067,0.511084622790886,1707,0,0,1,28,89.20259928959351,0
79.88354644733387,20.27533600886401,1003,0.5415317945799825,1508,0,0,8,21,61.62571855548433,0
41.137957695829115,13.511556108366378,1045,0.5292824169926137,604,0,0,3,17,33.497852708614,0
76.81093068167333,17.65674012735009,1082,0.5233959440642525,576,0,0,7,22,72.40184220571271,0
64.68123683683754,21.816982591541663,1073,0.7500617387964293,409,0,1,5,27,47.06501515844961,0
3.7159034527130075,15.650735486969957,1078,0.5010388002144566,878,0,0,8,33,-24.27823630879432,0
72.6969402473942,3.769413218379329,1052,0.43321998611050044,467,1,0,3,20,68.07139334105226,0
51.05790655915186,2.014839875994812,1057,0.5630931279412197,165,0,0,5,19,43.456170380572296,0
53.21623886120401,3.9426375816541768,1006,0.4004359139088364,819,0,0,6,24,12.329198066868642,0
55.29452550988859,6.708669249883655,1070,0.2847267379255298,1684,0,0,9,26,109.55596394012306,0
2.492348306372598,4.007469173496251,1039,0.4750627785807487,319,0,0,8,19,81.22303838426701,0
17.74690855649733,9.016818586130007,1032,0.5428478643916024,1422,0,0,1,27,66.48748659417126,0
59.72499057465326,11.710749822169557,1071,0.490546704792286,274,0,0,2,14,86.72334322873908,0
50.46737142744403,20.41087002681097,1070,0.5754548724781978,164,0,0,8,20,90.94315639153453,0
46.54670918230283,22.38280841208801,1018,0.46652244665848475,1298,0,0,8,20,34.217617501215216,0
54.09605993248212,11.72011545588765,1003,0.5456585615667053,236,0,0,5,20,51.231578320997635,0
48.82513653671722,9.795951957637318,1012,0.38342570842678364,1465,0,0,6,14,19.673684144155573,0
33.464428510143996,4.438688093081568,1042,0.39962742021568265,687,0,0,3,25,37.46839911546263,0
36.86788032787026,6.654980550442162,1025,0.5042071409944711,743,0,0,1,26,78.28984777062558,0
76.16961910162034,13.409361797101258,1039,0.45023328092295517,1348,0,0,4,17,92.85255098359349,0
71.34844634266669,7.214186946742041,1028,0.4394548713955706,1195,1,0,7,12,-5.571876624196619,0
89.51345202019596,4.485887154973822,1030,0.44655905605466917,431,0,0,3,17,73.5271245386566,0
38.923783986576616,13.813851016762086,1022,0.3921255586966881,984,0,0,6,21,79.38773164702725,0
29.955677433830182,4.600782507879226,1034,0.48017898315967167,630,0,0,8,20,67.1633675594017,0
51.130897193717686,6.074025677314245,1090,0.6035146646495175,937,0,0,9,18,87.28835200480383,0
64.40190853712312,16.69494726859794,1059,0.5903530253752243,974,0,0,7,25,61.02554316123684,0
37.6844455181081,17.614241367179673,1016,0.3167511817650747,36,1,0,3,27,104.00783557822353,0
46.128976546106486,11.524162604630149,1093,0.3954682584181658,1179,1,0,5,13,50.70505773213265,0
54.14235225252641,13.17101549687723,1093,0.4823077079341208,1039,0,1,6,23,24.446844131194474,0
59.134766050404345,7.557065422025994,1088,0.611678106687898,670,0,0,7,26,79.44767951578314,0
57.51884696309906,17.034414814597284,1030,0.5985851546457993,482,0,0,3,16,38.242465639307326,0
62.20542905419349,14.042935801371705,1052,0.3253131014715022,1531,0,0,5,23,68.12176931783331,0
58.07158079047122,14.334983989468947,1090,0.37774337584190343,1658,0,0,5,25,101.5379652180228,0
38.24725552868534,13.504848128905623,1041,0.5254995470502067,668,0,0,4,32,63.536963439411345,0
-3.287056986949601,21.10951770270675,1085,0.29121497968851184,636,0,0,1,16,84.56511452814922,0
92.04501039656475,16.119973195288683,1040,0.5247338545877667,367,0,0,8,24,79.54396804607701,0
20.554740468561473,22.461734047675584,1084,0.5945883308955223,118,0,0,4,26,94.51863851165803,0
8.568661905386755,3.8430777644313654,1025,0.47219443830342867,788,0,0,5,30,48.52584223201843,0
38.46629363068725,22.099358088187493,1068,0.6505336756525147,1753,0,0,4,14,38.52909240251021,0
20.75580272231474,9.719928933046745,1092,0.4802225567613699,608,0,0,5,17,49.207783283437585,0
69.15175776825149,23.57873656912979,1002,0.34887275223334335,1809,0,0,6,19,86.10943485027184,0
101.77081378444312,1.515580845764723,1061,0.5595784250642931,532,0,0,9,17,90.97759784507076,0
56.01378894241187,0.8935488420550026,1096,0.6090966343852191,1247,0,0,5,24,110.66869343437168,0
1.4848432986336633,12.99189262247529,1045,0.4934112053293771,666,0,0,4,25,82.75065926899943,0
119.1783975790322,7.911515921945396,1042,0.4596018177003078,558,0,0,6,25,36.810322360360786,0
21.05320099440847,7.440000269077082,1027,0.4473639662604668,1848,0,0,4,18,78.1170360537107,0
60.2176764920149,8.618638631222332,1052,0.5337149384507767,1659,0,0,5,25,46.05520699337063,0
97.05556956417662,4.567709355744423,1000,0.47419458953372134,1418,0,0,5,20,47.523059458915604,0
50.428192035093026,20.200205022515732,1003,0.4602940562885199,1806,0,0,3,24,75.86094930712176,0
89.10523795804278,1.0986321462894146,1006,0.591205524274352,1576,0,0,9,20,47.060389764666425,0
60.05951769191923,22.659621821587614,1078,0.3661142321669477,1484,0,0,4,18,50.51888460569849,0
224.56154399377817,7.655022862880997,1012,0.9914674547736397,727,0,1,5,5,200.16769457452628,1
226.83589037167854,9.90361363892901,1081,0.8592666938394817,183,1,1,6,3,146.7541271596638,1
57.34871279516012,17.019287797426212,1017,0.6099462865929216,1515,0,0,3,19,63.179533008446356,0
31.828552309899848,6.515055912503782,1028,0.5614272600319387,1311,0,0,6,6,16.22789156907517,0
75.66666977062135,3.1305469088003157,1062,0.5141652779742071,95,0,0,8,21,31.472721994053106,0
56.72704233605875,12.534947359468127,1040,0.5296409658567647,87,0,0,6,28,47.64867235635566,0
54.29918915000011,14.995198129745958,1064,0.5286887444546183,1692,0,0,6,15,72.34993811356307,0
3.9487925740292127,23.998195843996236,1013,0.4710376722852593,1945,0,0,2,18,48.532071280502905,0
38.25054297734627,11.107935772771388,1065,0.43535606367804575,904,0,0,8,22,49.28024404616801,0
59.99691604970065,4.27238273331663,1037,0.45336411912565405,103,0,0,1,25,86.1647376481119,0
-0.655155642055,9.243001702061333,1005,0.43644260673289526,120,0,0,5,13,73.76265376965618,0
-0.7201488281935582,12.348051956570208,1047,0.4049034166927501,1131,0,0,9,24,62.614972622922544,0
111.84510729909194,4.1550105399637385,1095,0.473220485656265,308,0,0,8,24,65.09825675715037,0
144.1324560097998,14.066888371331926,1004,0.578724493640617,33,0,0,5,20,66.76483264559492,0
51.33708832667815,21.49141453805745,1083,0.4304873326021096,635,0,0,2,19,-4.661026951727536,0
69.52897036338325,12.859119508486659,1063,0.535361585598778,659,0,0,1,9,51.04810878391246,0
121.0786190243449,5.0890406926310305,1068,0.43484574058211783,811,0,0,8,18,23.478504246431505,0
50.26573111006686,10.529077173211212,1021,0.5495642675026987,212,0,0,3,22,86.00899331363833,0
-34.96466794331707,3.783264859991534,1047,0.45218882941063987,112,0,0,6,18,42.672552706943314,0
21.361456941498197,17.694472395016906,1036,0.4374915183241658,192,0,0,4,13,103.55792700375954,0
22.773090138752064,1.3587593552333619,1012,0.4660071038181376,554,0,0,4,14,75.68086960705008,0
51.80257983845491,8.383848863421868,1052,0.6838811662066082,1070,0,0,9,20,65.35936800024355,0
38.344376744509724,8.613911783952735,1058,0.44844984114712777,1171,0,0,2,19,33.61906836610332,0
90.92421289921532,14.451703347034902,1059,0.6006097882231229,89,1,0,3,19,68.5480145919137,0
88.64227174557132,12.979489699153813,1075,0.49469150719300353,1220,0,0,1,26,83.67438310070273,0
3.572906175910667,13.872962679091206,1032,0.5171894660901947,1036,0,0,5,23,41.15278903019267,0
19.20454101766819,10.470944623048663,1026,0.43532392985469326,599,0,0,1,17,79.77925676150983,0
43.118530044335984,7.718014568699162,1086,0.3998822311612356,635,0,0,2,20,42.61844953016846,0
57.685118170828346,17.3968921371376,1098,0.570776645662195,1448,0,0,7,16,53.61709125646842,0
3.3025430402074676,5.423682375875819,1012,0.37433508342060584,77,0,0,9,16,58.419238948720036,0
99.51718889698543,12.991231590151724,1041,0.48245817911471656,694,0,0,6,14,15.778782703336525,0
48.95175498624101,18.67063926785822,1057,0.4813496261792364,1119,0,0,3,26,60.0785792936285,0
38.99526764555937,17.260126148211004,1055,0.539297976117182,1384,0,0,3,20,101.98598051652289,0
99.34903140503852,21.294984042655905,1074,0.5683797087686282,953,0,0,6,18,71.94507962916913,0
-1.276791976077881,16.804481304286366,1006,0.6895209126881043,422,0,0,6,22,121.0225303116311,0
67.76341700854755,21.04495304385174,1080,0.5741297044069535,326,0,0,8,21,16.097785300020135,0
34.439998411363696,0.9115733030446851,1054,0.6563320198262992,323,0,0,9,18,70.83138373658906,0
15.979394421951255,19.172411044815227,1063,0.5104758684637359,1098,0,0,4,15,57.476662360235714,0
9.841826008302533,1.8458553296480318,1028,0.3311556010586666,1457,0,0,9,11,68.53461759019517,0
112.47980966329393,19.40981349650687,1070,0.6168532983719232,271,0,0,7,27,91.18302456784298,0
5.029521186247962,13.032300240344295,1042,0.626106286519449,1487,0,0,7,18,63.93776447574715,0
12.826787730382975,11.238925624148829,1082,0.6087351410916482,961,1,0,2,13,56.928918748237486,0
79.28122158067839,11.787676183450811,1041,0.6745303523420981,1085,0,0,1,17,35.03251578510071,0
33.286082822833066,5.432118682499664,1050,0.7116064881778122,561,0,0,4,24,73.11179127211985,0
99.99989777682569,8.32423930957137,1025,0.5960431986334389,1305,0,0,3,23,38.28210011673653,0
73.5076899439582,20.580137758974146,1068,0.35374528155202545,599,0,0,7,20,46.463109797888706,0
34.543448185752716,5.910377375538857,1053,0.49278361373893836,1863,0,0,5,21,62.75505428503956,0
94.61738466007782,0.8206907981085321,1020,0.5368864921408536,306,1,0,6,20,78.23420339932383,0
76.0746819316782,22.719329453158863,1074,0.5670328008148049,140,0,0,5,17,66.88797185527193,0
120.36872485689322,9.86775931092736,1016,0.3798055414023639,670,0,0,4,11,65.92074253253138,0
23.45591857919297,18.29210653160827,1048,0.38023406292631295,618,0,0,2,31,53.34072375175322,0
-2.663136919321296,12.944989411776664,1073,0.4834478194316503,120,0,0,3,17,72.85665303626087,0
22.70930634774997,22.71499427017319,1044,0.2311850219776561,626,0,0,5,13,42.66246607387892,0
189.63622060325918,7.350561028809394,1018,0.852702610666739,1902,0,0,8,6,174.62753061791838,1
39.9854153073197,21.28637751161213,1024,0.5568364987786982,438,0,0,2,28,46.784528075488616,0
90.80347700540939,14.620197105111796,1021,0.5363035373685657,765,0,0,9,20,71.56193742536152,0
31.749477059619874,23.717931736565887,1062,0.48817198969615366,100,0,0,9,16,25.173843401144993,0
85.1198488795298,7.76513659911962,1085,0.44494189152726477,562,0,0,2,20,72.32329978459558,0
70.14020229351397,3.7561895779309555,1025,0.5081898666338587,1744,0,0,6,16,54.952240569471215,0
49.068232013872944,15.0119240908009,1076,0.5271592642747255,1450,0,0,9,21,79.03692951024877,0
14.100032231468127,19.282165658355908,1050,0.410774369975997,1251,0,0,5,24,35.994142221807245,0
61.97952805157392,4.177539297775402,1063,0.6004960502600271,939,0,0,8,22,59.11575131753254,0
53.13067812569639,9.364703213997657,1043,0.6004588952332509,824,0,0,6,17,73.64686152606866,0
44.93534830429968,11.34496556727094,1026,0.4144749939310072,160,0,0,5,12,-6.796061803744436,0
65.68506464106498,5.451032774204775,1097,0.45990972620237713,86,0,0,1,21,-5.580441435401866,0
68.1802985403692,4.85948553939312,1037,0.5415031094870318,1527,0,0,9,15,70.72910388120523,0
86.19824464591746,7.143948142303542,1073,0.7499538383297096,952,0,0,8,28,51.67501168631705,0
29.955708550166996,15.49657604278892,1004,0.4441759547103521,535,0,0,7,22,43.09862016723699,0
106.93661877976118,18.049064085183048,1025,0.4999675303922361,311,0,0,4,15,67.5035858147627,0
95.84994690458737,7.574372046853789,1016,0.537819169781509,974,0,0,1,20,-1.3847774169109428,0
69.36452543423226,12.237421817540923,1044,0.4810971908888454,1447,0,0,6,19,76.31683020582858,0
32.261456335943166,13.533410707902387,1099,0.6031292022041912,1381,0,0,8,15,51.070853279197614,0
66.59120257557075,16.52182407493698,1047,0.381574117397225,881,0,0,4,30,77.17007959808949,0
40.30772771968927,16.060896118938373,1028,0.49783437379254714,471,0,0,6,18,61.50080825468634,0
81.12619832773697,9.942644342157182,1032,0.6415322664020109,1714,0,0,9,18,76.85719939275057,0
42.28099998146631,12.994305463319922,1070,0.41926817148213336,609,0,0,7,19,58.681722219104266,0
61.521963468179216,12.514129016359774,1017,0.5237935981722033,1276,0,0,9,21,54.242545468578655,0
23.07021844174838,18.850680740453747,1063,0.5475254990039145,612,0,0,7,16,49.47312135625076,0
46.59558062353577,11.538754030778719,1011,0.4965111333154408,279,0,0,6,22,71.91926597722635,0
25.934017758944623,16.36035816269801,1048,0.5129394849883607,509,0,0,1,18,32.01722613460468,0
36.097469215626134,6.050367829495198,1071,0.41593534272720767,1058,0,0,1,8,36.83482384636083,0
-4.934346350150506,18.684343076461374,1088,0.6444327546049958,183,0,0,3,18,61.37676979635763,0
74.03545291964548,14.57829026210762,1080,0.546930276131613,779,0,0,6,18,2.734315173588044,0
62.72200584555354,21.781816895118393,1093,0.5537022677010284,951,0,0,3,35,75.8194516442206,0
45.49038619184384,23.88437089499853,1043,0.5453846893952133,1439,0,0,7,16,80.5126343569197,0
40.17013560206695,23.672539092137786,1098,0.4433505833695802,169,0,0,2,26,51.530190580750414,0
13.620286021300586,18.39881913910355,1009,0.3295701049800067,365,0,0,5,14,84.99276611990372,0
11.629077913406412,10.085583187235041,1057,0.5388101523600936,1533,0,0,7,20,25.27295561166447,0
67.73408353771798,18.867130139092364,1032,0.5898650395758158,1802,0,0,6,31,51.463540167795664,0
142.3058111054151,13.46516964880089,1004,0.34595148343101656,987,0,0,4,23,84.93008216925749,0
8.136544857347843,13.639322510276084,1029,0.20060937423236913,1504,0,0,1,16,43.36387904194996,0
48.910081758729746,19.434816641719532,1077,0.4122158892775062,1246,0,0,6,19,96.04018442688431,0
32.31905729167366,1.735453794546995,1082,0.3045523295131264,210,0,0,4,16,102.72932500567994,0
67.53572155512305,6.694447407304504,1057,0.48595832802524225,124,0,0,1,22,51.837913773329056,0
99.96809641059582,16.284716290486617,1040,0.5123149497521909,1168,0,0,5,20,44.63104348893124,0
-2.2831592164312298,1.4892252632503862,1062,0.5627496568087658,1823,0,0,4,24,105.86090597672174,0
34.21256430447737,23.841357089737635,1063,0.6450519215687044,1614,1,0,2,14,99.8232098754743,0
4.804242258826541,7.140709281491734,1055,0.39925384185469104,552,0,0,3,28,62.666451868923794,0
43.489488487268886,10.359642302255065,1043,0.5333592155255978,659,0,0,2,28,21.245640439976455,0
24.702602140514248,15.055787268556113,1054,0.4489058424329413,771,0,0,2,18,94.77419160210593,0
21.531415166939656,7.100427965089059,1054,0.5423092640408074,1268,0,0,2,16,68.44442896197454,0
43.72334378766416,15.594977460302992,1093,0.44913801414407645,982,0,0,2,28,61.85548081603906,0
8.611455056332083,0.6969307838345866,1007,0.44320238340429485,1284,0,0,8,17,62.95573919911041,0
61.630396370985395,3.9608959324820017,1036,0.3970774476758223,1817,0,0,8,22,37.28229237640355,0
7.200523675689581,16.350684727555198,1051,0.6434002182662626,1803,0,0,6,24,55.9988623573513,0
59.48467871548335,3.529677709208242,1084,0.651284672502808,324,0,0,1,17,39.877360766780825,0
39.00974968586727,6.14389489263785,1085,0.4136942462714177,431,0,0,5,15,37.81544475676404,0
50.56457149221795,7.538170925605873,1046,0.49854574980969313,1628,0,0,5,20,66.6038772960155,0
108.355852228308,16.449758952967706,1037,0.3821474132179663,75,0,0,2,20,43.90630832966665,0
110.70818657688918,2.1363869936135087,1091,0.5596765672202215,318,0,0,3,14,68.43475191731923,0
35.15103558895781,12.504052150760566,1076,0.5438487616631804,1583,0,0,2,32,50.49393890660092,0
44.13828946468928,11.130898938128475,1083,0.5232395808161526,108,0,0,5,27,57.88844580948628,0
28.044280747523423,4.697121958278365,1093,0.4618347539474279,715,0,0,4,14,28.53592177806645,0
82.50749309329987,18.871054292200757,1069,0.4445188947839108,988,0,0,5,14,62.20033862034608,0
23.06509800723112,11.500064337490603,1086,0.5219362006076828,288,0,0,2,26,61.937530741916916,0
-16.579011182426058,4.826003721745103,1014,0.6496211356082271,145,0,0,2,24,94.01493389155524,0
35.94511659919053,18.249297172332085,1072,0.515806083750469,1556,0,0,9,16,33.66064018857989,0
35.00809471545108,1.6241648797916008,1077,0.5953461513432293,857,0,0,3,18,66.26091631404968,0
91.04282710444694,10.244193824855474,1049,0.49851331586856207,1499,0,0,2,21,36.77939127946938,0
-16.158831182677176,19.147543741273438,1063,0.47775467005457417,703,0,0,9,25,58.16026189972739,0
72.98728925121529,15.883718351738569,1074,0.37256701324810004,797,0,0,9,22,46.34444790896908,0
56.94822422504276,23.94982372296687,1075,0.32127751523082265,1672,0,0,7,24,82.02946799672186,0
43.95740299769079,15.054639374316341,1037,0.5086006313058274,636,0,0,4,22,58.90641846083164,0
-28.094112634818956,3.134975204863003,1022,0.40442161503551766,1543,0,0,6,19,80.50436236335013,0
61.79953518183116,17.085689818591323,1062,0.5268720790971958,1113,0,0,9,20,54.80043669877512,0
28.771223155339218,20.97377373084401,1094,0.4860387178796069,1922,0,0,1,10,48.88665265352948,0
44.3242945617476,12.216110917489436,1070,0.48934947508174687,306,0,0,1,22,69.84168820937983,0
29.69014584624406,2.6039602816905223,1020,0.49637465637290146,1995,0,0,7,16,35.168371357929374,0
256.9149187728814,18.203370454346828,1074,1.0818546538208216,1237,1,1,5,4,172.17607953310292,1
51.30544005930398,1.1363994558441464,1009,0.48450715933067895,930,0,0,4,25,12.4112298270366,0
11.649421135930268,16.348250305692662,1005,0.7143947814265695,1631,0,0,2,25,89.41793574529844,0
134.4396333341766,13.61854203034735,1077,0.47018176875860573,1429,0,0,6,15,30.482685979476216,0
51.29122612551163,10.372014124175662,1018,0.4456377071491035,151,0,0,7,26,65.91747796014764,0
15.569258305529978,9.639484253089005,1041,0.48270964846809306,1210,0,0,2,22,79.85842733697156,0
1.2336789931381702,16.526388496211887,1064,0.6069785424463389,300,0,0,6,21,83.65675073039222,0
43.9939623709889,15.025067291177198,1086,0.5573793963121508,1737,0,0,7,13,38.84145791859079,0
44.67524348677151,5.08527694679898,1068,0.5090968242225618,1384,0,0,7,16,54.405262915661616,0
34.318309384428815,2.518540327870787,1065,0.44779926520119245,221,0,0,5,15,19.045360833401226,0
11.898167338639041,17.881924107893234,1099,0.6544753033237896,1369,0,0,4,13,17.722840912095535,0
75.52158183381941,13.3373488589974,1002,0.3564470513451253,1156,0,0,5,23,67.40098717118907,0
59.836385724780726,18.259944720466812,1040,0.6218820958207043,1992,0,0,1,18,34.403142576594284,0
-7.23422673632173,22.44106071337753,1026,0.38705428610205084,1294,0,0,8,20,19.63352652304448,0
51.011571647031595,6.972077932766858,1043,0.5713322632233664,139,0,1,4,22,44.899073643256635,0
31.454748736994933,13.236821991512656,1095,0.5222211507788982,715,0,0,7,20,57.25322914329962,0
68.092840548465,1.1147716148582774,1076,0.5106189946833323,916,0,0,6,17,53.05968246397714,0
52.32441555556588,8.536497357464985,1040,0.6990661144817714,1649,0,0,6,26,44.64727360763858,0
56.28602690788383,14.835654966229376,1062,0.6324765972594141,900,0,0,9,23,4.828625800554136,0
37.90772032804908,13.572765046177382,1049,0.5715554052766303,1554,0,0,6,20,110.86533900803312,0
26.595683558366847,22.08800548013442,1005,0.5461160569774695,1557,0,0,2,14,101.35045043039233,0
50.86326692242996,22.27622253758964,1058,0.6160357746809222,653,0,0,3,27,40.39522859195181,0
67.45170094911518,4.585259675027681,1052,0.5603760144064641,1318,0,0,5,15,55.46535835678532,0
50.263509646944435,9.748128309875664,1019,0.5178819669078841,311,0,0,3,19,41.070684760609595,0
50.656664634945045,9.22487221762431,1062,0.5438134540008416,1389,0,0,8,23,45.470700246048516,0
64.58929980050665,14.146637294501977,1026,0.3799541825533622,1884,0,0,4,23,70.56749939649717,0
46.86971621039324,6.839238661855478,1095,0.5005633188382148,1544,0,0,3,13,118.29666272628688,0
68.11371560833683,0.7145257777711675,1085,0.47929593922523545,380,0,0,5,22,81.1921532579658,0
31.714633935221507,15.76373535634104,1039,0.511845239860866,1466,0,0,1,19,73.13692283788663,0
7.257030388355318,2.7824042557801523,1032,0.41044034762155374,497,0,0,3,15,82.65789836226028,0
81.50958656829066,4.20474850171587,1089,0.31958556378808056,993,0,0,2,20,28.952070759189738,0
51.028154426006665,8.838245717521932,1077,0.4053524856601448,548,0,0,9,18,30.405030620212493,0
97.95941511514151,0.5311986133948334,1074,0.48773571803486665,1926,0,0,7,21,55.19942042223553,0
24.183037885583392,20.419503995282934,1029,0.5280448292373566,423,0,0,6,25,69.36637871876101,0
90.66913576414854,4.820429185226792,1087,0.42752660575694923,38,0,0,5,19,90.362657043929,0
32.333995197839116,0.013300430046093936,1073,0.4233127207097095,161,0,0,1,16,18.655366691260028,0
3.2169266262132368,16.430305202791843,1067,0.6065690174891648,1112,1,0,2,18,13.96782096003178,0
104.94376297563062,23.07435149720009,1089,0.33803151815821864,751,0,0,6,18,17.47642432300391,0
85.20326829897334,10.705373415946582,1088,0.43746433100884474,1571,0,0,6,25,25.825895451260102,0
33.41921138649509,16.635172204646427,1026,0.678095261109311,686,0,0,7,21,45.44314118345204,0
31.155518007330723,20.867018468169704,1024,0.49317532201508507,589,0,0,7,13,69.59795235517518,0
-6.782865327701558,16.242396989751374,1067,0.6576210288167373,243,0,0,8,22,51.22811712004257,0
6.094551556036443,14.497730414377525,1057,0.36290126773978915,300,0,0,3,19,30.854837570084246,0
-13.655646970257834,17.946366651360773,1071,0.6213759770025585,75,0,0,3,26,46.988653871721894,0
38.26925999403271,19.98878429768407,1082,0.49425425989966304,479,0,0,3,18,49.46267385897859,0
63.08017325667739,22.110873880322576,1060,0.337896225076808,431,0,0,9,15,55.9089775182149,0
4.230310562897159,13.92525512857297,1011,0.6199140110608178,288,0,0,6,21,65.06226422236873,0
44.36818929260348,20.8184544557056,1051,0.4869646449055019,1922,0,0,4,20,24.00064079266911,0
50.71709129854867,23.636782568276224,1025,0.5187181415384167,930,0,0,3,19,77.67179438464979,0
19.708078858701874,3.582285527731349,1055,0.5316010585411717,1942,0,0,9,21,119.65576069043593,0
61.929125053288374,23.57016762058291,1090,0.47612183702476857,1771,0,0,5,22,88.08942921171288,0
10.218569417538852,19.422750344914398,1031,0.5375860124907097,1595,0,0,6,25,76.77457042996177,0
32.77697974149205,17.508091834305205,1069,0.4536879328994572,1517,0,0,8,31,53.38871556534742,0
38.84662965429535,7.912677280921242,1025,0.4250089568263067,559,1,0,9,13,80.31538482339965,0
49.6894313027679,20.36830955300536,1069,0.5033535624093052,641,0,0,4,20,68.16800051324196,0
41.60020094376561,9.919501473626646,1055,0.5476431654087442,218,0,0,2,25,40.02506852281467,0
72.82539962934433,14.004709172781919,1054,0.5397262061873959,1105,0,0,8,21,13.087570580051405,0
-8.481152659672695,12.895446216086652,1043,0.5227878977302621,1713,0,0,6,13,65.22800277438685,0
17.236363989542987,3.4420466936705987,1039,0.5839241687821651,75,0,0,5,15,81.9829308786065,0
179.8391795918678,18.602041863650378,1084,0.9790807453585945,1085,1,0,7,7,149.703857010519,1
44.78378539056241,21.11872182895508,1036,0.474877945796886,873,0,0,3,17,98.38070171307857,0
38.36900250774316,15.633608608822001,1081,0.4073424611698767,315,0,0,2,12,55.221984560123246,0
44.28490682006566,10.830427088910405,1081,0.3307202139480845,1421,0,0,6,21,27.559869764288507,0
76.61872511800226,22.09284554975106,1099,0.5343775727523885,1097,1,0,9,25,-3.414872641095684,0
1.4248083045240563,22.73011979406468,1059,0.40879384310902056,1177,0,0,1,19,99.47823013921433,0
18.463399106524918,18.118244079304674,1029,0.43219059945473703,211,0,0,5,16,63.874159337428445,0
68.66209970918146,12.324529845899605,1014,0.47870065545771573,1715,0,0,1,24,63.43478197660552,0
42.967765990510344,9.973428770959597,1040,0.5831581923243035,1653,0,0,6,15,71.501370372697,0
7.630888959941252,5.56724285178686,1014,0.5148591072347041,1290,0,0,2,12,54.96497169027977,0
61.5896995343468,17.982968653182006,1006,0.45922645215769137,1305,0,0,5,17,59.19437381998083,0
59.344725763933695,10.336165715578922,1031,0.6904460312060979,1209,0,0,1,19,25.96116057812941,0
60.771652804411005,1.5483026577128118,1071,0.24562884862392348,800,1,0,4,13,40.93165959278251,0
69.99883650370673,3.6272159963734527,1051,0.5036578091915541,1373,0,0,9,17,53.87081788930409,0
78.65807711621616,14.788297958568187,1007,0.6186627213767059,1024,0,0,4,14,60.07107682620868,0
58.15050753500092,13.137149603266444,1074,0.5241790836387626,1346,0,0,7,23,62.11566217632495,0
23.16178093341488,0.5919285191522592,1001,0.5034498799067281,1585,0,0,7,22,146.51433482413827,0
55.86209663849961,2.557509209785241,1090,0.5805026453275772,1479,0,0,4,19,74.80556059479989,0
51.02457252464074,9.19120826554352,1057,0.4317340146247617,101,0,0,5,19,41.32032369901389,0
57.17740592333449,10.164578215224543,1002,0.3054950270332607,1295,0,0,5,22,43.639703330051915,0
85.89894459936954,13.270725445869417,1034,0.3792401455014823,672,0,0,1,17,111.76014643538431,0
44.30919519642777,10.154531550631916,1052,0.5292872912235941,325,0,0,8,30,78.71343053115679,0
70.98392740687106,6.506682286450311,1010,0.7789177448287268,922,0,0,2,13,79.62323196769522,0
11.01256289217207,10.848198911689948,1062,0.3674055155970398,487,0,0,4,25,74.07015930534612,0
45.4983323890242,5.442469280418397,1008,0.6479309436088476,689,0,0,8,18,34.982308599101,0
65.03282509819536,0.7301355454388219,1037,0.4941468902686922,1250,0,0,8,25,58.98648114375138,0
106.96204944065715,12.110992390360742,1079,0.5654702138042865,854,1,0,7,10,18.663775628098712,0
8.784955253040195,23.530773567273425,1042,0.4339739989999969,1672,0,0,7,23,13.5523812596686,0
30.169248361175175,6.457225321931656,1049,0.4863802236014016,653,0,0,8,14,36.323404795909354,0
57.91266754467728,0.31260672751018515,1016,0.59140990291966,838,0,0,3,16,82.96732905996764,0
41.780207545120874,4.338622916177444,1042,0.556264109172995,176,0,0,1,16,60.543472836343035,0
48.87288065061556,19.313689554406572,1033,0.45368517295190813,1938,0,0,4,24,42.77258673388074,0
49.24919123764568,17.376211011877295,1008,0.3887875056772661,367,0,1,4,22,64.03433415822617,0
17.339197685709735,5.841198702254613,1025,0.5377864313141123,1274,0,0,5,26,46.33859421382175,0
17.093747618480414,13.005142890544345,1095,0.4684972009044661,30,0,0,2,19,47.751481837806196,0
60.38351986393168,19.89501641305616,1037,0.2504741236979681,1241,0,0,7,16,73.7664581940655,0
26.28576633664064,10.224019452057828,1067,0.37921757072241546,625,0,0,2,22,87.67131241589053,0
82.729412755579,6.55990999499191,1007,0.6067113331976923,1951,0,0,8,18,105.68905697980045,0
64.63616854613223,21.329658945279007,1066,0.41137681342538973,941,0,0,6,23,36.346369351390685,0
7.0750639512598426,14.594428484450201,1046,0.6083853845098758,1486,0,0,5,15,47.54187739712553,0
76.50820357982506,4.443517001746837,1025,0.5470321812825006,567,0,0,8,21,77.57990552169063,0
69.56968635240258,3.730855011754975,1052,0.4477656036606812,806,0,0,9,24,107.33519427539325,0
56.1522601770389,5.409650754451206,1019,0.41195901490178155,723,0,0,1,18,50.75224671105498,0
187.41650159477757,19.33196385166159,1014,1.0232619161453638,402,0,0,3,5,201.70468992374958,1
69.9763347111917,12.440598391246407,1064,0.4174876305068784,953,0,0,1,16,53.78622002914896,0
50.782731506325014,4.526374350518208,1096,0.3251119763004947,1481,0,0,5,14,58.720522380267035,0
70.5878057112354,3.974881425844112,1015,0.4615284283415684,1186,0,0,6,18,41.0826578752997,0
23.100733180543756,4.7009324418992975,1029,0.5730849031244959,1598,0,0,8,29,59.614280141517085,0
34.66352970706444,12.439562764860534,1079,0.5424412313821598,1774,1,0,9,23,91.02952335994553,0
65.28540691789058,1.518096740983017,1096,0.603803900411312,1417,0,0,8,32,116.85493132322767,0
39.247892734613345,13.789877916733706,1032,0.5741047761177873,103,0,0,9,21,54.272197598038915,0
49.82135872361812,10.521823976622471,1096,0.36453685278137027,138,0,0,8,24,43.092520709303365,0
18.915692840744097,17.970559723723387,1000,0.8477822554283472,1525,0,0,8,24,60.82269469318357,0
3.155203326744221,14.13744368460699,1045,0.5305025608463827,1810,0,0,8,23,58.52962833106346,0
25.31432295444703,5.5282597351707485,1013,0.48104390051986246,1473,0,0,9,20,9.474350017745394,0
65.05700701102016,7.294168406718393,1093,0.39702394541284264,1259,0,0,3,21,66.66211220784777,0
54.22658740733612,23.116863383313998,1073,0.42272957389046095,386,0,0,8,18,63.362748442287334,0
79.75778929660864,4.114395388276519,1087,0.4738190934099203,341,0,0,1,22,29.230742764229497,0
45.20184410109719,22.186322202822296,1051,0.5709901406571328,1601,0,0,4,21,72.06932091546916,0
59.11455786814627,0.18552641616837562,1042,0.5979005431039808,537,0,0,8,22,15.941818350197927,0
48.32443452041567,20.013800974188463,1097,0.6904388982886325,723,0,0,6,14,41.54223289887575,0
68.47901018140514,11.447229386302668,1083,0.5804731385792778,920,0,0,2,26,76.02531145189513,0
60.0790452032173,2.1624787132134795,1026,0.4659041965585626,812,0,0,1,21,55.66724309531086,0
75.57300004388672,15.720592713722159,1063,0.38215968629654407,445,0,0,6,16,26.60802799986672,0
24.167362694792885,11.89587225684212,1065,0.33176730704807506,1989,0,0,7,18,63.01968340709472,0
55.78968925318789,11.546976560873158,1073,0.5044344308714757,1212,0,0,4,20,62.89489973529751,0
103.26472547720145,6.82960104191644,1081,0.47054718298575915,805,0,0,8,23,77.63844106497356,0
94.7900931332961,7.94342566649931,1042,0.5942248797380218,703,0,0,6,17,50.649739023171804,0
12.74718273555127,16.474077455943405,1076,0.6920323262218817,232,0,0,8,18,67.45007568021116,0
-6.9901084257664365,17.89914488204938,1078,0.46900926596864334,698,0,0,7,21,37.83642693144951,0
23.110020242238146,7.119772226833461,1067,0.7159143926078434,149,0,0,9,20,68.86970334136865,0
49.640079661168286,18.316556897267873,1092,0.5584368868890636,104,1,0,3,22,24.497655813381357,0
36.876250990297684,20.115579969032567,1068,0.5472930745958239,1704,0,0,3,19,70.57595115887433,0
40.389580754170396,21.909503527349617,1043,0.4439971525642741,1776,0,0,2,19,16.915583383629098,0
24.083511182307017,11.131721250423915,1017,0.5662888682879359,828,0,0,1,19,58.02430058884559,0
-1.875486685102608,20.01616591376126,1007,0.5806885179059948,920,0,0,7,22,58.876831433587355,0
40.43755054261601,8.404846207511241,1019,0.5154186130389645,660,0,0,1,24,70.26353781908486,0
46.60524516631748,16.552180826468234,1061,0.4625235973726266,311,0,1,6,31,82.56909256651107,0
45.81231115534479,6.769016514952106,1078,0.4985288040102801,517,0,0,7,22,46.85671914504128,0
59.60649733846487,18.476592136293444,1034,0.37877338464161525,734,0,0,9,17,73.65897197642569,0
25.41839508503628,15.951825924938367,1002,0.4713829299716845,452,0,0,4,22,74.70930004546616,0
30.93770359313789,17.164126862629935,1094,0.7168676557635322,681,0,0,4,21,82.7179116986408,0
34.723599122025966,13.240309530063348,1024,0.642026026298201,1606,0,0,5,21,42.5852818468552,0
62.53042256718202,12.54786065546229,1049,0.5286968844072324,1858,0,0,9,18,53.17082314729888,0
36.580343130237466,15.68236618018469,1064,0.5404809326011,1089,0,0,6,19,41.18385851627025,0
47.567986836937486,17.196652229313713,1065,0.361322975324433,447,0,0,7,25,63.316474450752004,0
20.19923901254148,7.797278555549249,1038,0.3852826771308055,1388,0,0,4,20,28.376779407938574,0
26.48739436626715,13.116041133549192,1049,0.4170809498307415,360,0,0,6,11,95.63021997293936,0
23.39957233149628,19.991945813746028,1093,0.662251799193676,1116,0,0,9,32,24.24186688061362,0
75.81420465079236,1.7345282941256865,1083,0.5746862096619996,939,0,0,3,23,-32.06957802655265,0
106.67836386511988,13.833712642449402,1092,0.41146352637362527,955,0,0,5,17,34.51513249869855,0
59.92601085219054,8.561551874695331,1025,0.3482541807406513,1320,0,0,8,25,54.50264146618107,0
42.50318792563861,7.094744645060303,1084,0.6179819800365105,707,0,0,4,16,51.369179246395746,0
39.106500165333,7.249172771744164,1038,0.43867508515495146,694,0,0,8,18,95.44424014244248,0
42.895441797799734,16.28041510692048,1012,0.6371632981528401,1074,0,0,7,15,77.87702865393014,0
49.03158166851589,3.820020827515547,1083,0.5896271729797291,1025,0,0,1,11,69.76051637618039,0
-16.55709897853299,23.60196276639427,1047,0.560950448053301,1270,0,0,9,16,94.4424043042203,0
78.31146517268132,22.572737200367165,1073,0.49628131260978947,76,0,0,6,26,45.160719914169654,0
35.50440613101878,23.773565106161634,1019,0.5809977671965479,1674,0,0,9,12,84.0074327069289,0
27.208906475591387,1.349029388789332,1054,0.3622444792828429,1651,0,0,2,21,70.64094385093074,0
82.1109548068979,15.35394508890431,1007,0.4754090688898367,1695,0,0,4,22,48.03961305694711,0
67.25615048319699,0.6006024375327987,1098,0.4414710631016072,1818,0,0,1,24,78.95864089406449,0
78.73981824440057,8.507749218780717,1013,0.4456603320946515,956,0,0,2,21,57.84834442561517,0
101.80891553700215,22.12429198914684,1006,0.5780003662426167,154,0,0,2,23,58.68278881810394,0
9.20431577060242,4.3846755050731865,1024,0.7588329310332875,1598,0,1,6,19,62.55472345253543,0
57.92764290822017,21.61876800452221,1039,0.4696018352516314,1276,0,0,6,16,80.25030587024747,0
24.50837235566911,7.346495043782805,1025,0.49277139198583914,1381,0,1,8,23,93.97703336639435,0
55.3886681789577,1.8346562148067793,1014,0.5774820747649327,402,0,0,3,15,83.02982724066356,0
43.82421707358979,5.96518345802831,1032,0.4595933397435187,1529,0,0,3,21,33.137741882699345,0
2.475921709835305,2.34399163502695,1011,0.5417419978246975,1797,0,0,6,17,27.398881795025737,0
64.11448988387319,20.695020709301076,1082,0.42958731378065257,447,1,0,7,22,85.96638486881028,0
72.22473036260378,20.81769871738962,1078,0.5722872117767303,1086,1,0,4,13,66.59397742540526,0
72.2737674077786,21.350433482985473,1040,0.5254903367073568,161,0,0,9,21,23.91658440387063,0
22.208566100553846,17.175341665607025,1071,0.5771648522929536,643,0,0,5,24,92.78945911876119,0
18.340275242226213,6.9341239635803245,1078,0.4707492060937471,1195,0,0,7,15,38.533913474127644,0
47.258013274726565,6.644892407163759,1065,0.41540508719979874,578,0,0,2,19,26.901890701545447,0
85.57112463988992,11.77102860377971,1047,0.6859561189381052,125,0,0,1,29,9.6912103146216,0
30.87838618080447,12.948157775623091,1051,0.5233022917385294,823,0,0,7,18,88.19849992673113,0
-9.012091107614566,18.380455296888222,1090,0.5082160817138858,1209,0,0,9,21,50.360987505742386,0
-44.1554399870212,12.21171476378388,1099,0.6348698971816678,1677,0,0,8,22,92.60826553273563,0
-1.6323256288140797,22.771219912263252,1050,0.6513037580732178,1691,0,0,6,22,53.94361263685299,0
46.69983503896846,8.839596135027012,1089,0.5746720347430123,1639,0,0,9,13,65.84127098617658,0
19.98111882550278,20.238227535545825,1044,0.5359642637934703,34,1,0,1,15,62.41483629917121,0
96.03446305383545,6.718310919754642,1005,0.5481476362235632,173,0,0,6,26,59.43897183681777,0
16.094638115459496,17.57376600494134,1076,0.43860566436510406,352,0,0,1,17,3.4363653375718357,0
48.015021963606955,22.065476189008283,1009,0.3668496229474743,1086,0,0,6,17,50.95658986453134,0
82.72585011811094,9.15666467184747,1030,0.4396109816994934,1319,0,0,9,22,66.79804545669035,0
40.02261860450375,18.721462157236036,1071,0.589139199497978,343,0,0,7,16,49.1111109502298,0
27.338512029400324,10.421680718673498,1069,0.41220537230192195,1434,1,0,4,21,87.72606039307585,0
51.76952664768792,16.30929885857493,1005,0.3781265881458491,1871,0,0,3,20,53.29239848424513,0
7.776086768703344,14.671332409329281,1041,0.629153341379793,1474,0,0,1,22,44.356637202679515,0
39.772763679617604,15.543830055367073,1016,0.3157405940794028,1344,0,0,3,17,36.96934319464438,0
62.258219231053026,17.191944654160686,1024,0.35853912517345976,1185,0,0,7,18,62.91996660911214,0
12.27266423256151,23.874088513487315,1098,0.4407191430569232,1082,1,0,2,19,8.032218317494781,0
20.057161166928942,6.879284468358256,1030,0.3405565793753642,1857,0,0,8,32,56.25627995708227,0
30.207540762381026,17.136065004564273,1046,0.47271368835359334,1559,0,1,5,20,28.178514260533863,0
42.75507662387663,12.523859384732278,1071,0.7476088405305538,1582,0,0,1,24,94.10107961587659,0
85.20421572455975,16.073352187947613,1053,0.3964432172743968,1713,0,0,2,21,47.840122383438626,0
48.66915633465315,11.226630359664835,1057,0.5998672336446567,1558,0,0,4,15,96.19557598201706,0
-5.257572367946288,14.806539313153152,1041,0.4911436913027815,1395,0,0,8,16,23.833155283290438,0
63.476561638551026,5.710179893879603,1042,0.5297142188924147,924,0,0,7,16,45.477150968687766,0
24.890589366812392,23.11578480614645,1048,0.3332028117252247,1250,0,0,9,18,75.77058996766866,0
27.000302366499564,12.157291581154023,1047,0.6750452845130476,282,0,0,9,22,32.41920035100972,0
31.794044664284737,14.486446085309701,1070,0.4871520657187217,1691,0,0,1,16,123.69814231650736,0
49.212176201904434,11.504454941179999,1090,0.46075466452626435,113,0,0,4,21,4.449463245302702,0
47.1182030082605,22.443888257922673,1053,0.5338621415462115,600,0,0,5,27,92.7651084532848,0
-10.830318150125457,10.532081714019142,1052,0.41267859570090726,1007,0,0,7,22,49.309440336342014,0
58.962587250970586,0.6235750494187275,1040,0.48431551169056547,1860,0,0,7,16,59.266752013330674,0
69.01330642796296,17.26071745232771,1091,0.4842128880461181,543,0,0,2,12,62.50535170672628,0
40.25426220504362,11.182386799226215,1023,0.47396770581449377,184,0,0,3,23,84.84570541463509,0
49.031693176921465,11.764835005350404,1024,0.48913255267234346,1581,0,0,6,11,61.11290878807015,0
1.5460455228347172,1.7562023704320504,1051,0.6236869181610128,1076,0,0,5,27,47.283921520207265,0
95.4284220716145,13.651208373210192,1046,0.39360425402973387,558,0,0,2,12,32.031328640489065,0
133.39890872670668,7.492397203716263,1089,0.5654762628042768,603,1,0,5,18,56.00770455687851,0
18.722669159882713,22.474714147482175,1025,0.4798862583357145,335,0,0,1,26,32.0367777379568,0
79.83342126526722,1.0937405187316873,1096,0.536171490390048,908,0,0,4,16,75.79590532863804,0
-12.457882236511665,14.722978239150171,1082,0.6115309576375595,272,0,0,7,19,58.1572968570082,0
25.07149650766887,8.123532248831463,1085,0.6722172040065881,1957,0,0,8,15,85.09912097029203,0
21.532504375254884,19.918990054927647,1010,0.5724713450148241,1603,0,0,9,25,92.69658317627719,0
-13.60261645360523,4.658268942950524,1019,0.43428706419680607,402,0,0,1,14,76.97187439558033,0
54.17086060859377,10.343300220126789,1050,0.40110400197528945,1247,0,0,3,19,44.57022113770124,0
17.36753973938996,19.907823275640553,1091,0.6475933016684319,768,0,0,6,17,49.55492157016116,0
53.51372648449554,4.290630901211691,1008,0.549396655041586,1695,0,0,3,22,53.1126400147054,0
66.44200774121512,19.997502335707335,1049,0.4447119948887022,99,0,0,8,15,41.62368878191714,0
51.7463818125517,19.399833574117547,1089,0.4223142572713164,246,0,0,2,21,34.53097478067107,0
44.814629755576675,7.672067309630155,1053,0.29906838945565506,1409,0,0,9,25,80.49652465045327,0
72.0391263637799,9.37349045824876,1016,0.5385479105604398,1923,0,0,1,25,46.51139497047064,0
40.54110034141627,10.98513723595758,1081,0.4861578982442389,1094,0,0,6,21,63.92083082821674,0
50.73295520534103,8.924383264895013,1025,0.445150033060711,1682,0,0,6,14,59.7791975457929,0
-11.086615085678098,13.181282397284729,1085,0.5403033076609445,1456,0,0,3,17,54.86045052355818,0
47.09860664388823,23.881266059501936,1013,0.5426919876329913,388,0,0,5,16,24.45271562420443,0
42.67914943486597,22.124794452360625,1002,0.4819945090163652,936,0,0,6,11,44.44150682828402,0
79.83243584622753,6.179167980766217,1066,0.4217860776704671,1340,0,0,7,19,28.641746594663356,0
38.046641750319,22.779673280353226,1013,0.3638402487571549,326,0,0,2,21,83.91251811778454,0
41.51722017111895,20.83151453855394,1072,0.5264366017593943,1570,0,0,7,21,88.72903194336969,0
33.65242739573151,22.507607165581486,1090,0.606791469706713,462,0,1,8,19,68.83762804301041,0
81.8650234276598,13.06187090360675,1012,0.5944502009632442,69,0,0,8,23,50.06019669075576,0
13.281791997132302,20.677542821998955,1015,0.5280416089437081,1866,0,0,3,23,42.25961273059404,0
56.11831572547985,12.547342792135522,1075,0.5238744095599838,216,0,0,2,21,93.20002126540095,0
125.89783247755857,1.0523284490631166,1095,0.4843596308388357,1499,0,0,5,13,89.37746820257576,0
63.607565705276556,3.695063858506229,1069,0.5145456321396803,1933,0,0,8,24,62.848604956522756,0
83.09905646049565,1.5957790841943966,1099,0.40925600433205384,516,1,0,7,21,40.4924140337902,0
80.70591932556034,8.382357740343334,1006,0.4787447226224904,732,0,0,3,15,63.08313949836128,0
75.18991593293566,12.524951346357527,1061,0.5096367300629172,264,0,0,7,15,34.08780969254788,0
93.56353097547681,13.159967964715097,1075,0.49074059129392383,1764,0,0,2,12,81.5584652354886,0
69.05300034793775,3.1153334079811055,1045,0.2323976738819774,1510,0,0,6,16,76.83946656527219,0
28.295401327406,0.4010662497054307,1044,0.5863903505106799,1542,0,0,6,14,44.32353680521908,0
16.601154976561062,4.45730845202322,1077,0.5692842250742278,1186,0,0,6,23,47.57678652060005,0
78.62005290479607,17.325829775815297,1013,0.3852671021445511,131,0,0,1,22,70.27896588765975,0
51.906257136828124,4.439992740047506,1005,0.4948590166085143,1475,0,1,8,8,12.238627965497408,0
32.656596238530696,4.160590325073184,1099,0.3344424509346873,1862,0,0,4,7,68.31294744591177,0
89.52182196902977,9.391988075188625,1053,0.6778280831645304,889,0,0,5,14,52.810377398137994,0
112.7716182705638,18.000364301488684,1012,0.5582934172596586,44,0,0,7,18,67.8409334706069,0
57.18882554716994,19.616311761186946,1020,0.5273190213682089,537,0,0,1,16,45.470015172905704,0
66.1330457110545,20.794770735222343,1086,0.39534626475550955,1868,0,0,6,19,56.73632338745181,0
10.486042401602454,3.1086386376084567,1031,0.5766102974347327,1383,0,0,3,16,51.17127512789277,0
79.25359200253254,5.120317789443036,1008,0.6099928847743189,81,0,0,4,13,60.89282472968745,0
73.94273145984685,12.054723102444669,1025,0.579768702866474,391,0,0,7,28,53.313729794480025,0
12.487767980908473,14.463190110855237,1088,0.4186565219079027,311,0,0,6,20,63.035523104691656,0
34.28806091685735,15.931442526006787,1031,0.4177663251394944,1425,0,0,1,17,62.85836832593861,0
-1.3181006330954261,19.2507947319096,1085,0.6119152954517035,187,0,0,6,22,55.36852620757158,0
30.451989571825486,0.18827810977495663,1062,0.4345654189264871,1218,0,0,6,12,122.25676011485884,0
54.09792186766257,4.968019957393084,1089,0.6642323344672524,330,0,0,8,12,40.88993084359949,0
92.36080635629749,17.561759366054524,1028,0.4505926168477754,505,0,0,2,17,52.3496989482634,0
85.13305915008678,13.64573167536514,1064,0.46144462310143136,1911,0,0,5,22,58.875214662319436,0
70.8043673574198,11.329868032320316,1067,0.6000580868065136,1623,0,0,6,17,52.55785385336476,0
61.77247901536301,23.256311124072,1088,0.43728004191182873,1539,0,0,9,24,66.58652873955681,0
39.86554717425791,20.885799797928044,1053,0.5429057492949625,1571,0,0,3,19,10.84709849627211,0
40.365228838828926,22.577921353863985,1038,0.34274891740991487,1551,0,0,1,32,58.0735893441803,0
21.01529829888749,21.6859916472394,1006,0.5289807965976947,1426,1,0,5,15,98.1571852133221,0
31.449049398676102,9.718698739172677,1079,0.40550831711480917,667,0,0,2,23,62.94122066314151,0
88.69258262248238,15.710035204595046,1004,0.5165802637250796,1452,0,0,2,19,62.63405787251932,0
31.167982817464832,2.385186694820643,1074,0.5066069480446391,1236,0,0,7,22,114.062296882723,0
4.565890724576988,8.238411769737699,1023,0.5172774751159926,1677,0,0,8,19,73.15698179840534,0
53.43428176456338,15.638222555537393,1072,0.5089438472721112,773,0,0,1,19,63.71308922378554,0
68.65429886651589,8.284896744954821,1016,0.32090244618575575,979,0,0,8,23,54.45685143993615,0
15.440073572625707,20.582819994438687,1004,0.5304188033549874,238,0,0,8,19,69.66406366531398,0
26.051082663846387,5.27842353193395,1009,0.42145645167608337,780,0,0,6,19,57.5443824629565,0
40.68809588732093,4.100890412123411,1035,0.513118727499932,531,0,0,1,22,42.349067006385226,0
22.379792207619012,23.612302148341097,1052,0.45895784966171,865,0,0,3,20,66.81678345659104,0
68.59216354108607,23.26560270158848,1053,0.5497973299265402,1780,0,0,4,20,32.64025851653574,0
38.208417288157975,5.817981901076732,1022,0.5143271614751803,1507,0,0,1,17,60.27917282967151,0
89.18216611614886,8.741469147509065,1067,0.7371388411804497,824,0,0,1,18,24.582259510514127,0
86.3953756517477,0.20834902143140788,1000,0.5903918219859545,35,0,0,9,13,61.72611383412223,0
51.65597727590268,5.295502672294969,1064,0.38424816144982443,877,0,0,6,24,31.71910635900395,0
14.372047429114616,15.454615328061848,1099,0.6110524099745832,431,0,0,7,16,40.1780666553853,0
34.141499547507294,18.778599244804642,1059,0.642306399181154,616,0,0,1,22,42.85752789886184,0
26.59402612647612,16.343470301082327,1080,0.2610045439422022,1874,0,0,7,20,56.43748782374339,0
53.60886895135697,8.959319762949299,1094,0.4935448506655561,406,0,0,2,12,66.50634342027558,0
30.383048350232706,18.232679947197884,1011,0.461962298500437,1947,0,0,8,20,39.102238234798016,0
36.10515913743803,8.178323744373294,1023,0.5931854818083008,1550,0,0,8,24,57.0463425784942,0
57.50600618755084,12.48831208491778,1021,0.6700774004498173,1367,0,0,1,13,119.23341138368434,0
72.2546688317038,9.54757428293421,1072,0.6134467201466997,915,0,0,6,20,73.5566593091226,0
40.499613621972514,18.164800846987653,1085,0.4723756668341927,773,0,0,5,24,31.998316043526213,0
103.89995605025051,4.518728373535729,1009,0.49328863645824955,1221,0,0,7,23,90.39403355210021,0
-2.628545584674967,17.61876722554606,1022,0.5948310388401542,720,0,0,9,23,-17.359088447163884,0
68.09562293247029,11.710983354977971,1083,0.49128658534324854,1197,0,0,5,29,45.30142628750184,0
61.26367572881759,17.21586688898087,1094,0.5736787699865026,1286,0,0,4,22,85.36180009544263,0
26.731809156871908,12.53312831106539,1018,0.5279486643364087,499,1,0,1,10,28.123454827378538,0
10.093212330759862,19.717336810991817,1004,0.4900429623445693,525,0,0,2,19,40.4654637032217,0
43.06791567626959,22.4961495149928,1082,0.3553479490466633,297,0,0,2,20,85.02131700759226,0
78.94554899292373,11.419123559870425,1061,0.398438896781084,1154,0,0,4,22,30.68102765465411,0
75.00809614512045,20.156592081590055,1045,0.5214512135761905,767,0,0,2,23,83.21842155309815,0
17.96591235262421,2.22182560925037,1023,0.5502423698894074,625,0,0,3,23,39.92484115679248,0
36.4939432500247,10.546614751091703,1014,0.7364660831109038,1278,1,0,5,17,31.15660904463738,0
44.741164102879615,0.3913416428761156,1084,0.36069718366215753,336,0,0,2,22,57.24124643475531,0
77.0119576518519,23.462768820570076,1037,0.4761549592030059,429,0,0,6,20,86.12981781154917,0
26.61874024219649,19.30304313065074,1003,0.49883566434582705,457,0,0,7,29,81.87186578247477,0
25.422264208355067,5.108418503037931,1053,0.3983473710680051,1211,0,0,6,15,46.582176668101404,0
58.498636146384264,4.485828835849855,1037,0.5800376599378626,1872,0,0,3,13,71.26188576235032,0
-45.30111439588002,9.155791037813454,1043,0.4331605945367941,853,1,0,4,27,74.84672651240851,0
101.90965444571506,7.5953887593086,1029,0.5979945425223624,520,0,0,2,18,67.13904177969545,0
32.22603633858457,20.248617682513604,1008,0.46976409657098245,1681,0,0,8,20,83.70547569594669,0
44.614562753825595,10.951101195067174,1083,0.7706200540598762,930,0,0,3,24,63.70646731212468,0
55.43761845035151,6.214022830353176,1002,0.46957762763037963,522,0,0,9,15,55.07720004928309,0
62.56113734877105,18.90951151307335,1079,0.5365257925254745,725,0,0,9,20,93.12275125196388,0
67.64230025503495,12.832002117429177,1093,0.6398741263959203,781,0,0,5,16,40.81071234562775,0
75.09452413894823,7.97447324991708,1055,0.5357159031243239,1439,0,0,3,16,95.40080542263547,0
69.38389028072515,12.17938451192178,1032,0.4192672988945791,1551,0,0,5,19,49.12801813799389,0
47.78081409216866,17.111011573428627,1030,0.40602954179376516,1811,0,0,6,15,70.11171298567598,0
7.618227232983315,18.17620273614123,1017,0.5549026989952976,1995,0,0,1,20,48.05045677528382,0
-4.950467416180786,8.031960239629075,1054,0.5621660183242007,413,0,0,6,23,60.59700099228079,0
17.235752197138005,15.873648794850794,1034,0.4480854687908038,1374,0,0,2,24,51.07828937433101,0
50.97916510072614,12.522834401157265,1025,0.3751710440010324,1880,0,0,3,19,57.52353326720307,0
49.76933012835892,21.596352144170435,1059,0.5646556651268255,1858,1,0,5,20,43.38775653449974,0
28.227685605396033,16.627401452378415,1008,0.575845614270285,852,0,0,9,16,110.14854992778582,0
56.330524016078556,15.691188224006801,1068,0.39322993388681193,1682,0,0,4,22,92.57328646072426,0
25.751051439345456,1.267791467619281,1039,0.5321212897008031,206,0,0,8,18,30.21560713718726,0
85.50647307744813,16.79031486762564,1038,0.38738776609444814,665,0,0,6,15,99.75208269928856,0
89.7738994262657,1.4487802443613766,1042,0.5346972059480846,82,0,0,5,19,31.675268847246237,0
1.9034946015771155,14.550385524776921,1017,0.4605964958416143,1550,0,0,7,17,42.99484837974417,0
23.699087431421212,13.496071857402674,1030,0.5933302128614921,644,0,0,2,21,43.73594499875347,0
86.91380143279926,16.747274037726687,1022,0.5993503740433663,773,0,0,3,13,52.50969512938567,0
48.557344780076825,22.275172464370655,1005,0.5315077379725397,1322,0,0,3,11,58.984491805364726,0
75.48835965548639,5.847864301004278,1009,0.38471150677404065,1346,0,0,6,17,50.8363566198055,0
48.98224322216274,21.542736200217245,1077,0.4979484166866308,1420,0,0,2,28,69.72638882630503,0
7.8331083843114016,15.86770247325823,1007,0.5051846950479485,595,0,0,3,24,83.53011133686462,0
93.674669664403,15.400476191395194,1014,0.5132910923745445,1504,0,0,2,20,123.38299220586896,0
57.22630271601223,13.851236036862181,1087,0.5041282426691893,502,0,0,5,24,53.6788832983426,0
27.1523640489134,17.302927451608134,1087,0.646993553582052,623,0,0,6,18,47.89141471438376,0
53.95783900315871,12.006348179459085,1078,0.4349509219684072,1652,0,0,8,21,55.92414132642239,0
66.73430919055586,19.86888910814817,1081,0.3651423005896375,1151,0,0,5,19,60.26662607165882,0
84.13330342005986,16.556439089911237,1045,0.45760685243188537,324,0,0,6,20,108.3614192854644,0
77.78646206724777,1.7255860477799052,1094,0.6031223966066737,1417,0,0,8,35,33.787573620711754,0
71.97476308339407,17.613143358569808,1025,0.31949340304039703,1470,1,0,4,20,78.23843998984492,0
42.952271854370764,9.220539649295521,1032,0.40488160245493376,469,0,0,4,23,48.54751847079436,0
17.039618796968455,15.726115940138389,1063,0.3228728385812927,671,0,0,5,16,20.257877562683262,0
10.063011393266656,19.117942560363538,1094,0.4600300393989085,1171,0,0,6,14,1.146653876872442,0
98.03222918493178,0.44039703489824333,1030,0.32057887888810643,246,0,0,5,24,74.92123933467062,0
34.009877545209974,23.267005603696983,1036,0.45970940067847044,1976,0,0,2,24,73.61248408094248,0
43.257037943219494,19.27180842881167,1089,0.6451166284883091,677,0,0,7,17,97.34115891482838,0
15.8694298872555,19.375543218457256,1069,0.5283247035194307,535,0,0,4,25,52.15882325265949,0
22.21510209550375,18.000818350725694,1050,0.48588498939192454,1060,0,0,4,24,53.7185411734045,0
45.73560389178362,16.56315235048541,1022,0.5283282711850226,1897,0,0,8,21,44.168983415963424,0
30.573745830945224,8.02232099470102,1074,0.5303600873557206,1597,0,0,7,25,49.05894369648475,0
70.58154379995318,9.858650148582974,1054,0.4576763664074644,1999,0,0,1,18,56.47721696862678,0
16.80422273774989,15.685457413084627,1048,0.6127438382396173,637,0,0,4,25,35.22290231755485,0
189.414330526094,17.02774820368525,1008,0.9133059057543167,1424,0,1,4,3,147.2468054207718,1
97.8332717524759,1.42905931205991,1081,0.5295906310626208,265,0,0,9,26,91.00263436038713,0
131.30994933004678,14.725423315476334,1013,0.37394443246854925,1940,0,0,5,20,72.13685194894204,0
73.15760464510025,1.3293775205025407,1054,0.6225969837823611,51,0,0,6,19,1.8052305526252255,0
65.56613541320365,21.558543947821285,1095,0.5232597792276312,738,0,0,3,18,71.28728753507632,0
94.75021576405423,17.420753059835345,1019,0.41375530794482995,562,0,0,9,19,57.27022586616015,0
52.168368961528664,13.084579898167116,1004,0.46487205866444975,1673,0,0,4,18,80.6074431884191,0
4.993344156591917,13.306925468799342,1053,0.5482259348717926,1702,0,0,3,12,60.18943319379389,0
52.914673612587436,13.095446839783522,1045,0.31120798508967185,635,0,0,7,16,64.57576876194122,0
48.33245987268635,16.174666777752563,1000,0.5559547554809723,228,0,0,9,22,92.22532307700286,0
95.27393040213651,11.838346418522555,1024,0.5900792566217675,224,0,0,6,20,47.57652114332895,0
28.386347879748232,10.927196345936242,1086,0.4691908786905509,458,0,0,1,20,71.18804208531054,0
11.458167007475986,5.041798962961873,1084,0.5372109718995051,386,0,0,9,18,48.0939193488923,0
36.28711230241184,22.337069335981045,1013,0.6753980125079633,946,0,0,1,17,105.5882919279303,0
35.96783948424254,23.65156201371844,1019,0.4664398444238698,1158,0,0,9,25,97.75049719137672,0
16.785295495926448,12.768832484001361,1071,0.5576790820177155,1050,0,0,4,23,-8.125837764016936,0
60.128079862256065,4.0417907762407195,1060,0.45936362963964483,1454,0,0,1,19,3.758081791828417,0
103.62039243289476,10.401086638438127,1027,0.5856051964183648,1248,0,0,8,20,69.90199633673608,0
48.49285671652589,17.225334113843793,1030,0.32017696162781795,1194,0,0,7,26,77.09314435147752,0
26.82021664187528,10.280406811515615,1029,0.5436314401531158,200,0,0,5,18,33.19011080424713,0
6.237248224079195,4.947334037049528,1069,0.3664685240370412,684,0,0,3,29,92.15391272739865,0
104.02821298732447,7.928584528777464,1079,0.6709340138424591,331,0,0,9,18,16.198917742816604,0
39.317238541428345,2.6075706991903314,1085,0.5070934602381838,1853,0,0,1,23,63.4420826063632,0
1.1806481615805353,6.225152961801372,1016,0.47787515177906525,919,0,0,6,15,85.8476245548272,0
74.66198234097583,4.085151237168116,1009,0.39812320450922256,1521,0,0,2,25,30.67556892797913,0
17.740628208522864,17.717203203271676,1004,0.6431821702354954,1419,0,0,4,17,43.65904451307581,0
32.36786092040305,20.31646876505368,1069,0.4653584909146518,961,0,0,2,25,94.4603553497604,0
83.03968873207288,21.6999284149458,1052,0.4853963068890854,1097,0,0,7,23,27.191866561533985,0
81.73882141516378,19.36441442733037,1040,0.46658792066754917,278,0,0,3,17,65.42524079091739,0
64.96649584304639,10.679199761642124,1009,0.4542034844174124,450,1,0,2,10,139.42829954492422,0
36.402547729309596,2.482443999570295,1039,0.6745574833409563,1905,0,0,5,17,68.37077518998855,0
81.92512107023131,7.735723974486549,1021,0.37117338946765793,1281,0,0,9,13,51.66497546462082,0
12.464025900989661,17.259945162693345,1006,0.43129500594496273,1219,0,0,8,20,49.43522878349232,0
85.50481000669784,9.773914014289694,1076,0.32032924689601516,1574,0,0,5,21,72.40431529181045,0
99.92576164351698,15.20717849438672,1004,0.3958540832706903,1120,0,0,9,22,80.19900515909758,0
-1.0499757486224865,0.049935340230858216,1029,0.4869756395862072,1672,0,0,1,16,54.52584601769116,0
107.42094061600358,7.266128894830877,1011,0.6793957180716219,782,0,0,8,21,21.25129656821781,0
54.07578272244971,10.381547982442354,1070,0.4477399938750999,686,0,0,6,21,42.70183068170917,0
15.508775813077825,7.999627563965807,1045,0.33239104726753144,384,0,0,1,12,50.35805390391183,0
56.73355455679916,8.666266632176054,1077,0.45205656240252423,95,0,0,2,24,13.484272959609385,0
2.2101879940499245,0.4268433902996023,1009,0.6084676486085339,1763,0,0,4,15,62.63082137623766,0
75.37408617688784,22.44917425758687,1091,0.4341551977410067,1089,0,0,1,22,104.06561375241327,0
203.31049029271324,13.682048068524365,1021,1.0863409550496916,1791,0,1,1,6,181.18902395876498,1
49.42218860796816,12.597053232133977,1066,0.5992322166670541,793,0,0,9,30,92.03127369844353,0
58.60322337147758,7.005830730968247,1008,0.49725634569575217,1690,0,0,7,15,60.62704376395208,0
89.85939234633932,0.3448166204013505,1025,0.7234667533905318,1510,0,0,5,24,58.985868120560696,0
49.23517614244401,8.770221127253933,1061,0.666617017223102,37,0,0,7,21,27.4643587268286,0
63.200433501599974,20.94328050458875,1073,0.6115783285861125,53,0,0,5,19,1.301429961139469,0
56.91832546298643,21.658884940932495,1053,0.5517775408696218,219,0,0,5,14,120.88508582979537,0
35.51270481618447,21.65081540741467,1008,0.47893260410698,1869,0,0,6,16,54.32186581255028,0
85.38320362163861,10.247188782749262,1078,0.6658036634178583,1274,0,0,6,27,52.74311686935209,0
69.96106805098489,19.888678613856044,1023,0.49357625453885634,525,0,0,3,19,60.17875536285001,0
39.69994472442652,0.5193765593900324,1081,0.4784241243220634,1924,1,0,7,23,69.14775282762363,0
48.0836650150596,4.403596904640554,1079,0.46966656848732496,1179,0,0,9,18,54.85213971842461,0
20.046774413698454,1.32909921955099,1015,0.5313331441243265,1834,0,0,1,12,70.69212270147383,0
157.38354233105585,20.620839652694617,1096,0.9846835001706856,257,1,0,2,3,162.72601064623132,1
63.86517998245829,21.24549562106814,1086,0.431945998633615,1354,1,0,6,12,40.47160056585659,0
41.29176367434046,17.95464578783845,1018,0.4200504055948657,1299,0,0,1,28,30.973166395107135,0
74.84176444679927,23.65246456566877,1079,0.513401150429967,569,0,0,5,20,70.11531958032674,0
8.31282599709212,22.660184724135885,1097,0.5048359579465229,857,0,0,7,15,14.549614394051261,0
57.01544077368795,0.6927561469927381,1063,0.5528848031924223,900,0,0,4,27,43.031039746520236,0
83.56683793792007,16.60635407215421,1093,0.5056743870491132,1884,0,0,4,27,56.992454880960146,0
96.29730584816568,18.08131475807606,1050,0.7039363354946059,1529,0,0,6,26,20.99571975264334,0
108.45027934369439,12.656958959300187,1086,0.3950766424762364,1529,0,0,4,25,101.41007245287594,0
74.21367789911932,8.936791157486464,1037,0.4363806001274428,991,0,0,2,19,86.18459953738852,0
59.52359783750526,17.335303903908926,1098,0.5908856004330945,603,0,0,5,16,79.21518548432931,0
59.937902942106916,5.274007204005107,1062,0.38173592960283487,1842,0,0,1,21,48.962811449304894,0
90.21383155371043,19.290118741660574,1012,0.5478572665044813,1339,0,0,8,18,69.42626428204171,0
81.45447953151778,22.165026166469424,1059,0.34976958879207454,447,0,0,1,17,47.170704883734174,0
22.45942815083105,16.80924319543904,1051,0.4952787451020574,1625,0,0,4,25,68.44472569371257,0
109.170334372466,8.221011975824421,1090,0.4472648559747865,1820,0,0,1,19,106.6042202436627,0
70.71418058364539,14.922225266289534,1024,0.43453496278786735,1282,0,0,9,19,39.96101645758092,0
60.81180185054241,11.724327359898073,1022,0.36780825133803485,1087,0,0,9,20,4.7524636170296475,0
32.38654188139557,1.4984228166722584,1051,0.4756748148787677,502,0,0,6,14,48.781105308426476,0
7.8104760898449825,19.518295232415703,1045,0.6907148100062575,765,0,0,7,30,66.48557874031096,0
103.0450787917935,22.97979738890284,1077,0.5533338644693824,1795,0,0,2,22,2.6268662005937387,0
39.64505883650611,12.39159747986808,1086,0.4547888221486535,1078,0,0,7,22,60.67627634467257,0
82.06376964182877,13.831411677337357,1076,0.5457126384081888,893,1,0,1,26,64.08369365685759,0
16.682724636025135,4.915709929820507,1002,0.49816942662812447,574,1,0,6,21,66.51424379123088,0
107.61102506432783,11.343953504756273,1023,0.4740382193637795,1808,0,0,7,19,1.8270954785373448,0
25.230389515935737,1.8334396030873368,1078,0.36817969907775727,1593,0,0,9,14,20.795322755217576,0
89.3181773844039,20.960191382510395,1042,0.42822850921205946,654,0,0,5,23,36.18326288762049,0
99.95427147631344,1.807495762971115,1041,0.625825139941263,427,0,0,8,21,67.74279692119411,0
66.88642580523064,5.939225508032099,1013,0.42836189469164604,233,0,0,8,25,27.1642465557579,0
30.480205178948488,3.452777827364252,1062,0.27486467551374905,1168,0,0,6,26,17.817267205900706,0
47.78157303174822,12.568761270511416,1046,0.5055193989727654,1705,0,0,4,21,111.66868808561195,0
51.4932106154288,21.220667309480863,1055,0.4649671034908683,142,0,0,8,25,42.1656035946115,0
48.94977169981292,4.878949330462948,1022,0.5999080598449809,1526,0,0,2,22,81.37723986950797,0
65.59613054305734,22.697722127746864,1063,0.45074450743698413,1056,1,0,8,16,65.74172992114154,0
65.13745443432171,15.466331844350846,1098,0.5292826509486693,506,0,0,3,26,75.44577865259856,0
32.005339300404515,0.44939313106537604,1051,0.5125746962265872,897,0,0,1,13,42.50036695883709,0
58.57596172174715,12.780356874156482,1073,0.5260910795830998,928,0,0,5,15,31.80583840761514,0
52.99660863227639,21.627149742868124,1078,0.6085046255908163,1668,0,0,9,22,43.72017358109926,0
43.409916429471195,12.35970851346799,1093,0.4706964201842969,575,0,0,1,24,33.0263216760526,0
91.21743155634348,1.4321197363799198,1083,0.5802816264952868,223,0,0,4,23,88.45705516941787,0
-21.73235695851878,18.408280656442113,1060,0.5193100757091368,269,0,0,2,16,77.77057840441935,0
37.591833997350676,14.674421681747377,1083,0.5135655290934555,736,0,0,7,12,19.58419006877454,0
89.63912096819035,13.110698514966815,1025,0.5580705077921573,1631,0,0,2,22,76.92655804721976,0
44.493790339506035,10.778650580766058,1017,0.5885736819799295,1483,0,0,2,19,52.71672646761208,0
52.535154370785875,4.335449597392679,1011,0.5826468792696007,1282,0,0,6,21,61.70880378048243,0
34.860987731322965,20.593873733398652,1031,0.58717636563308,1252,0,0,7,18,69.97356924316416,0
58.798532870145564,19.26104565543736,1053,0.5123880214725922,564,0,1,4,22,72.02061806251106,0
71.09427626660012,8.824548540872474,1003,0.4158976780117657,1081,0,0,7,19,67.16541481975875,0
42.62013984932898,18.431219916189598,1098,0.3681046482494689,632,0,0,4,26,50.28756602512149,0
116.4298982766979,13.144037628296314,1047,0.4849336872954702,64,0,0,2,15,76.92457785384003,0
54.96210980899113,3.9975900020257455,1083,0.4984194099102639,388,0,0,2,21,60.5685180758847,0
12.684102938261447,15.874580122818593,1053,0.5628569038593189,791,0,0,2,29,59.00420390266993,0
59.06968701044825,16.595500373797897,1022,0.28889319077346476,1647,0,0,8,17,75.04623560636188,0
32.074694159250754,13.211819267182026,1004,0.4439709523013218,1422,0,0,5,14,122.82057366609517,0
91.18545424029591,15.14557867602471,1032,0.5725134460960329,481,0,0,4,8,28.433351364403993,0
16.9312355049073,16.707502198524985,1006,0.4047217435072852,1715,0,0,1,19,125.09914638938609,0
105.39187761797743,18.480943576370958,1020,0.4971365822448903,186,0,0,9,28,76.05351865336817,0
4.329224413463265,17.755719224774314,1050,0.6104043695183392,1574,0,0,4,22,56.93912055020603,0
16.856759790754495,4.711387197489793,1033,0.5786395523874375,65,0,0,4,13,39.7993599050467,0
36.70209605546292,5.368205089318534,1073,0.5361481238549812,814,0,0,7,10,90.27688885992113,0
20.249100096790684,23.685044326601293,1055,0.34012939432315636,133,0,0,8,15,98.57820723824642,0
70.13810410116061,5.825581258794509,1017,0.3639557673327306,449,0,0,8,25,50.3631106927718,0
71.77299871696076,15.386867161247505,1045,0.44772341752767275,1148,0,0,7,26,37.42927887843203,0
50.90094437492247,10.379601020943836,1084,0.549902014527618,779,0,1,5,19,66.90635344611073,0
37.134562231817796,7.257564475895465,1028,0.6300204105084167,957,0,0,8,33,68.27031704910306,0
94.67339324984869,20.831854400066653,1002,0.503047358748027,1612,0,0,5,25,51.12014714736663,0
59.64779634017716,16.49094048863534,1098,0.541313499702954,553,0,0,7,21,44.90149680142858,0
48.950345285091146,20.10150563223177,1085,0.49709193187586914,398,0,0,3,18,-21.111727030118843,0
66.76171510833456,15.155978560163943,1073,0.634778473082241,51,0,0,5,28,35.70803753602421,0
52.368921370042536,18.589445997950094,1096,0.5141409001692073,1031,0,0,4,22,112.88953777673343,0
57.30590612559034,17.86772135878239,1073,0.6901757727324456,98,0,0,1,25,129.08683342213936,0
44.80784527148391,22.878116537300023,1000,0.3827078379754238,706,0,0,9,18,33.540614935347946,0
64.78959375543377,23.979589602687813,1021,0.30758954118677906,97,0,0,2,13,55.611815509493944,0
84.38090432426195,9.82423113189467,1091,0.42745123453249556,1172,0,0,8,25,39.97454713894926,0
29.008234760222432,8.14955629352469,1080,0.5182492763930839,457,0,0,6,23,53.45502502881862,0
23.32277515315027,14.344488718644019,1082,0.4681165779697739,641,0,0,3,21,77.40110358378533,0
73.15388531706984,21.940522179204265,1008,0.5730139608948329,469,0,0,3,20,51.821646961810366,0
52.930111302450065,22.37112175922793,1020,0.42318602895839846,55,0,0,6,16,42.128488816437496,0
47.946605220007534,14.788844605375115,1067,0.5734664332003125,777,0,0,9,16,74.56870656480623,0
55.756932076191084,5.1708786469354395,1072,0.5626702884778023,1465,0,0,6,17,74.28965783480844,0
43.739948863386026,17.80279994135288,1065,0.7172718451683738,1199,0,0,9,19,78.07661736301048,0
24.08060452771765,4.198716330191709,1083,0.6363170497406199,168,0,0,6,24,89.43638522616816,0
-14.571506338275412,10.046524456125962,1047,0.5153034545060183,567,0,0,8,15,73.9572913382585,0
128.62379273089925,16.391078245009556,1008,0.759147740672351,324,0,0,1,24,63.26527094984561,0
99.11247223978228,5.5394815526387795,1021,0.5132799343645846,1559,0,0,5,17,132.16684750989486,0
61.97132421939578,0.9630909378781389,1095,0.5379602312768308,843,0,0,8,19,73.48060826396681,0
37.394395487124285,8.12735267247524,1031,0.40257280312066746,655,0,0,1,17,83.8261237977296,0
43.159828195708464,11.162127909949081,1038,0.4916571654649849,1199,0,0,6,23,49.11527139133476,0
57.64193412140629,16.151140154683574,1033,0.5321151141988115,1102,0,0,2,20,73.95745758535442,0
28.71260435752482,9.236550299833283,1099,0.520908108224219,1458,0,0,1,25,55.7782965567402,0
38.483757760076514,16.64549894329128,1018,0.6101064803569133,75,0,0,5,21,76.80777857224976,0
40.28273440352235,23.407978322557895,1028,0.5856845694177486,1954,1,0,7,26,63.81796666245828,0
20.406785027022604,15.911901513573618,1027,0.4177117786843389,473,0,0,6,22,0.9945091990711745,0
59.650356241295,11.429587524411897,1016,0.39075961132966375,1817,0,0,8,17,64.30980725429593,0
-33.21444819801751,13.911084661995458,1051,0.575493688119143,180,0,0,7,24,52.345835231416274,0
32.546538998238375,11.79579125422854,1040,0.35468999402985535,643,0,0,7,22,62.67778188846116,0
93.96946306764661,2.9073257723736354,1099,0.6698720454019232,1521,0,0,3,17,82.43671413270296,0
33.71978600797935,10.983039182146584,1061,0.3909295237572623,1425,0,0,3,19,51.16372002701475,0
10.373231524815168,1.4377128240807302,1084,0.565495153686221,1024,0,0,5,9,-0.5874588397309424,0
44.16525545405672,16.830696147112963,1043,0.675886608383541,792,0,0,4,26,92.75417336698419,0
26.925729506381053,17.26803972114638,1094,0.40039981277620273,93,0,0,3,19,70.03092000585326,0
50.18819468553255,15.678965874227604,1025,0.6090859518931018,1855,0,0,9,21,45.9962730534339,0
47.03331040426572,2.032075542606946,1057,0.5014137810251394,421,0,0,1,24,68.73583250856426,0
44.554905135929985,15.589942670828137,1013,0.4808748845742841,653,0,0,1,21,47.82525965054335,0
35.670276597046495,15.329742150941708,1043,0.5263102919399982,1627,0,0,8,18,63.9458444221093,0
7.345679997744689,9.56782290044189,1054,0.46089736718490715,1265,0,0,7,32,46.51422560840173,0
-6.017955777752441,9.864978733790675,1053,0.33811556855239744,1849,0,0,6,20,104.68111407335927,0
40.219625125494524,21.159550909795456,1072,0.4628089137946368,124,0,0,9,22,65.1928015294396,0
-0.8276768798523335,10.93147563828266,1046,0.7178895359401947,403,0,0,4,18,71.44422721958314,0
39.474517097705764,19.791155231738717,1066,0.5211925426668732,1126,0,0,5,26,87.55992992888713,0
33.43330867157086,14.907007178179896,1023,0.6384351736041379,161,0,0,9,21,63.54005630688619,0
72.80167891068808,20.75226606205561,1000,0.41134176123592847,1588,0,0,6,18,54.4781711905341,0
123.57109738606171,22.157745209476506,1018,0.4215171631270243,42,0,0,5,15,80.71879275463391,0
54.54222171874333,9.995769896857677,1006,0.43803057082940594,312,0,0,6,25,81.23855496984483,0
32.13016117869523,7.309918730093976,1012,0.42607200532723355,1876,0,0,5,16,70.6016510257497,0
79.25592889347288,18.580116000550298,1091,0.6141184889663729,314,0,0,5,24,40.47661923265089,0
-1.9360391033477597,22.049369984011932,1075,0.5037742528950203,469,1,0,6,21,87.89490230895322,0
3.4089416648053827,12.566413753421696,1002,0.4584328755909769,1524,0,0,8,16,70.7257494874836,0
106.07199511034781,15.646393427418012,1084,0.47491327858428606,286,0,0,2,20,-2.8491284708568756,0
19.951399703152536,21.095815386207605,1086,0.5270060359890899,1080,0,0,8,25,54.257980429242956,0
66.02623587124023,10.936407996031594,1074,0.33675942639300915,1055,0,0,3,23,43.047115427987116,0
55.87535765293045,5.795141476781186,1009,0.4233390877530015,1634,0,0,5,22,16.272700876766393,0
90.47537146666116,8.407620620935885,1018,0.47622547609228866,574,0,0,7,20,27.314317749074867,0
17.54256893860601,7.94044331694348,1009,0.43501458147212557,1816,0,0,6,13,52.91299646676274,0
27.01032425655721,8.909638427378868,1003,0.584565382622197,360,0,0,3,21,29.231896458185325,0
33.991990806824994,0.6131376269184994,1077,0.7160553449911622,638,0,0,1,12,44.04072446511197,0
12.828418924200726,11.626211300025577,1071,0.4880361473139087,1363,0,0,4,23,82.91604744974377,0
42.35132619338906,20.133145932122904,1022,0.5796950182234091,330,0,0,5,18,52.16882387577652,0
48.28876499441175,22.621865565429292,1041,0.6364284947660317,1039,0,0,3,17,54.58932504382013,0
21.563218481930413,18.34638869688461,1042,0.5502686713237696,51,0,0,9,30,93.43665381192403,0
43.37091201400331,18.806945818642316,1087,0.4449606363853473,960,0,0,4,19,63.40622333672399,0
-21.547165268517475,13.039040648905805,1078,0.5235509783776354,1915,0,0,4,18,53.80049945319772,0
54.7428462760043,23.96866207273064,1074,0.6457898029487947,1443,1,0,1,19,37.78830955770965,0
49.27140512989922,4.998854065541607,1016,0.30370788658450754,1526,0,0,9,20,56.76053198913534,0
64.21498762735362,21.961842366691343,1064,0.460287638998664,495,0,0,5,20,98.87285241560568,0
28.051047832744157,20.955822897187836,1004,0.5005586523900653,1689,0,0,2,16,78.85721703576257,0
35.3997103135521,8.637072296012024,1041,0.40534668086797665,38,0,0,8,14,97.85718692561134,0
95.46334425056743,3.5618429611832916,1058,0.40450668111152266,489,0,0,6,19,52.672091508234445,0
71.42001482276277,21.370132890699963,1085,0.7128366441947079,1493,0,0,7,26,64.70076329640644,0
51.78891109760522,8.315881516243799,1072,0.24054056164049836,559,0,0,8,26,54.21007237863458,0
37.888896980062796,0.007369800810131721,1023,0.439908647209815,643,0,0,7,27,88.88034804857031,0
64.29953122401673,3.3251386186726632,1073,0.43223470045381746,1603,0,0,4,11,80.83650972446813,0
2.1671702361689853,22.39820802194049,1086,0.4530113689618102,610,0,0,9,17,76.65488566207107,0
43.504304073914795,2.9457436690634147,1026,0.43322536904918774,763,0,0,2,19,39.46265927369384,0
92.4561358010547,10.931524137423404,1016,0.4871396921847562,1504,0,0,7,28,8.567954939259593,0
164.1141187597684,14.333049245140018,1023,0.9627182038169964,1798,1,1,2,9,165.34211087349271,1
75.54773137679592,9.469266681447488,1020,0.531546108701876,1121,0,1,5,23,13.389050115665256,0
242.9104856272746,7.140723454691697,1001,0.8251251930017511,1871,0,1,7,6,202.69661536976596,1
68.11139721632588,19.986169340904905,1031,0.4723668625389112,1555,0,0,3,18,15.281938302889614,0
35.080485609269914,3.6974590495328226,1032,0.37000127851206516,1009,0,0,3,18,39.73446622540787,0
52.73944185834049,7.083025056145851,1011,0.46681919984592185,220,0,0,9,19,65.10216812481183,0
59.92640696643371,23.334235241801057,1037,0.4895196015408628,1366,0,0,8,18,67.78819616944511,0
31.915380326481152,7.723860196057918,1031,0.46549828521541514,1075,0,1,1,16,42.15177824639913,0
51.19141465158904,6.5596636789714,1087,0.505981173274445,1013,0,0,9,17,11.70921447971569,0
79.26635381367078,1.554532788604842,1043,0.26116243273625095,322,0,0,2,22,39.004251254215696,0
24.347135767723856,0.6549036156135744,1046,0.4241549882895306,1915,1,0,6,18,88.42810420137405,0
64.87045663917814,19.198729166037165,1034,0.37190092449202006,1058,0,0,7,17,35.71128531777785,0
56.1316709480893,5.0779712296917925,1015,0.5904662390872146,1557,0,0,9,22,57.01352635835409,0
38.579161286147226,8.352934642116935,1051,0.46807914847916754,959,0,0,3,20,61.83004379852429,0
13.709157714766775,5.973561244636607,1090,0.556913548070059,910,0,0,8,17,55.12575679056538,0
48.53104907424649,15.079037483557265,1078,0.48828898818533484,1308,0,0,5,23,39.16866271044955,0
71.45523170384175,8.499135272344686,1074,0.6443227207556188,1656,0,0,4,20,90.57469233087659,0
52.65972772884312,18.385919978837308,1065,0.4975634866296731,1245,0,0,8,21,38.74816900857691,0
57.9280481493691,20.689220567427068,1039,0.4308686155744729,1786,0,0,9,17,54.06991539114986,0
36.92706509088143,11.11785949161139,1019,0.6375275341921959,659,0,0,7,22,-5.477613849216738,0
111.20401657990757,21.98295829117627,1071,0.4097269841793242,1078,0,0,4,15,72.6165578503332,0
43.378137291249004,1.2384610346155238,1030,0.36830112098938383,1245,0,0,5,15,65.32593152481869,0
13.250003340198482,18.223765645881645,1024,0.5018355856625566,1744,0,0,4,21,58.04104548466225,0
69.32371303550326,18.026148730617262,1007,0.47542728375816595,326,0,0,8,14,78.938941392034,0
46.99537770560141,18.95308822105318,1004,0.4459063793337944,1337,0,0,3,32,85.08254358384096,0
33.942943653182965,12.494939164114843,1013,0.6542064858231688,629,0,0,4,19,23.085743560284484,0
-9.067694272482491,3.7788709725563194,1066,0.4073071905429179,164,1,0,5,19,115.48449085628754,0
53.076243194525674,3.2422693582874347,1068,0.5362472087129123,698,0,0,5,18,66.54122860986175,0
91.90280532195473,23.94006008354873,1082,0.570120641469859,1876,1,0,9,25,51.97830539650013,0
80.92758015100722,20.28928674221909,1024,0.4176607722554148,1944,0,0,2,23,95.40261850048705,0
36.441518842643674,4.339455240903247,1061,0.5645879280228902,338,0,0,4,23,58.78709868777465,0
46.68003894328012,21.08005454130209,1065,0.4486330170664585,1768,0,0,3,13,67.1535214114064,0
24.457806972190593,8.281220863729365,1002,0.6708101360278189,1616,0,0,5,16,42.04105481009178,0
89.54906974558008,7.36411513686284,1034,0.4519186144094698,1314,0,0,8,17,91.90091368058177,0
91.26790892912626,15.988399988414162,1042,0.5973838794419671,1438,0,0,1,31,72.4389333990862,0
4.698763640442436,9.861649415726113,1026,0.5862603702537442,608,0,0,8,26,48.83372267657218,0
63.21424213881197,0.8054203595340272,1060,0.3035640138771162,1581,0,0,4,16,74.63810750121348,0
62.66974392349624,13.244727260027975,1034,0.43027489334540797,829,0,0,1,27,89.12766106682949,0
85.65179820344252,20.04869650029342,1091,0.5776634407259081,617,1,0,3,11,92.68004066109627,0
48.261483747118476,8.83163776650499,1067,0.48749980289485795,1208,0,0,5,14,12.691472270898203,0
48.637663462032855,13.053562097115542,1002,0.49389408812935387,1753,0,0,5,20,82.68004263908566,0
58.86873466241285,15.279384848609471,1024,0.32738888847670644,724,0,0,7,20,40.04528952686155,0
37.94614919175099,11.360500303987227,1011,0.4171661727033603,921,1,0,2,17,69.16893078088059,0
76.0746377749069,9.152059610934822,1081,0.2946971397793884,1695,0,0,2,16,68.56294189469796,0
33.482387989978804,23.574225788896864,1082,0.5971973462176121,310,0,0,9,21,34.05564299981461,0
75.78763660939406,1.6635902729116046,1059,0.5598297746691574,823,0,0,2,14,90.57329524338513,0
56.068412228636575,22.193749564787126,1041,0.3423648437935055,54,0,0,5,17,33.76774848739372,0
81.32482631207216,22.25437518315382,1060,0.4105368578039946,972,0,0,7,22,71.872534942315,0
11.842429966618312,4.796647134580772,1001,0.5165779598371242,1888,0,0,8,22,57.535616187113355,0
79.51557030818441,7.072559650545002,1086,0.576268471319479,183,0,0,1,18,46.256292453509786,0
17.53946644874192,11.449198505205173,1030,0.5259713797356277,751,0,0,6,33,42.17214179528511,0
84.06696920541796,5.167932660689556,1050,0.4853073477525989,1833,0,0,2,19,94.89203931264821,0
17.42524613344444,15.455950887131365,1069,0.4773485884219436,528,0,0,9,22,37.484385383830244,0
70.86613272697332,12.643270052542476,1067,0.5094609905002562,72,0,0,1,23,65.60004694411673,0
57.20617531838669,6.448026831067862,1031,0.7096788683092872,788,0,0,9,16,42.157617351331,0
119.60122166051778,16.002145471377055,1067,0.44138881794920465,441,0,0,4,23,54.244143162622834,0
223.1087635541111,1.234250427991232,1048,0.8013108601749477,699,1,0,1,3,186.31527132678866,1
64.67763605228983,10.675902182351017,1037,0.5313832537729629,598,1,0,4,20,61.5617940924207,0
64.72924854914754,7.339261978787491,1048,0.5648583570383896,905,1,0,6,14,16.24877296351964,0
72.72523130141916,12.42355413642252,1007,0.4019613540467102,709,0,0,8,20,50.554981707957005,0
58.80612589905922,8.501296272822621,1041,0.5110337936624503,1642,0,0,3,25,68.52315688532505,0
75.04253978974646,9.21984439421956,1009,0.5614793490890543,1389,0,0,2,20,19.24246900018474,0
54.81768299515279,16.111915617278164,1012,0.4060267732722573,1030,0,0,3,25,83.77011583702267,0
102.56875727366095,20.25788962517364,1077,0.5008752268311116,1498,0,0,6,29,52.66838579091458,0
59.78399066726354,15.715952601456088,1066,0.5741363794796113,1240,0,0,8,17,38.082541654941416,0
52.353177382510104,1.5801058119432598,1007,0.5706680192646836,1798,0,0,2,25,43.838966009232664,0
37.12888255722004,11.386156662931167,1020,0.5474120661575286,263,0,0,7,24,45.8062508578033,0
-47.24541475987361,9.430563067617609,1014,0.3537850377238558,1415,0,0,8,28,61.62386304602314,0
189.43622536691132,23.19211124532224,1037,1.0707581662907044,263,1,1,3,6,184.39719909238045,1
50.310578595301415,3.9274041918701688,1014,0.5381698281511135,966,0,0,9,20,69.10882305100405,0
20.058181180567612,20.460255270940927,1004,0.6208205581151041,1731,0,0,5,21,67.7684161728559,0
-3.0722771466735495,0.9627978789243707,1021,0.6289268308170007,166,1,0,3,19,99.0765709581699,0
-21.024329601198346,8.256978926753469,1041,0.46867294602132353,1372,0,0,4,20,79.83963665571868,0
71.94140757724978,6.752126065095283,1085,0.6271560622279705,64,0,0,4,28,25.674646290059485,0
47.141134028391434,9.426004404929039,1066,0.5109035657621954,919,0,0,3,15,56.403839317884184,0
57.25886814698102,11.600503273413574,1054,0.361030269379692,1279,0,0,9,16,35.855352329104846,0
68.89218543226214,1.7941883213227277,1029,0.6026631838990523,611,1,1,5,14,81.81578722304178,0
95.02529090841135,1.3773233905701776,1050,0.5304300262992785,1586,0,0,9,14,51.46869026767568,0
65.40800319709149,6.561214034730686,1010,0.5515336192666128,983,0,0,4,29,94.03502972372146,0
57.68089202941627,12.9035631357043,1086,0.4548411786451281,671,0,0,1,12,54.41999094017342,0
87.10497398381798,0.6981028461353844,1007,0.44475657562257237,529,0,0,8,22,98.58692356493953,0
66.88563441371392,5.8898542100990765,1004,0.36257203187449905,1587,0,0,7,14,24.062025620129013,0
65.12139546553533,15.991327755079014,1008,0.3898763953976924,1069,0,0,1,18,26.41320227269972,0
50.81940139554316,13.544188028955617,1092,0.6716443624379864,1175,0,0,3,25,71.67159012115674,0
61.31635625193562,6.260043907295432,1028,0.4019312061447208,1931,0,0,5,16,85.91663477598783,0
94.00347670696928,17.11876133717367,1069,0.33990192759858917,787,0,0,2,15,56.54266136623801,0
91.23454944282678,23.553847688829737,1012,0.46508299598938657,1025,0,0,9,21,94.41904384725515,0
58.325475766456705,9.444336303926898,1065,0.5213618002351447,1552,1,0,1,16,46.395938016922116,0
-21.42217316570492,13.867716150518733,1008,0.5258347472759616,1436,0,0,2,23,42.366260442883416,0
-8.790103716393268,18.293538951412064,1012,0.3861305491479788,1016,0,0,5,19,13.159894609687427,0
106.6531081884277,13.793020868821808,1009,0.39126502766344096,768,0,0,5,24,91.3812614784848,0
23.951218043709005,16.68790575486161,1098,0.44200427356858063,485,0,0,8,22,97.3928163689622,0
78.9598000148338,5.5009490679045845,1013,0.5446038615976683,1138,0,0,7,17,28.06707499767906,0
167.12596333990433,13.237537546557462,1049,0.7513081740185176,159,1,0,3,3,202.67662381538463,1
-21.35294979619985,12.121530820319904,1001,0.5943226790263205,716,0,0,1,20,61.51066957604856,0
11.590868039873165,7.63863710686753,1016,0.19344209097766635,401,0,0,9,15,43.71390228345527,0
61.440585037408546,22.522124450370477,1047,0.4996216704197635,1329,0,0,6,16,28.99012949396997,0
25.515350329158682,12.152790085482938,1035,0.4803393200694165,1309,0,0,2,15,59.17843582536956,0
200.26893544502585,6.244176933480725,1001,0.9041815389925892,386,0,0,4,2,173.65494346600656,1
70.37428326314586,20.788533966373937,1010,0.6049305113276757,1608,0,0,3,18,96.52386744168714,0
62.126385958319965,10.000329130354512,1059,0.5188944180730289,141,0,0,4,18,53.067196962865935,0
13.935514217717333,14.737559633457561,1075,0.5503300125223529,117,0,0,5,24,70.21213698173403,0
10.397684367880949,14.629951111286417,1097,0.4670135090665786,437,0,0,2,24,60.52407924375635,0
99.9642333338773,13.04374698500721,1079,0.48958322915710323,1762,0,0,6,22,50.318905537555054,0
80.18878427643321,19.772172364108652,1053,0.3166209258459134,486,0,0,7,13,83.91178640894499,0
64.25503239486144,0.9100066577671999,1072,0.415778642280922,338,0,0,9,28,47.82960152635417,0
47.65308022824446,15.439783528218918,1041,0.4041521504756626,640,0,0,9,18,93.35915239130031,0
18.592670519541812,14.375762175144637,1014,0.6577103457411599,189,0,0,2,23,41.54197137887927,0
71.02101836361751,8.219341349659892,1072,0.5019402437959829,1549,0,0,9,18,41.54292637755151,0
71.8682358371135,14.80983672014943,1077,0.4546391140004895,33,0,0,9,24,75.16877980253702,0
50.25668242473049,22.58447574473362,1035,0.605565532405472,718,0,0,5,22,71.5838523487666,0
57.90652435864355,8.060503580659972,1025,0.6089092900329004,388,0,0,8,17,60.4619248123395,0
57.46681907399769,14.579563618776266,1033,0.5303688979282494,754,0,0,9,26,69.34430661084609,0
13.027062825079994,10.411392876439843,1021,0.3938271737035803,1353,0,0,1,18,75.26772165484724,0
48.820781371171066,16.09392121984645,1092,0.47133569536712433,479,0,0,5,17,77.06085759137953,0
18.384935139069633,4.095446130050527,1030,0.4695665860442854,205,0,0,2,28,37.86964789875198,0
133.41515714875834,17.403315729475366,1064,1.0139356389961036,1121,1,1,9,4,191.5894990218845,1
72.49236426315044,15.160554893437501,1097,0.48687810638600243,186,0,0,3,14,2.098963082069062,0
15.463200274785677,23.53570059750093,1040,0.5307175027708916,395,0,0,6,13,50.65845355284048,0
65.26175069689802,16.917525814915106,1021,0.5626926935894452,1455,0,0,5,26,79.77309288001776,0
126.18144868348584,21.48993739360847,1028,0.46307261168279146,61,0,0,4,20,110.5671965645614,0
26.761550899442543,18.68819195745974,1038,0.4717088756817109,750,0,0,4,20,64.46430568584441,0
111.58916073504989,5.360914507856854,1003,0.4262176550558263,1485,0,0,6,15,95.13643679253593,0
16.097919828789266,22.494289074668167,1037,0.43304235042873435,1846,0,0,3,20,46.2104931897395,0
39.66568373742642,15.467472623517203,1091,0.6766103677944303,321,0,0,3,19,58.19916285597921,0
19.287321568764483,6.129536979946685,1008,0.4169389841859233,65,0,0,2,23,44.58522999374391,0
31.85279708215476,23.404617865716638,1071,0.5584996100790323,344,0,0,5,23,20.724005523454146,0
10.633424197057813,0.8561859926527768,1012,0.42641054668545064,938,0,0,7,17,34.704266874549475,0
35.57498631464062,9.47648818568828,1093,0.3805663438122818,583,0,1,7,16,82.37990201832321,0
40.47948523272396,12.680272642477302,1013,0.555435679849036,1546,0,0,9,22,60.272985533306745,0
98.4890012816575,20.402852833346685,1064,0.44402172101455334,1237,0,0,3,23,20.81626369192893,0
68.45491952835741,18.789699446029438,1092,0.5736670008944595,573,0,0,6,17,54.68908271275742,0
100.31347610560613,16.377747886927622,1046,0.44336248042715065,799,0,0,3,17,23.339612334608894,0
78.5391873289845,2.0032630843669734,1032,0.5172390765444812,1384,0,0,8,20,70.9131074981319,0
101.31840117745776,1.6699628050458966,1011,0.45035959922666235,410,0,0,7,25,34.47821290718136,0
4.053940542690711,5.615915490975067,1059,0.6162379223063497,1558,0,0,8,24,45.363204446119255,0
36.21029683181009,14.623138542993944,1031,0.32589301849121644,1036,0,0,3,23,51.93542906242584,0
72.18959455174014,19.409169525250554,1030,0.3696521721605758,184,1,0,5,17,91.45787695302639,0
40.46854709731298,1.0193018517218722,1011,0.2854671773639374,88,0,0,5,18,52.12996668918635,0
85.79933017781377,14.688093535954696,1060,0.6329731790499371,1749,0,0,1,19,76.84159792561515,0
88.24051549038458,10.514416530985173,1076,0.6272790546211783,399,0,0,7,17,56.97982793775917,0
63.25821948708227,23.89318235374966,1042,0.4593131887985587,369,0,0,4,26,95.58668632966663,0
2.8735562862226374,20.912576189572988,1048,0.4812073531373077,1829,0,0,4,10,83.18313429550982,0
69.94781486905222,18.137139206426035,1076,0.5151910939417027,1318,0,0,3,16,57.96467750775001,0
39.944990803208455,6.1605761727855155,1055,0.4605311515691394,264,0,0,8,28,50.77584512704734,0
71.09761484287841,5.528823922195586,1012,0.33678662626381295,677,0,0,5,24,95.22981533815141,0
56.38219327572981,13.725575223848878,1020,0.5019218415278219,935,0,0,2,19,42.58388277773312,0
45.440978530518834,14.352440756079282,1048,0.5145966811474371,1887,0,0,3,21,82.64518510522538,0
88.03881461309267,19.573018498056175,1044,0.5104919580653969,806,0,0,1,10,102.1783919463287,0
39.80722977057428,20.860388735532247,1019,0.5676717879325275,1373,0,0,8,24,38.6548881339905,0
54.129858226041385,15.122252386929878,1015,0.6034472438656003,944,0,0,2,28,86.41003524967803,0
48.23501437605433,20.00873320785663,1015,0.49051285703602737,1509,0,0,4,23,27.996360838581467,0
67.98352058965112,19.37118788908017,1098,0.42695249888894404,878,0,0,8,20,89.31670464829179,0
11.385092942472504,19.142384387754923,1026,0.5379594727687494,1564,0,0,8,18,101.32236782541246,0
-10.447036975198245,13.846685823455047,1090,0.5258419103576872,1311,0,0,4,16,61.37551891785314,0
31.17379991767782,23.278849147612476,1021,0.5030820921051873,1006,0,0,5,29,22.079961560644428,0
166.59505931221597,16.661048637442107,1022,0.80282842046681,631,0,0,1,5,177.23700722496153,1
86.01594975421618,15.90727407301766,1066,0.3904358413824046,1148,0,0,9,15,123.65470420106745,0
65.08234422472444,6.225398578100541,1088,0.5745887275651457,1061,0,0,3,19,73.56120295878915,0
61.68813572275963,1.5786408818674706,1092,0.40759202612487955,1175,0,0,5,19,30.344078396930747,0
61.819256775932075,6.942520649387473,1055,0.39469349296336176,839,0,0,8,30,58.02071309711107,0
2.5346970996161815,21.46939206905719,1057,0.5110427177967646,1910,0,0,3,25,80.03696172309735,0
26.130345985225773,4.207461852351352,1069,0.43371192903613226,689,0,0,4,22,84.99121553709638,0
-26.617634047058644,13.637000178899779,1037,0.6904431333148673,735,0,0,5,20,70.14009517752407,0
-6.583861118530784,6.462828475409025,1037,0.6348108762675927,1650,0,0,1,23,48.99796254605207,0
55.54481100864962,20.16302783789402,1008,0.7788379023096159,1086,0,0,7,20,96.53706490753831,0
52.489622564375296,20.30308686470294,1051,0.5111310444034981,1461,0,0,7,19,79.929408948077,0
84.14450992902854,17.10106236687824,1025,0.5167634090272991,1736,0,0,4,14,69.48342793976018,0
53.450782374422516,2.8584013826245345,1090,0.3993421567046763,1580,0,0,8,16,66.32695377444577,0
56.07150111796086,1.5505115540717025,1007,0.6045333169889153,242,1,0,2,16,89.01704329529525,0
39.83992838348727,19.05370560318458,1070,0.527282713582532,1601,0,0,6,22,76.6652751721762,0
246.75037650972695,7.206921250522468,1063,0.9059643345313717,994,0,0,4,2,166.5938738804663,1
60.43029450615009,4.6258441730968425,1053,0.5400637853197184,196,0,0,5,22,96.37063433595114,0
77.99199817162956,5.943506809095733,1002,0.3644270257974649,590,0,0,8,11,48.81776237546065,0
102.42089593746675,4.812228565221299,1051,0.5488608847273939,1389,0,0,9,23,71.33951998519214,0
97.65880784130788,22.20787329273993,1089,0.4550786762976533,111,0,0,4,18,112.59391108080382,0
-0.15283819984501434,7.21658848136981,1030,0.44463946721033454,594,0,0,1,23,72.05290643941797,0
26.966073046876147,8.324568262293349,1078,0.3937643200333922,1706,0,0,5,21,61.738131467856235,0
48.00653074071632,16.381875290161986,1044,0.42873381498359264,1072,0,0,8,23,67.30462018241344,0
68.0635496117745,18.070766391914656,1009,0.6497573873193627,830,0,0,2,17,25.075510659105426,0
22.247461385640946,18.110922786374555,1086,0.5081591490141891,711,0,0,3,20,94.31664189296845,0
44.72436786703786,8.210280138226217,1025,0.6636914814742767,398,0,0,5,11,33.677227652329634,0
-5.555281947239756,19.840471288114834,1071,0.4106564530789236,1449,0,0,5,20,107.19975163141012,0
95.1518611582499,21.472348183984032,1045,0.4703018000870485,641,0,0,1,11,48.641454578503456,0
56.31101340622661,10.503656753386135,1010,0.3500436782446723,163,0,0,2,19,78.55775165567908,0
65.08353280685583,13.242961525907896,1017,0.484147303495763,1587,0,0,8,17,80.87696721215723,0
80.7532745774532,5.77643782136018,1061,0.46165510143780353,443,0,0,3,20,54.42578956302625,0
84.88515732604958,13.444621301621599,1082,0.49115525495163004,1844,0,0,2,18,65.74225141261553,0
93.45497689678778,17.533441941539166,1081,0.43969634035888333,1344,0,0,8,15,100.94279004479837,0
-4.769739869938242,8.797481276915764,1002,0.5182678795053116,1976,0,0,1,21,57.2790551801502,0
49.91641667999296,17.467816060174652,1097,0.4771843460059792,1577,0,0,3,27,25.51816998638388,0
17.944377377526834,12.580985254744771,1043,0.521342126095563,993,0,0,1,14,94.83086633210382,0
42.105161838205206,0.9193733277948235,1007,0.5872040958117084,826,0,0,1,19,57.63466915919691,0
30.545923999425877,19.159515210320325,1030,0.4471807650390989,90,0,0,5,18,60.49452471572097,0
25.711894402350616,5.43729236463099,1076,0.4327358722598611,116,0,0,1,17,93.04107503277045,0
66.57469863251444,7.156735155622306,1012,0.53795210060435,894,0,0,9,26,65.66104046981148,0
25.568054376610288,23.411567818746267,1059,0.5797520806484991,1706,0,0,1,16,29.260133021875475,0
23.61068973346278,12.02568769697465,1063,0.4055528485249656,232,0,0,2,14,54.78098913611771,0
94.18012027252945,7.658288156951712,1057,0.5663946732246896,313,0,0,9,20,63.35872102266953,0
46.58999932755694,18.90500954127405,1012,0.6455840401520445,197,0,0,7,14,58.01886890109371,0
41.69560100333238,2.310013997705415,1022,0.507330984446664,1688,0,0,5,18,67.65150120289772,0
25.68414110535121,20.340768083088427,1045,0.5739214441562854,414,0,0,8,25,53.13104382080715,0
37.066232912747026,21.013359704390552,1092,0.5633396563983853,364,0,0,5,17,95.9889209115808,0
64.030795152963,18.962628294410266,1022,0.5966552270726451,596,0,0,7,25,94.29813180706293,0
11.792433542102025,16.989408736750395,1085,0.40113049111338867,481,0,0,5,14,65.21239590221576,0
68.21867045305079,5.3500526804601725,1085,0.4905408879412488,305,0,0,7,12,59.92041056354221,0
2.2957450795910646,6.282960026464979,1090,0.3296572873769301,1057,0,0,4,24,78.67787085407791,0
10.307306197775048,11.565781652064052,1024,0.5201207038958549,889,0,0,3,21,43.73311986941431,0
80.19819623097884,20.444070210285613,1039,0.4899077053596599,1316,0,0,3,13,70.92091444036724,0
2.8574000498509875,8.072175324498403,1054,0.4979945575004075,1533,0,0,7,14,42.36515467097013,0
58.29744516773147,9.49253127003406,1047,0.5436839769303676,52,0,0,2,24,87.08725006788865,0
5.838887809196251,3.865780273667248,1042,0.5458960272351405,846,0,0,5,25,101.47175011007363,0
59.903413714128305,16.255718111075385,1078,0.6003892242781392,267,0,0,9,25,32.84063977112647,0
63.73416829777354,6.756840962565464,1051,0.40966195702128344,357,0,0,1,21,90.14830771395256,0
16.931907786324338,11.57941066602798,1084,0.6301018622956183,1457,0,0,4,19,71.23401663886315,0
84.09366722974536,10.51451495154183,1055,0.2956162755693372,1669,0,0,4,16,93.35304659067091,0
19.279142273408613,2.933620628508626,1074,0.381947733077639,1660,0,0,8,26,97.74901657348778,0
38.38608050631456,6.181625415588406,1030,0.49393122079194274,832,0,0,1,22,73.56291526280953,0
29.94635267440467,13.944919780109842,1063,0.6110219911858131,622,0,0,2,22,58.13902718482625,0
106.30387437674199,6.114211084796288,1024,0.41534912916725436,360,0,0,7,23,23.94086063844236,0
73.64612422391559,13.098659649734653,1062,0.4452281165703518,419,0,0,5,26,53.05706511791321,0
54.999674520795324,21.334854136575363,1061,0.35823569657052756,1807,0,0,7,18,55.84842704282745,0
28.527200326677445,22.344534697703857,1094,0.4919503470995523,1814,0,0,8,20,100.6876583628918,0
9.512713653454036,20.76998116292265,1087,0.5957228694347472,1774,0,0,6,11,13.77992665506315,0
38.01091443156193,0.8700556203550764,1063,0.6083293149010955,252,0,0,7,19,91.66774777147552,0
60.4502521773838,8.763920536272689,1074,0.5857722145361925,1631,0,0,7,27,132.23145809874384,0
55.11391312989713,19.619434543318096,1071,0.6654914234728568,564,0,0,9,25,16.99065314939675,0
64.39819223444836,12.49160194537316,1005,0.5479886291314462,1393,0,0,1,19,112.25986662337831,0
32.090192347372025,14.110613721318348,1034,0.5317495123920128,642,0,0,1,16,59.156685140357894,0
38.81973248144077,19.52995909362114,1035,0.6094287680323035,855,0,0,8,9,75.90838563483058,0
111.68621389820967,3.3545198662438676,1060,0.5838255478569698,756,0,0,2,22,49.123172322537656,0
18.88261537020631,20.90137368064,1029,0.4006128930789902,1906,0,0,1,20,23.988154429663687,0
62.84950077125713,22.003759008562085,1052,0.6187474223222456,1845,0,0,8,17,10.910717216206322,0
41.7248012031063,23.62023942947717,1088,0.49131556153355466,164,0,0,1,19,50.69021237608736,0
24.249266594563593,2.678476786845403,1063,0.6093755062087032,1580,0,0,9,25,60.716897896432926,0
20.04937877783627,7.811255728238944,1074,0.570779209554656,282,0,0,6,22,89.07290511542793,0
32.133951944484224,19.394850119647707,1084,0.5572780988014167,568,0,0,3,16,65.63119424931226,0
83.42965084006616,3.034229451720673,1024,0.5530758754624501,1037,0,0,7,28,106.30762725518947,0
49.269362232170515,9.301960018483994,1041,0.4923478793432312,222,0,0,1,14,3.7682362270119896,0
11.142241379986373,3.8617268151240083,1065,0.6215484078347561,1513,0,0,4,22,56.92164499199922,0
52.79475013099227,16.825612394637055,1021,0.5101727314071831,1118,0,0,2,19,44.90092853044604,0
107.00805272932894,21.031344712003055,1045,0.3753005452867347,525,0,0,2,30,21.51375154307604,0
85.18187057778094,0.1944225995357387,1058,0.33787770178599047,1721,0,0,7,17,56.68249643022332,0
32.785402582696435,23.191457013417903,1065,0.44054171685147003,953,0,0,3,13,32.6016248157225,0
100.80641400241015,9.788711122215885,1014,0.4053625196203336,675,0,0,5,22,69.83448784449217,0
22.986546158659195,0.5863514233845146,1052,0.536893497355547,1583,0,0,1,23,79.8434289929537,0
40.95421112691959,17.492887034331922,1087,0.6322592800339097,660,0,0,4,24,82.59594459817492,0
71.46143946323733,18.25938099434585,1051,0.30182772813043085,299,0,0,6,15,75.55392692804337,0
48.99162305888861,23.499677754035726,1067,0.524067078023531,688,0,0,3,16,81.27004733077156,0
40.14144572753046,1.4395025325963946,1053,0.5753709193627146,786,0,0,6,23,95.25242553778205,0
20.4258857399652,2.6303488880430486,1069,0.4918564596634869,1906,0,0,2,27,68.15892404145382,0
31.933638189146585,18.293581489060628,1086,0.5600317703856078,678,0,0,2,15,10.354409338258414,0
84.90128165490651,15.32905396230899,1077,0.593177714592146,626,0,0,4,19,60.773354576163506,0
71.28355451417119,12.896585981445053,1008,0.526421112665173,1472,0,0,6,20,34.504639959624114,0
36.47017948912072,22.914088294702967,1090,0.4921062026640493,1989,0,0,6,26,44.91816868067569,0
81.14037581947886,21.440230867300595,1082,0.5277625629784224,676,0,0,8,24,85.3712034599201,0
43.34655788851593,14.370568899206797,1039,0.5943203250005649,858,0,0,6,17,57.16299546494881,0
55.125963143838256,17.180400372643465,1049,0.541904063206112,1986,0,0,6,14,28.974436058344228,0
61.07049313475501,15.872356951486072,1019,0.5311340739753664,1656,0,0,9,16,76.34967200159457,0
1.246362233524259,15.611497566676102,1095,0.4057175399447319,1247,0,0,7,15,32.24054020246808,0
80.64868952219116,5.062865262066081,1068,0.5085954699109165,1784,0,0,7,16,63.50416341325033,0
27.371724499419262,12.918065912274376,1023,0.4225949569976194,1842,0,0,4,13,119.02725583146349,0
77.96574692781154,21.33331055175558,1049,0.3696538442770576,55,0,0,2,22,88.92067817676326,0
49.67398588895084,17.54485819987946,1097,0.3479251419139272,1501,0,1,3,27,19.069631095695073,0
89.61242029351502,1.894727156078928,1066,0.5145321422789643,416,0,0,5,17,31.558564262336343,0
17.08569051113558,17.58445659352323,1023,0.7069361281748575,1840,0,0,6,21,66.94882993142984,0
106.39623648263024,12.176244775733192,1082,0.5990853192665029,1901,0,0,2,16,53.539799581905534,0
59.81511658633371,12.845744085953603,1068,0.4827909418568779,620,1,0,7,17,52.66667952003601,0
21.537539141959996,18.02952453379397,1066,0.5006196008108358,34,1,0,7,25,26.873449209601922,0
37.705962686194006,15.401914620025376,1082,0.35367331327968643,53,0,0,7,9,47.37957881754517,0
71.29798244441713,8.010595014469576,1069,0.5541937516089399,713,0,0,6,17,90.28090230804307,0
56.72649212872379,15.117208888108784,1026,0.665589307628031,435,0,0,8,22,44.28920819910613,0
90.1797976844,23.304699149882392,1086,0.5479738550068705,71,0,0,8,18,109.98156996188852,0
58.90954019699558,2.922047943544282,1081,0.5077251193755872,659,0,0,3,23,36.572165948753195,0
94.51231730611121,7.288763259094721,1066,0.5689044143519639,1367,0,0,6,22,16.26728410071368,0
31.21054171450979,6.518374165929545,1090,0.4369025302932221,1620,0,0,9,28,86.96876045250134,0
38.6372049019072,8.885507659799364,1023,0.3057063944956768,46,1,0,6,19,62.037458903343285,0
68.37406382040807,0.20366429000263242,1015,0.663296873452726,1218,0,0,1,26,89.6092113057664,0
-21.75868612939071,11.960445391451053,1003,0.5391744098920336,566,0,0,7,13,41.151031677385845,0
80.6588946518001,1.919662990576719,1035,0.4037816717362125,803,0,0,9,20,87.47322716527928,0
70.24458476499811,23.008745792769563,1055,0.570169983397828,1768,1,1,8,20,80.47413795262341,0
22.744924654634268,3.3530445755798004,1018,0.34892874890873354,419,0,0,8,12,57.30656652900409,0
41.565078726063284,13.904726815837135,1086,0.5457162070686442,334,0,0,2,19,41.942387119487535,0
5.321472066793461,18.674165372369778,1041,0.41529541430690775,243,0,0,8,18,62.99773672938475,0
39.25266866277476,11.678641048545176,1049,0.5757055593934085,529,0,0,7,20,93.18272459868462,0
49.05682488875671,5.770693528221823,1000,0.46550024203659385,1117,0,0,8,24,17.82375963431614,0
75.33367616214997,21.845452782778736,1056,0.46730245339573645,1563,0,0,3,15,61.74668971694634,0
64.34421726667425,5.328861752891048,1064,0.6964939232185489,1532,0,0,6,22,57.478328679883894,0
41.9558258227471,22.779171669999947,1098,0.5056305062613867,1757,0,0,6,22,67.73712737070586,0
55.63401014127566,13.317465028205024,1078,0.5506209037087489,1020,0,0,5,11,89.87511843716615,0
19.747009384065628,0.3777746668012316,1002,0.41499118646743616,1300,0,0,1,23,60.093608505115995,0
38.00519797140421,9.62566345576278,1096,0.26167885031988125,1286,0,0,2,16,64.41361097488175,0
110.40161742579869,6.215962908674392,1021,0.743688204041543,447,0,0,6,19,88.02683017722237,0
72.43730768352602,1.0778279162095572,1014,0.5127284332793701,441,0,0,8,16,39.947786892925826,0
88.7138222412905,3.910474535257106,1096,0.47808765256630154,616,0,0,1,24,76.23770930673028,0
60.54439701056605,15.34413032403374,1073,0.5990715012156512,535,0,0,8,15,71.2718823874128,0
33.144737019449025,12.556614086608628,1097,0.6557956410921102,712,0,0,1,23,55.3917795000165,0
79.36574152345386,3.2231271454844803,1010,0.5712867951527384,842,0,0,7,27,65.84681780701902,0
67.75442401224134,12.799844226070473,1092,0.5680186664892842,394,0,0,9,19,56.91524542532365,0
52.597693624186995,23.57434947253671,1086,0.575367163276517,1861,0,0,9,15,62.538900100550464,0
46.866523443875856,11.91274493919137,1010,0.5084308197697567,1373,0,0,6,24,96.91486664086878,0
77.3125549905671,12.872391069589344,1033,0.4802551945666613,517,0,0,7,21,49.33806902296819,0
28.425400422727396,21.322360923458305,1039,0.3863285994608445,1306,0,0,4,18,45.48396515788928,0
53.789425984496006,4.07568830149763,1032,0.5631594659906219,757,0,0,7,17,124.05748121346402,0
36.610384542969655,9.398445142117332,1059,0.5134296292532873,639,0,0,1,18,17.659601483832766,0
36.46523424773004,12.342515890621227,1066,0.318987920977607,1716,0,0,5,21,85.77688696743098,0
59.427419977858214,14.74584022361198,1046,0.44317061350194237,840,0,0,7,17,61.54632481352321,0
51.308073391173615,2.370071248360521,1052,0.568970762015633,1718,0,0,7,17,66.81709057076891,0
35.78481958787252,15.69095162008135,1048,0.512048798963325,1701,0,0,9,24,98.15791284813554,0
50.62659464887885,23.65297153617694,1085,0.6174148947221075,387,0,0,4,25,47.511811886511964,0
47.61075826262854,23.139499100773392,1038,0.615243388823591,1390,0,0,8,23,87.99373419788128,0
23.253695304364857,9.713407474678455,1083,0.3854689408682051,844,0,0,3,21,89.64083900341853,0
-22.791762116056248,7.77445358587281,1089,0.605624392022851,1910,0,0,9,20,59.91159057995484,0
41.544654518087,3.345388169528417,1092,0.42444792541768417,1467,0,0,4,17,51.391416585393046,0
18.274559891197054,8.607284828989808,1088,0.6590063811844579,583,0,0,7,17,88.71621395244343,0
13.669514007126303,21.435329241106402,1035,0.2949455400135334,151,0,0,8,23,62.58995950282272,0
18.130888588216855,16.39114604852849,1064,0.5302210964245239,1686,0,0,1,23,23.20915553886642,0
54.95720150194776,22.195718446348074,1060,0.3652296021864865,1565,0,0,2,21,26.90066175813636,0
24.067198839928412,18.279047346943074,1049,0.4721334684716585,897,0,0,2,23,93.2198613548714,0
47.3079291713832,15.045990703533494,1008,0.5988937881289266,774,0,0,7,18,8.084897014252249,0
25.982289729556836,13.795920644536576,1053,0.5032845545660554,1366,0,0,4,27,24.37326094110223,0
-4.112514522774887,0.9640275348139493,1042,0.655362280087115,1392,1,0,4,27,114.07718812430618,0
78.33155668506168,21.612371819115282,1075,0.7188013509231933,959,0,0,5,15,62.32038851986783,0
66.23963882024835,8.06155848280817,1091,0.4647423956848516,1353,0,0,9,19,91.3854132649159,0
47.57850259674253,6.476002878986264,1098,0.405249410800861,1686,0,0,7,19,97.24706996308767,0
17.760168817014105,9.560670870401761,1001,0.46050848318871723,249,0,0,9,28,58.89887089180775,0
56.57214687613006,18.61355612321954,1025,0.4250067715320274,613,0,0,8,13,91.20271135302224,0
27.5836496255653,9.098081353172452,1062,0.26667118964283276,601,0,0,5,18,92.74064173117895,0
42.83203702490917,16.67058267904148,1047,0.1882967682649122,1806,0,0,2,23,45.31867725385083,0
3.565953310729064,11.08753981599384,1082,0.5703566637530472,631,0,0,1,22,28.585207886202497,0
71.07979995497918,5.337268228725321,1089,0.47960071400659976,789,0,0,4,19,65.75799009416306,0
-19.421321980003157,12.093532759021983,1072,0.478834405063103,1104,0,0,3,28,38.14874644443104,0
12.648463294880152,12.911031159458375,1051,0.5907650721443054,1486,0,0,9,19,23.817475747831665,0
21.757904929939254,9.00141465871455,1097,0.47480176540626085,1221,0,0,6,20,63.263099670404905,0
65.0072140830971,21.32072838723034,1036,0.5855000782252542,561,0,0,5,26,74.7599067717997,0
26.227402370001162,16.96586436237577,1068,0.39375346340012657,775,0,0,4,13,73.47463504684066,0
30.28595113165826,22.123146156084214,1009,0.572045392722246,1047,0,0,8,13,60.39288474351706,0
42.638356519913884,9.303837613411178,1024,0.4288065880675273,1163,0,0,8,20,34.55695508803265,0
25.998843068070606,23.625151502846478,1040,0.4748346491362272,1429,0,0,1,20,31.407341842320353,0
38.361050932776436,16.292738138052325,1063,0.4922432062306445,1242,0,0,3,17,54.33160580272969,0
45.44146629584043,21.786239789771344,1057,0.49824614807161244,300,0,0,9,20,46.49966665951031,0
63.183580713739715,1.3471581125057357,1077,0.47997137059045086,30,0,0,3,17,74.31347346681707,0
78.87507775859896,19.392274082322565,1075,0.3629543449005661,73,0,0,3,14,72.6389203833606,0
61.05492760517116,20.060232596835725,1077,0.4744756626159312,1491,0,0,5,23,14.855100643803226,0
62.759639249903316,0.7466060204979872,1026,0.34779774089765947,375,0,0,8,27,26.344329914473086,0
37.96372380365967,21.912794353290977,1025,0.5488702583480962,374,0,0,4,14,40.028884756228734,0
60.094993664627026,4.962380626408815,1014,0.6465456940533809,585,0,0,7,23,65.85514582812084,0
9.582382472559523,7.902617501338983,1041,0.4820918224347819,1126,0,0,8,25,105.15235665522242,0
47.75220331644656,23.649714803535154,1028,0.3412896921316789,1268,0,0,3,20,46.33131147656502,0
43.30185234700071,12.68773997224455,1060,0.5794931145230727,905,0,0,3,16,54.5959403240221,0
21.902239812690738,10.699722769720301,1094,0.5522348100960954,1731,0,0,6,17,71.43850709152619,0
170.34842714236416,15.099747283960479,1089,0.8545607692902603,1854,1,0,3,5,179.9514480863531,1
67.12671532079501,17.250936835680616,1020,0.5362360206344414,1581,0,0,7,27,73.99719751108302,0
26.723755305005486,9.145696234426135,1037,0.5128867615216776,493,1,0,9,22,39.465814321750784,0
35.83728266908618,22.681900747387964,1068,0.47767127264508175,1525,0,0,7,16,63.96934348095357,0
39.09163363358432,9.168835929870504,1084,0.418561227826558,1720,0,0,7,24,100.6303676976595,0
54.40805895160064,5.843886220444368,1013,0.48272360338812187,1528,0,0,2,16,37.55794184320297,0
56.531546032615,13.766538866971278,1021,0.7259698345797133,924,0,0,7,26,54.4454968775633,0
58.02176942215709,5.319932234097319,1009,0.5920984828890661,530,0,0,5,17,66.69791622852061,0
60.39581054939001,1.1150754533258311,1057,0.6214985515226333,660,0,0,3,21,75.17144586349976,0
-35.125193241921366,12.55574551545868,1051,0.5754239585011309,388,0,0,4,21,100.18791701312756,0
52.18041572988024,2.4463657627336817,1025,0.4349879399936096,1582,0,0,8,21,26.007614179436267,0
87.3512302466977,22.730630739494142,1054,0.3990863917736069,1729,0,0,4,22,76.7915935784452,0
18.510335032701764,10.892109150167531,1061,0.3928243946356805,1490,0,0,6,27,37.85705935764251,0
201.4502859164463,21.60714809057073,1062,0.8239393047636974,1832,0,0,6,1,96.14890606504777,1
75.2182013835015,14.372879453444195,1008,0.5711572364932631,1415,1,0,4,12,82.30766510804214,0
34.018235053492894,1.4938494278107424,1031,0.4500660402479351,711,0,0,2,17,88.68624309392503,0
65.23973980737631,3.6321902085967928,1064,0.4983069183260801,1271,0,0,8,22,63.981332853571864,0
71.47618234072878,7.545840632971088,1039,0.5670418839579691,1716,0,0,8,21,30.824749138412983,0
71.96242854299066,0.6518712348876807,1041,0.5510204576338451,1350,0,1,9,21,103.19942882488738,0
66.0887272855157,9.964743339405821,1068,0.4920358023851144,1309,0,0,6,26,90.05670717375536,0
20.70799854008608,1.9763158978988722,1075,0.3391550167550027,1760,0,1,7,22,49.10259715566049,0
60.266767382730364,13.296408458582851,1047,0.573463793228365,1364,0,0,4,19,115.00922831117938,0
74.89197253637523,12.458201528153477,1015,0.6093825224937796,1796,0,0,3,16,-17.639945806652534,0
21.80290696673406,10.610489908986693,1008,0.5054356194746527,207,1,0,9,15,83.3056684473201,0
34.123969705654616,1.3652985205475776,1033,0.3794038223232551,815,0,0,5,20,26.325118138980308,0
27.730159613702845,8.918522383220552,1024,0.45259905947284945,1793,0,0,5,17,51.12429791533931,0
-21.14978082576677,12.978437587856071,1091,0.5151392250797853,1403,0,0,6,16,105.135153513613,0
57.95491768239762,22.584823290949075,1083,0.4022048886845983,1832,0,0,7,15,60.32939247665865,0
17.60791036172455,11.55728153105424,1078,0.45178595502875996,208,0,1,6,22,105.32325801060682,0
-0.23408381359735841,5.078767856385156,1024,0.4408468040891165,1025,0,0,2,25,-6.322465423191872,0
25.284893910765376,23.51329544289146,1046,0.5224540123129869,351,0,0,1,22,37.920604268841586,0
30.70449973918909,2.997199517775508,1078,0.553039635261356,391,0,0,8,21,54.96505287258596,0
18.223594343331452,1.8085175094934032,1024,0.5607111048503385,1036,0,0,9,17,68.4110827054356,0
31.987293027838845,13.017843088279406,1096,0.6309998788233323,988,0,0,1,25,39.807123410052235,0
67.11263520082386,21.05180899848127,1026,0.4068417974996225,1383,0,0,4,16,38.43876486107166,0
44.39385067515923,16.207764643371984,1016,0.6317739145856588,1623,0,0,4,16,48.27404606876055,0
58.35045903934009,5.1631254341923,1047,0.6287555988222152,874,0,0,2,22,69.77595958338331,0
72.96206468040049,3.844914105493089,1061,0.2990827034223724,1537,0,0,6,21,62.19718822877822,0
60.254756418648995,7.01694202392611,1049,0.472018747810148,1783,0,0,7,16,64.63359939205912,0
36.79176089447589,21.052880258256117,1000,0.44020579333302573,236,0,0,7,13,46.037407840291294,0
37.19587415194227,23.22689260640278,1084,0.49142899086694564,248,0,0,9,28,100.41055836068246,0
48.0568322060637,0.9142250781486849,1051,0.45465768229263825,353,0,0,8,17,65.98402010313409,0
62.58597331721083,19.527069125351524,1010,0.49869151646559984,885,0,0,7,13,65.56133175888003,0
-6.255174089372339,9.331082855073664,1041,0.5635727535131252,1657,0,0,5,16,52.76883586936664,0
69.77737005297215,0.505935850284887,1098,0.3667855567023286,1445,0,0,3,16,68.96609187737329,0
34.26439201160679,9.293228569900915,1030,0.39475998653572186,90,0,0,2,21,35.25811233314259,0
64.46200182006159,23.855945601928106,1032,0.5523677403484505,119,0,0,6,23,84.19228330228947,0
25.09788514612289,21.505981455182212,1001,0.4973164064514855,334,0,0,8,22,55.12730217861412,0
-3.1320565926427335,15.161668243761861,1013,0.5567282598957984,498,0,0,3,18,33.69949635858188,0
61.44276852603026,23.8725631191486,1023,0.4421498124615699,771,0,0,2,15,86.84913376711958,0
66.99622961244968,19.66284097780853,1049,0.6305379714087285,338,0,0,2,22,63.26848858822977,0
69.90939041098524,13.882746140464713,1074,0.3426036111623423,151,0,0,5,24,44.982663048147245,0
67.05933848038312,1.2713225956888312,1028,0.49560190897713297,462,0,0,4,29,80.05225929477517,0
47.13976726409952,22.017766226225962,1095,0.5635072670693696,819,0,0,5,20,24.148706015521626,0
36.180836871206374,16.932063855915295,1088,0.3777856206633545,1325,0,0,7,22,85.09627623242483,0
31.94880163311809,7.2126421737239035,1057,0.33264919872718457,687,0,1,1,21,28.663692269162745,0
37.71978274344127,20.350813793457977,1077,0.4587155928572815,554,0,0,6,24,84.40032834677905,0
64.41825780042042,2.115711462055179,1072,0.46285341501179145,1112,0,0,4,22,46.26483953154851,0
14.123508138944473,7.012243281169077,1076,0.5105371159211032,144,0,0,3,26,68.81194688549016,0
49.31395813103354,12.989295072789455,1067,0.5544992807797496,290,0,0,8,18,26.21772408902286,0
51.71039374691254,3.0752409660125766,1075,0.412270811546227,1911,0,0,9,19,64.09051785531538,0
70.79652804976112,0.3355390041482842,1054,0.6604816385489876,711,0,0,4,14,30.70665852944984,0
65.9307828468263,12.377666505944877,1030,0.5193696750913187,778,0,0,7,17,49.79304459071248,0
82.18934143298036,1.811469946176695,1031,0.6690690504128964,390,0,0,6,26,79.99927107448383,0
54.06015043676873,4.0258657473504655,1076,0.472770149045779,1071,0,0,4,26,116.81757917413091,0
-2.3428116281590476,5.14785298534518,1048,0.6108045088660903,1818,1,0,7,19,46.077491444078795,0
-2.76218459269343,12.660348477325076,1017,0.38028743229686984,195,0,0,6,19,91.54235973962025,0
79.16170897219166,12.346714275247432,1039,0.4489575330136905,1036,0,0,6,25,24.765673584891516,0
44.269167121994926,6.837327333673465,1057,0.5549858871542527,1009,0,0,8,20,45.464629870465174,0
54.51181359428623,14.319909766379556,1091,0.5506387679387055,847,0,0,2,13,82.75171843456451,0
38.91168991869098,18.7112245472035,1064,0.5372859247311839,729,0,0,5,14,32.93738059351802,0
8.797913330907527,3.3738990879139754,1030,0.4809003325642237,1260,1,0,6,13,26.525673124735093,0
91.00622802333574,20.975952278713997,1091,0.38017996688985967,200,0,0,9,13,60.15145246820179,0
71.54557177123803,20.418729183136367,1058,0.43168197182970586,1734,0,0,6,27,43.96419846232057,0
46.7558302882575,20.76901469045063,1051,0.5875852689487822,594,0,0,5,20,113.06667972457097,0
49.84680103918325,21.033803725907568,1024,0.5974817192518906,952,0,0,6,15,58.66359851279809,0
29.851298961858454,20.75496532799749,1089,0.681323320719166,1949,0,0,9,21,61.05217982136119,0
22.511776983088254,14.925195874918394,1017,0.6335236789726288,1832,0,0,3,19,38.40226852533335,0
19.10564454374465,18.525749841602142,1092,0.6245501450480595,117,0,0,7,17,52.427123777091694,0
22.17340007564816,15.15688583382385,1062,0.5605160555769204,1688,0,0,2,10,64.20094309520854,0
25.557319915293558,14.224273581929893,1037,0.5175257411422407,877,0,0,1,19,75.13586663933793,0
36.808068251774756,22.37990098832975,1089,0.49438878050666507,1349,0,0,6,15,54.56518842158534,0
32.466341244486856,15.868581593566512,1011,0.4411880286868194,978,0,0,7,24,22.02320008702072,0
32.864480777474405,15.452332867477125,1057,0.3687569033765674,758,0,0,2,14,60.05681709122032,0
76.7059523337436,12.02977145820848,1027,0.3599577235831566,897,0,0,6,12,81.01121878042494,0
59.449156146659966,4.764964867869455,1001,0.4728983587379167,1269,0,0,4,27,65.8200803970028,0
40.165806203704314,16.599107774371173,1049,0.518883506810595,1665,0,0,1,16,72.87934371666634,0
49.204583736523496,13.924232875116813,1010,0.4963941626682435,1045,0,0,6,30,19.2776274667198,0
70.53458400658988,15.895572586611042,1054,0.5016240014444546,1923,0,0,6,14,49.261964023909755,0
57.15106948204355,8.459106825581756,1091,0.45463089893887,1333,0,0,1,13,96.94747662461764,0
40.77285748652602,6.56799009844384,1009,0.5136456124553913,1307,0,0,5,17,116.86178936086412,0
57.22259538465705,12.385219736203027,1028,0.43357771288798813,1452,0,0,8,22,0.6911188106458965,0
46.09570836896946,4.477532631231833,1084,0.5502454935514753,573,0,0,7,16,76.87609795812472,0
54.075677046988716,16.444144567237135,1005,0.46705519469472406,1059,0,0,8,21,36.36403396480084,0
67.22213662682003,6.403290770214031,1028,0.4119738613303593,320,0,0,1,25,69.7957116892645,0
17.817709227805807,3.6083009935623966,1099,0.4147391498284575,64,0,0,7,21,67.5167661839017,0
32.00535818248815,3.158257849236244,1075,0.5349011613806214,1281,0,0,5,15,74.95576902768991,0
55.2681064941311,14.632843971637055,1039,0.4992169981168073,774,0,0,8,33,74.31893965848694,0
24.483941637588682,3.8049968541986505,1092,0.40271653030779064,1216,0,0,3,22,69.09379308805849,0
46.961578438954014,1.9151291174269778,1074,0.4765541834731798,38,0,0,3,13,91.84385046807297,0
69.07903252135213,12.14223010781209,1051,0.42047643477490754,1550,0,0,3,15,40.133862239552286,0
17.800159033313136,23.87639536948302,1001,0.4092240406886568,1720,0,0,2,17,90.00497007664012,0
12.90565140222953,6.492836259215738,1093,0.49061424596860365,1732,0,0,8,16,45.68058583243113,0
26.273018549973408,21.01678495062157,1035,0.5516615944906821,854,0,0,6,16,74.86051937249857,0
64.82090558848216,2.2065104621001037,1071,0.5998136036220548,1272,0,0,5,22,71.95479142527577,0
65.79610051016921,16.766358881448944,1018,0.474991670626973,554,0,0,2,21,69.75912487937016,0
19.209391328303116,0.8122648999920683,1011,0.6321705033519898,773,0,0,1,25,59.50653117668322,0
42.96238599874559,9.696482468707526,1065,0.7487920407234893,1626,0,0,8,18,80.32301133498662,0
25.98993781504089,5.73060019966944,1005,0.4785935405153883,1676,0,0,8,19,83.3040607952171,0
72.60024863313598,11.654599631924327,1043,0.5475549090874514,377,0,0,7,23,59.94578716719932,0
42.983065986392184,11.983563553949878,1069,0.5219776220076867,1652,0,0,5,20,74.21513916863533,0
8.994249101575207,10.654407592874701,1026,0.32185060666897014,1174,0,0,3,34,66.73621021293411,0
82.84395506681976,17.80489164232694,1064,0.47826957525831953,295,0,0,5,21,96.67235916701466,0
47.914031412731916,0.9635464806897689,1042,0.449846384750251,274,0,0,2,12,37.026631761146234,0
84.11943627094188,1.7100644477127593,1025,0.4739316940355702,1365,1,0,3,18,75.13799452175581,0
19.52363519030065,12.409160512563197,1030,0.3958693160671644,934,0,0,5,21,72.78039454822893,0
4.643497413103589,1.8300375443100831,1025,0.4347577343982398,1161,0,0,7,19,29.84808093265026,0
16.140964568623787,12.162187632570458,1001,0.4874848276112805,657,0,0,4,22,82.99169852390969,0
44.95098730485072,8.403876767232784,1015,0.37075873112960056,766,0,0,8,19,70.91896340937402,0
43.63730990238723,18.195323076222905,1005,0.3043267475611604,864,0,0,3,25,19.470270908417163,0
30.69445308859571,11.125253359264459,1093,0.6220404067195928,1511,0,0,3,21,108.83219855473803,0
75.07076336195425,1.4584624415097807,1020,0.6578431539841406,1316,0,0,3,25,87.19279245040293,0
70.52489625826864,7.557829140641191,1066,0.515325805879241,509,0,0,9,25,47.25433157580276,0
52.38948747841775,16.648248874846132,1004,0.5744374626994592,1513,0,0,5,24,57.77781742931016,0
16.413616148504943,18.68484890408173,1079,0.5460278691448597,1689,0,0,9,16,10.175396477378364,0
21.51803333504171,7.135214381415344,1075,0.44718145372993556,371,0,0,6,11,21.031475714406767,0
82.91900562631126,13.947549959358252,1033,0.43407453940785523,297,0,0,2,18,78.05555175875897,0
22.76731459559239,22.36292503322818,1080,0.3542392983151704,445,0,0,8,33,21.089050181767313,0
64.89200353201824,20.88729068399622,1092,0.6398893107997895,1809,0,0,9,20,76.77325822894232,0
37.85912429410021,8.325919688901536,1035,0.5133047932870426,754,0,0,9,18,37.099995233774266,0
81.4612137924969,1.1648028175120553,1055,0.5162932678351738,1101,0,0,6,19,67.84904642923067,0
14.009074149040757,13.577469872263016,1082,0.4788839657624453,1992,0,0,1,22,75.19056625953587,0
-15.883834632998386,15.088424002190516,1063,0.4291895097551617,603,0,0,6,21,62.53814563416057,0
45.51915513051076,5.143398291883959,1075,0.5701257652936988,704,0,0,4,15,26.794407721538867,0
51.030001657065064,1.6440711144511413,1081,0.5634275563347225,1005,0,0,7,16,32.318462201454295,0
71.22775465923858,15.257682678126457,1034,0.4704616507666955,596,0,0,3,15,86.73163333211795,0
10.254626572017798,15.667881557328045,1031,0.47844443014824967,213,0,0,9,32,74.42555329313237,0
55.623781462667324,8.651025290562039,1022,0.6074006808695123,1373,0,0,9,23,101.93996386612056,0
86.81821466243788,6.012038325232879,1090,0.49307501881092813,1876,0,0,8,17,73.177337341145,0
74.91494401957856,6.232210934134781,1078,0.6331121097774985,870,0,0,5,21,102.99949681328351,0
72.05807929924963,13.797902020269609,1099,0.5514642270161962,1804,0,0,5,24,69.75328300225354,0
22.335040274671236,0.08426042185561489,1057,0.4814739301484159,1977,0,0,3,19,10.692759424297535,0
-0.26741348872283766,13.301153167653187,1006,0.41250322561277974,678,0,0,1,15,45.61025210344514,0
74.7777074909196,14.05824860090139,1078,0.6194935165129478,1263,0,0,5,25,48.93148734194587,0
7.281256634071795,21.95258219299757,1062,0.527877670266034,760,0,0,4,21,58.97167671965765,0
34.292720347802515,5.612825847297031,1059,0.416161729522735,970,0,0,9,13,64.53251934681816,0
41.82719297207385,13.790309992903909,1070,0.39501446318160993,903,0,0,7,21,84.88406158148096,0
72.60258390507292,9.768259013695737,1097,0.5250948849328588,1128,0,0,4,23,62.666575255854056,0
44.821181001775415,5.638765508001425,1092,0.5497790669675072,573,0,0,6,15,66.98578207896873,0
57.25406214667245,15.571166989893326,1053,0.6911910553818973,1674,0,0,8,19,107.98159030179377,0
25.904631479589654,20.225258964947244,1079,0.36298550685969344,147,0,0,8,22,70.82089130997564,0
9.558586641794989,9.3163440250963,1029,0.4736761015664398,284,0,0,2,23,58.4679724714333,0
21.030055894303757,5.700553004353652,1092,0.6748817058029057,854,0,0,4,16,63.07163630136571,0
68.77002043295019,19.69620920162569,1039,0.42371854093096395,1604,0,0,4,17,28.13068064604582,0
34.603593005852446,7.850391969601903,1016,0.5330826795434868,1212,0,0,3,17,37.14327769991197,0
55.387453458187935,8.549958074102012,1067,0.47870150885485074,686,0,0,8,21,100.29394412377235,0
104.78029140640808,11.36472390831548,1047,0.3907987409080936,1514,0,0,2,18,25.73046335952492,0
69.86788946478859,5.822568406882853,1034,0.49057543156996136,1642,0,0,1,15,37.45596307535048,0
38.265308832414725,5.120925776516693,1001,0.6322344980177177,217,0,0,9,23,60.89705906880519,0
64.4302769521014,22.88573337204381,1047,0.5091745535027183,59,0,0,2,19,80.73068274647159,0
65.66427637801807,5.041270084303325,1041,0.6820148997320248,486,0,0,1,20,77.10518745422901,0
225.30820096994103,16.83085487166395,1007,0.9860179576975001,1082,1,0,6,4,208.82436861219125,1
44.5131067668548,14.052337019545911,1020,0.5984106778815357,1722,0,0,3,20,58.032014677491176,0
8.734673312937723,0.3159065143655422,1085,0.47751431335016536,1932,0,0,2,24,59.43584426155117,0
145.7932270353458,3.236996313793145,1013,0.4059377329541718,214,0,1,8,20,57.42781079372577,0
87.5685098586992,12.123790047076001,1073,0.40699782331412315,434,0,0,7,27,82.85424557972134,0
40.646432802319254,13.570625604362839,1082,0.4086934583902233,868,0,0,8,9,38.76145023605239,0
67.47713956426415,12.055065808650806,1068,0.2935057437886063,254,1,0,4,14,36.19205274677254,0
-18.885428594117144,8.678166394087432,1066,0.6064593086985001,1332,0,0,4,22,77.17812166891018,0
27.519269317316674,16.883642651917597,1007,0.4823900780982426,1865,0,0,4,16,9.444668389649927,0
83.74797635909722,7.915867906197104,1031,0.347290373865935,952,0,0,3,17,109.00919518756615,0
36.91533675477545,17.134625068977062,1026,0.5512194924926752,1794,0,0,8,22,63.94393552775235,0
77.56744563974988,19.12739469349951,1008,0.43790204133333316,109,0,0,3,20,76.82271485074634,0
19.17789345421967,13.198105692471914,1027,0.5129751687831485,1094,0,0,1,18,41.07067462732382,0
-6.408652317063542,8.811098146486078,1040,0.4013561515380762,955,0,0,3,25,61.72456997548817,0
73.93552104146417,14.711660689528522,1036,0.5640576064130667,1333,0,0,7,27,52.124205007021686,0
52.93481524123768,17.61447491359882,1091,0.6305394613711975,1274,0,0,5,21,76.29538445468043,0
80.94141575831992,20.222942819419682,1033,0.6021478400045897,270,0,0,1,24,52.864823822397156,0
44.955685442456314,3.4359529866619,1039,0.8066698500039138,460,0,0,6,19,60.63293059060919,0
43.544110293194585,12.139966491337702,1098,0.3829919574418918,1888,0,0,8,18,74.62476062065956,0
58.96393340965285,10.366402160723439,1002,0.4480405613164613,1012,0,0,9,11,101.62458859919593,0
75.26891981041709,6.826087773690998,1068,0.4760308001363542,1623,0,0,4,26,118.14338724720926,0
70.72732872176579,0.4224605688322791,1099,0.5219279713534664,836,0,0,9,27,60.15338840090513,0
9.623872295803551,6.291933849811185,1093,0.382587556944284,778,0,0,9,20,58.557338176401075,0
25.770483267597054,13.91113368567872,1006,0.639480836560525,463,0,0,4,26,78.07928121422268,0
76.59738478272949,2.529443374820719,1091,0.44655644466634614,1013,0,0,9,10,63.41111783176089,0
73.06519027906691,16.13451618322062,1093,0.4630157534156525,724,0,0,7,28,115.64974822387643,0
59.079063957170995,8.328672607815264,1087,0.19505023740785266,262,0,0,3,16,52.90017410248453,0
63.325949818720154,3.790712938122435,1056,0.5122430141707769,1362,0,0,7,17,79.09842255375146,0
78.12432477520775,7.610130894579014,1084,0.6215825412140813,1504,0,0,5,17,65.31376199013414,0
101.09517829754114,2.496247145475378,1018,0.432511494159998,555,0,0,4,23,18.99734530146862,0
81.05748004171258,5.740243076577029,1060,0.45959700222318034,1412,0,0,4,20,56.23619952467148,0
47.885036658227264,23.827547094132925,1073,0.4565624236525814,1804,0,0,9,23,41.759965914111035,0
26.024239800492392,0.3755356306095834,1022,0.5731569581699658,722,0,0,2,21,-1.7449592811023962,0
49.638693411202055,14.0164603168283,1001,0.4068765146864999,1055,0,0,4,22,58.75736516824071,0
66.19293538485026,7.343913810173677,1007,0.4870694439194935,1880,0,0,2,20,61.17866244502575,0
0.16749753298482517,1.4940141585949025,1020,0.40849462681821036,906,0,0,7,21,95.6038596921448,0
61.479606544324746,21.342960529726934,1057,0.4928384406690032,316,0,0,7,15,65.800648395114,0
48.16772985942872,3.148442494099167,1022,0.4962123444865092,1080,0,0,1,20,77.80019012272082,0
40.97059062820334,2.1047210198954236,1081,0.5609404435465251,1673,0,0,4,15,67.33000641203591,0
63.349049461285276,18.59315947226859,1073,0.590627635970866,674,0,0,1,22,37.41444670940409,0
35.86208777892441,9.65892427869527,1074,0.405645150255663,259,0,0,5,17,59.22304615691635,0
90.0997207327695,9.731315349287488,1060,0.7328746536307187,483,0,0,9,17,67.94554732508864,0
41.86629196872293,6.832751253301332,1004,0.680664224980612,1245,0,0,6,27,126.10923981429475,0
94.13104072451313,17.436628646638148,1056,0.3277619100037287,155,0,0,2,23,60.02053838505644,0
49.53585077819781,11.22096629440486,1095,0.5986769595629228,1521,1,0,8,15,49.66006301298458,0
26.539895224668893,17.042661405749115,1057,0.6604225787241415,1769,0,0,3,21,85.69352570943286,0
44.855131988352824,14.026595139375262,1082,0.43672810311486454,49,1,0,3,18,106.6896047807468,0
38.710978252250115,12.068249055435253,1015,0.3778637985066617,504,0,0,1,18,39.37289157762972,0
87.28587688574945,15.54228282271237,1038,0.3896892200717487,709,0,0,2,8,67.10645507365253,0
32.70468797819842,18.97582862509466,1079,0.7246972408476204,1481,1,0,1,20,48.04804626056558,0
28.40467374815874,14.529608926880261,1031,0.6262732291029325,212,0,0,7,20,53.586587485210494,0
208.41176004544718,23.629132112149783,1014,0.8804913425539569,1925,1,0,9,5,147.7068033198905,1
31.65446591024155,9.296002100560617,1029,0.39708879734234065,211,0,0,7,18,24.07725461784821,0
36.283443820424125,6.762061880201775,1015,0.49579518083908664,992,0,0,2,20,67.18672308927387,0
76.76202799195161,3.7852876099979937,1000,0.5531161421087287,1370,1,0,4,20,86.69019917507806,0
25.673181913992508,19.757038612335258,1003,0.5381214365970057,1729,0,0,5,20,41.68827471533386,0
21.769318980008627,15.42776851861036,1077,0.7340528848576138,678,0,0,1,19,60.39936843042998,0
93.59826428127633,20.857130459443606,1041,0.34765660239300883,770,0,0,7,20,34.55650159824881,0
100.87168633432596,18.00201779876789,1069,0.521466636252374,166,0,0,7,23,50.49078390186901,0
61.86121043556997,18.513124529285466,1081,0.38736453519104813,1572,0,0,6,24,16.818436992606053,0
89.84170666960902,17.61192286611494,1009,0.3811217267981126,34,0,0,2,21,77.82074144161354,0
87.63556107143569,15.756793677672045,1016,0.5082059901961608,970,0,0,5,18,44.97331482243467,0
13.169601066318286,1.9253830032247192,1057,0.4880600127339818,1859,0,0,2,16,16.395921615970217,0
75.383554078878,9.838270400425738,1004,0.47593982865975615,402,0,0,8,21,54.02395468977249,0
44.90442926966808,12.399851899246567,1089,0.4390319283177849,1744,0,0,4,18,8.55125188017805,0
70.78567267453434,14.027278359470714,1050,0.4779340429161172,1631,0,0,1,17,62.40060079848935,0
53.65533392397362,14.240247772523322,1012,0.47159944415330357,1719,0,0,9,26,112.46101544699948,0
59.73974706507555,1.0766000684492596,1059,0.40765423306548093,852,0,0,3,23,45.4448945667275,0
35.91960600719867,12.262333838259543,1063,0.5452917933665863,1092,0,0,6,22,96.62515615454384,0
79.33542693962994,16.092326366850422,1080,0.2636137513651208,417,0,0,5,26,31.02024150442522,0
31.66744812569847,5.358699046377646,1049,0.544671898009751,936,0,0,3,20,87.0256339248715,0
29.29171300288386,6.550916823371308,1054,0.5140510199260766,1279,0,0,6,17,58.1671109020855,0
28.614626519685068,16.67921905454032,1093,0.4966265718853773,1547,0,0,3,22,2.3335326649073593,0
16.99537301084915,10.258345707845143,1051,0.46668342147008235,627,0,0,6,24,64.58980555446995,0
76.38251123412209,13.076958822857645,1059,0.6347026365318652,1148,0,0,6,24,62.494511169311224,0
45.4927103360522,1.0745369404342817,1046,0.42897344445806573,39,0,0,6,21,44.182028447699935,0
40.27469416878076,19.260048812770567,1071,0.28650666691919624,262,0,0,8,20,79.11011668656528,0
72.79136886452505,2.0762224545539407,1014,0.44934039888919247,794,0,0,7,20,36.69484928278544,0
26.66549937227374,11.079820338273969,1071,0.4368498132457551,605,0,0,5,25,64.06902699327736,0
56.22466393556545,16.482222409979155,1092,0.44781289911206806,1345,0,0,6,24,75.69317215016204,0
68.97362649926902,0.02750281507815089,1017,0.5880667349822901,1005,0,0,4,18,37.45378344384156,0
90.02687582518072,11.663562829538467,1000,0.5105540267598077,385,1,0,4,13,86.39977021768465,0
65.63367285138015,19.548191235132755,1043,0.41643013931075723,1043,0,0,1,23,95.6319626997315,0
46.143874656832075,17.512483339063326,1033,0.3897236911438844,398,0,0,3,14,88.97482908074915,0
82.55666790984895,3.941296499029698,1031,0.4854492483306647,491,0,0,3,21,120.22997776750259,0
159.81734497550266,4.737631338396867,1091,0.9475432321592103,1478,1,0,9,7,159.36770176109368,1
48.5291197748589,13.771861766012572,1063,0.36936155226788175,75,1,0,3,19,60.33370420232556,0
15.741745425160651,20.629622131466736,1044,0.7137196964233365,838,0,0,6,17,45.677074294734325,0
55.72749572431132,10.722747912753073,1012,0.6230627373767023,983,0,0,1,17,70.97058701083586,0
44.738646323039276,15.392803661407253,1076,0.6042617281834399,1144,0,0,7,21,66.80875327861179,0
63.210619816337406,23.866324300806493,1068,0.3925147982695204,197,0,0,4,21,103.33737465508506,0
111.26208958783641,16.799025905132094,1023,0.40762866156198085,1273,0,0,8,18,60.824373679302646,0
53.77659591729974,13.21959181081693,1045,0.4646257411833179,1568,1,0,6,17,71.90403171843053,0
14.508314457968332,4.521431577685772,1022,0.6251426604565011,577,0,0,3,18,76.79405486583565,0
16.260737244863925,15.758926787355099,1036,0.5132040346684997,681,0,0,7,16,61.01517278888818,0
16.235328581048705,10.659460853282871,1066,0.5276272098441676,1464,0,0,5,17,65.61130756044238,0
85.15430429821535,21.167098267964846,1010,0.4881560125069764,1120,0,0,8,20,57.035086875295264,0
53.215097457787884,10.93695082608714,1033,0.31070315670830206,1314,0,0,3,25,66.9357600518353,0
59.22220093427302,6.85755428557875,1051,0.41816764148819,417,0,0,2,14,34.67106006016785,0
65.42764268053504,9.585607242679075,1074,0.5996473210138636,1487,0,0,3,22,25.407146696142746,0
71.58798492874675,16.774878348473678,1081,0.7639732257371641,798,0,0,4,23,70.45684840171035,0
7.31075224214981,2.098803756066088,1002,0.7007573383517455,740,0,0,5,21,94.44243331122483,0
71.68480684956536,14.314946551374799,1012,0.3624642009805349,136,0,0,2,16,32.64027800073348,0
70.60573733036769,14.358070332409248,1062,0.43854142088541026,717,0,0,8,13,59.32312226085511,0
58.05776836589771,12.290492531131182,1082,0.5454879004324441,1525,0,0,6,21,113.66948422469724,0
5.624119449266999,19.42665705308723,1083,0.2789410230419751,1462,0,0,1,21,85.54772849762838,0
62.40304709671103,4.464202364543886,1035,0.48825793664949657,1034,0,0,3,16,89.75816116731076,0
17.230617059822627,22.724817539903157,1084,0.5728191351763106,1976,0,0,2,18,68.7906533212564,0
31.75320477665722,8.283779139263522,1099,0.3450402516119035,1261,0,0,4,21,62.319343714149355,0
-19.04415153009961,18.653484480039786,1008,0.3755545391295239,159,0,0,2,21,31.097918048431325,0
47.020569866239036,22.669518325974064,1077,0.42367011632862894,985,0,0,1,24,66.60531590726487,0
30.400123022788645,2.262623469574465,1051,0.5800788457081724,1308,0,1,6,8,20.89405833870279,0
35.25366758579286,1.9771500485106799,1072,0.523872547495722,1907,0,1,7,21,87.22572617941489,0
31.198483262301046,0.9720164755660683,1027,0.5148506816298496,1789,0,0,1,12,35.88685439818854,0
41.00485411175358,15.40168907553656,1018,0.4154117012476226,1009,0,0,5,19,40.29198441127846,0
72.19026404353501,18.537785330957803,1043,0.48193618530398347,112,0,0,4,21,38.27738935842507,0
15.710891065081306,4.840909377274603,1076,0.3485836273420683,739,1,0,4,25,-20.647867529660843,0
7.332388712069772,21.3625313626249,1077,0.4461635909557986,767,0,0,3,19,68.48492271097655,0
54.01875141740706,12.948086170800146,1091,0.5257682657388619,1576,0,0,9,28,63.43991067309148,0
15.111830394412614,4.054900844604881,1036,0.36950347696937985,772,0,0,5,15,63.94782099029445,0
26.213815032129673,4.926180713670482,1017,0.5232516137529325,1921,0,0,7,15,95.29932824044329,0
46.54435013670563,1.3110309303956296,1099,0.44238376888979636,759,0,0,7,18,79.80209336490601,0
17.557598577821388,18.934126377938476,1086,0.6069377032350679,78,0,0,8,16,56.517285596494254,0
28.888688020057,10.740016742818828,1017,0.33637340974253493,638,0,0,5,18,61.41170663514205,0
42.21359967248249,15.272355006409356,1097,0.4656056582424434,1246,0,0,5,21,50.8697478250788,0
79.03383407010278,7.6632076878421715,1051,0.49658763051128824,1955,0,0,8,29,45.49812497966663,0
34.54487302723947,23.659562539524373,1098,0.45521039124187646,438,0,0,5,15,134.03410811937295,0
139.78431710181923,12.368983937872205,1021,0.3361282520606028,1767,0,0,8,11,29.20682624541013,0
47.60274642012351,16.094539433312292,1012,0.48396864914934556,1052,0,0,4,18,53.09230411710283,0
43.08015000080876,7.659348372820639,1008,0.37767796365334483,1883,0,0,9,21,60.43081087497769,0
29.984327456674837,13.746078221955901,1065,0.549824056563826,1394,0,0,2,26,70.53367259820484,0
96.42515603990185,21.097488109254,1053,0.47859550909218124,1735,0,0,4,23,58.22227210265242,0
81.17335362260806,22.95022075265715,1088,0.6012498167172433,974,0,0,7,21,68.76554204092842,0
29.242757903562666,5.931481680727039,1088,0.35399165032080215,1558,0,0,1,21,75.43457780897116,0
33.21361144131593,18.028599274833258,1052,0.48576956701791757,833,0,0,6,14,50.30926335572894,0
61.99063855257925,14.833027489962138,1057,0.6022484093895841,1451,0,0,3,14,69.63207582228992,0
54.00622714346847,11.393466846491602,1088,0.47483438783959925,1633,0,0,2,18,96.38186787411667,0
15.146484682629087,6.324274815573718,1006,0.5655819379989259,1403,0,0,6,30,77.22547878734383,0
21.84598682776745,5.073912378621698,1051,0.47117895534469656,907,0,1,5,20,79.82541793614806,0
48.5351049219889,9.255808554625983,1029,0.4860612014334107,1206,0,0,2,19,45.744770293316414,0
51.50683097497041,23.044522320238208,1069,0.5083776549401886,208,0,0,4,23,32.74346157580187,0
4.419617735694729,20.695325677840096,1074,0.4648301502941246,720,0,0,8,28,104.37607526451077,0
38.48086184142945,13.915985790404731,1051,0.4605195535226066,131,0,0,4,16,61.7497024728276,0
-6.808440008613573,13.11826232393387,1053,0.367418273668241,561,0,0,6,21,27.892721319264666,0
56.284102509433175,21.453354305332596,1056,0.5148748398200225,1319,0,0,2,21,72.18331494805601,0
102.32933344229333,5.092282922613789,1002,0.495917584000946,1414,0,1,5,20,80.34926808914985,0
61.80456156265249,7.886211912673316,1091,0.5077422361941716,1557,0,0,6,19,53.61389355912211,0
29.229476772986175,13.283758332010414,1064,0.365279714005744,365,0,0,2,22,85.89149983134638,0
83.83726979760706,21.722016906262887,1010,0.36661336081022455,1827,0,0,8,15,71.00223077341208,0
70.55870254132904,2.956605313027925,1001,0.43318094553893355,1875,0,0,6,21,52.360200996947924,0
7.019861307810416,16.481199830516367,1073,0.504090926550962,1796,0,0,6,20,56.75734369184934,0
70.1858370790046,11.965661207125326,1003,0.392004207282687,816,0,0,6,20,33.97913478701126,0
64.80680613002875,11.793930110949162,1076,0.5134929051159581,247,0,0,1,20,79.85317312404159,0
76.23167542138182,13.483148463891311,1011,0.5103219311678764,388,0,0,1,25,60.22775018189444,0
90.53047257461,21.101977033866834,1044,0.4866409408204191,1954,0,0,4,23,67.00158212623089,0
70.38793246804028,10.921240915395327,1032,0.4622170821116547,177,0,0,7,25,68.26240532128296,0
61.48966954222786,0.29798614006616386,1030,0.4739112065923536,890,0,0,9,13,59.65075471055367,0
88.84956754450867,1.6507357847438149,1030,0.6133901568932908,1052,0,0,3,23,60.372616313097154,0
55.40213113087945,18.575059195757046,1007,0.4603065739564379,1921,0,0,3,23,48.02666954973357,0
40.455244951462134,22.72241485192534,1034,0.4249295687840805,365,0,0,1,18,31.74953398460433,0
18.228886339637075,16.582027726584787,1069,0.42268329310450314,1994,0,0,4,23,16.13554083157935,0
59.190426017960675,4.279038279277256,1079,0.6792467347046298,304,0,0,9,18,12.818963416597832,0
165.58194471964163,12.910152750429258,1081,0.6944302088044045,806,0,0,3,24,45.720827650591545,0
16.081539951874213,18.593366239309447,1047,0.342113261123829,708,0,0,5,23,3.8839936476149077,0
96.1265395710303,5.859362848679978,1060,0.609585595895505,492,0,0,3,13,29.8484645693103,0
44.39311525514046,16.304610958119518,1022,0.5332534401424179,1925,0,0,6,18,15.168492810854744,0
102.59584406196757,22.227188130557607,1062,0.5145940069632822,404,0,0,9,21,100.3013495731993,0
89.54591201702075,18.523637090463378,1087,0.4968803872457338,1454,0,0,7,26,34.427367908251135,0
61.018619402040216,9.827910680293243,1050,0.6874446762570269,831,0,0,9,22,61.952805911154876,0
49.72134315296553,9.671994217286453,1038,0.667260195981913,1060,0,0,7,23,29.583745931729524,0
40.358424750410194,14.893420690055967,1062,0.48773204026229655,1653,0,0,4,22,58.851137326594994,0
66.94527075800367,2.6504249114091953,1079,0.6874559882303399,873,0,0,2,18,51.01591294417546,0
40.975221319031036,23.931586554196002,1045,0.39035466437155497,203,0,0,2,20,65.38994033155984,0
-7.52046658030897,15.941231334693176,1011,0.5088817592437156,1154,0,0,8,14,53.67535210365528,0
23.428586006009304,22.375021820956007,1020,0.41748318649394656,779,0,0,7,15,121.10539166181312,0
51.314344159373285,10.787567164450273,1001,0.4157329756689915,1683,0,0,5,24,15.703856711160071,0
38.737776605481145,17.38147769536407,1060,0.43585685262959595,1603,0,0,3,21,80.50687118461735,0
49.631046520758275,9.772628392460486,1067,0.47052674119643023,1136,0,0,1,23,60.90126727716934,0
59.92553913846733,16.021158536024092,1075,0.5311046464505526,781,0,0,3,19,46.369633502046355,0
30.396113128255784,8.925551773798588,1032,0.5256028376773695,215,0,0,7,22,70.97510899249424,0
45.116212817831176,3.6278869965174367,1091,0.5195016187193912,576,0,0,6,20,42.086412262707,0
42.677585789773964,19.852481141887722,1055,0.447789300809102,912,0,0,4,20,91.47177578605081,0
69.81379857054651,1.7908573336489964,1081,0.40774147360831053,1353,0,0,8,24,40.22646946791377,0
90.56608036601433,22.326103679641346,1081,0.47204541505422143,647,0,0,9,14,63.34456213001044,0
35.48342497837035,17.945899702383073,1071,0.3450158169092272,663,0,0,1,20,81.81511119092968,0
67.53868857460222,2.522054284138629,1018,0.594923568388678,1653,0,0,7,20,56.1624087998834,0
25.00831828997724,14.871939638873009,1025,0.5854713068628932,1782,0,0,6,21,44.60940119655538,0
34.647093261730895,22.417844382515625,1019,0.48937223997526147,885,0,0,6,13,35.97861262689683,0
83.02878904995714,6.520670788062223,1060,0.3593714289186021,840,0,0,3,16,54.13186806347652,0
59.327226967940135,11.228112314993158,1062,0.5202816213679268,1574,0,0,5,21,27.233080936615444,0
20.144781203022877,2.7898980645585114,1077,0.6052144383691463,929,1,0,2,23,50.3201395361677,0
88.52287381844351,4.366593641962408,1029,0.5432016814067273,1329,0,0,8,12,31.16389853381676,0
129.33030041051103,21.034302596218442,1077,0.5177994927178037,1584,0,0,4,13,28.287162118276473,0
51.650088081001236,22.687109878497232,1045,0.42306915415289276,136,0,0,7,16,83.64803185900243,0
49.57703102279985,18.72495773282858,1075,0.6319016725992641,1830,0,0,1,20,65.51378947205357,0
86.03641766491835,11.139244492769569,1033,0.45714478586289387,1752,1,0,9,23,66.1249060426199,0
19.52534543064809,9.320805064117142,1024,0.3652090127630947,1785,0,0,3,13,55.28125989547418,0
44.2738334134046,13.049441635923955,1087,0.36993737408550365,993,0,0,4,26,65.20917872176034,0
112.6861616508432,23.782019395068296,1074,0.49055394638727895,1260,0,0,2,18,63.4396127825815,0
15.291758083115859,10.560795672096129,1058,0.6486227070759975,1192,0,0,7,9,66.51471357430886,0
79.81346643591317,19.90620970047197,1098,0.3111884981294484,1058,0,0,6,29,69.12170170940236,0
-5.99619854081849,8.906679930638115,1014,0.6311131176837637,353,0,0,3,21,91.42920609858467,0
60.94883007398676,7.300379463084387,1081,0.3799343278727652,1419,0,0,5,19,47.92240605345734,0
-7.2806826252187875,11.787324856699845,1055,0.4937763157640609,1391,0,0,8,23,37.25833930913508,0
91.29489350058614,9.148200023164321,1055,0.5844372078596115,847,0,0,2,16,56.716791597014186,0
83.65584514382756,11.400402167842053,1040,0.40066101106168384,1058,0,0,7,20,61.34637512394698,0
-17.367576926954882,5.211459788158051,1086,0.437031617432967,371,0,0,7,18,68.4303272481126,0
92.28042320556739,16.181677479076775,1062,0.754586237359457,1658,0,0,7,22,47.76880993369637,0
96.2132371933002,10.303078028664318,1096,0.3982399663504897,995,0,0,6,21,45.61618950977854,0
29.728757625151648,3.162501326328864,1019,0.5126551971881691,522,1,1,7,21,69.33406876778783,0
-0.1350931748219537,3.5562655279073683,1026,0.49757218867477154,1935,0,0,6,21,66.91591811536716,0
60.713377145352396,23.57958362546657,1076,0.5760542863031933,1734,0,0,2,21,74.85695984657772,0
64.59504931478605,16.282240008209683,1043,0.48546173116959657,447,0,0,6,19,24.588476515297742,0
104.16250539259342,5.9016730215184,1012,0.5643682201559512,878,0,0,7,22,50.616910019846394,0
44.585602592281234,12.575380864457134,1033,0.37244194036790723,359,0,0,9,21,82.44032371643206,0
22.440441605474053,6.377913028479874,1039,0.41988403226863585,1631,0,0,2,26,54.15070435113041,0
23.290464559403848,3.584362807667362,1078,0.6024990428490523,1033,0,0,5,21,53.780628859443084,0
26.887256025863636,13.924506319308776,1074,0.5252403722967873,1405,0,0,6,18,44.172693220353906,0
32.59951002038946,6.095193559493331,1090,0.4385735272215867,1900,0,0,1,24,80.18918004887186,0
73.12406659963914,14.287458044242804,1054,0.5802380443229394,1429,0,0,7,16,118.65614405211802,0
84.9323522160581,23.348911795725733,1004,0.5955352001258583,172,0,0,9,20,37.93490759520745,0
127.68690926055842,22.35260081295502,1016,0.6415425796019216,373,0,0,9,24,28.370914829136787,0
31.013591753456243,7.253985477916739,1008,0.4762976230842742,40,0,0,7,19,98.66051857209425,0
88.22816776203109,12.283078000828588,1015,0.46830224002054893,264,0,0,9,19,44.73882619603293,0
21.118023041461633,8.853230936976136,1031,0.6162810442023061,703,0,0,8,15,62.00160248069805,0
55.883943770717224,11.317982306261582,1085,0.615275595617852,743,0,0,6,24,85.39056276448362,0
-0.42611377714360543,17.384704957517243,1061,0.39598262609781953,1964,0,0,4,15,49.75720738738363,0
47.09719690439332,8.101171514407806,1031,0.5529208829580123,1315,0,0,1,24,53.07998785094867,0
8.241248571448061,17.74406870150402,1004,0.4805837640041598,1331,0,0,9,24,98.79613661436562,0
79.86744542006089,11.488840365368404,1095,0.4025450287934316,1187,0,0,4,17,81.75963238513198,0
48.69569150558413,23.73024974146228,1073,0.5249761208281419,757,0,0,2,20,51.07940338900619,0
7.800167094553331,20.20060243432809,1014,0.4567617222121786,237,0,0,9,21,137.65406517411222,0
127.63726920592053,14.4143208859068,1002,0.3607299534213204,1493,1,0,2,22,63.972950635263985,0
65.05348208502635,4.480414221943601,1025,0.3151747255790287,1670,0,0,3,26,50.47282807366939,0
65.80693770997381,6.976916541705171,1046,0.7991906882728437,865,0,0,6,26,90.34483692746433,0
197.095257282691,16.44449709940272,1052,0.9960493947292184,908,0,1,5,2,193.6221810243087,1
38.41931606387906,17.302381160205872,1064,0.42553605800139355,1046,0,0,8,18,44.54905600373473,0
-4.278031437647741,10.880484909940687,1050,0.26064303925150106,1753,0,0,3,20,64.81712568526478,0
29.825432119809914,23.261663934410613,1043,0.6846464010643892,817,0,0,5,19,96.2872057158047,0
37.364035501612605,22.80922306509882,1081,0.5272059777072812,438,0,0,5,21,46.291575332498745,0
67.2212579265209,16.138425647096234,1029,0.24792762587731948,1400,0,0,1,19,75.68870551012564,0
71.03518226932695,13.346772995693115,1025,0.5173711774340546,1134,0,0,2,19,104.86281959263911,0
24.398015778826657,23.179786186599173,1025,0.45295734381352637,1302,0,1,7,12,98.02701680316065,0
73.71876797488306,20.066707318264505,1083,0.4359230935699628,1076,0,0,3,19,38.852502048125146,0
97.41622059705121,14.183680439235237,1020,0.391203890115262,1679,0,0,7,24,69.92868923512239,0
34.78974022189833,12.543442395147576,1013,0.37118796399711096,1988,0,0,5,23,60.081911238810854,0
93.0253110956098,11.29131002580073,1083,0.46103099550922566,1289,0,0,5,22,49.038163974316745,0
-0.13441494386046315,8.200176958830792,1052,0.42856255522902,883,0,0,4,24,-16.70154787546683,0
101.57121838525464,0.18098622518396823,1090,0.4711917299933344,515,0,0,9,21,60.60781611621299,0
73.82794038865481,20.6884251871204,1032,0.48046262741998547,1544,0,0,1,19,48.21393891826972,0
47.686948717576875,16.691414500537856,1012,0.6579866452413381,1393,0,0,7,20,91.51188465852988,0
9.815319004140235,21.68474942190702,1019,0.5390340245128429,1354,0,0,4,23,57.7736287088387,0
45.56659043547585,18.17199900990047,1080,0.49657885180483763,168,0,0,8,19,112.29332564697748,0
99.96055752870592,16.393197552709523,1028,0.48173164728277446,1998,0,0,1,15,33.140172784295494,0
32.88078709399662,23.21090827811394,1062,0.5829498578683354,879,0,0,3,23,31.61578962742953,0
75.9586926840575,14.154068508770534,1066,0.5804811480265015,985,0,0,6,24,58.3990682937855,0
88.66590275618907,12.649055923888346,1020,0.4824047720730488,1754,0,0,6,22,36.60063857995555,0
20.64501362400181,11.234449066790528,1099,0.3182741840158662,59,0,0,3,21,38.72517432559429,0
60.051740872523524,13.992155592109231,1088,0.3533052272951969,1615,0,0,5,17,47.99823529943302,0
78.59409901739735,7.148400270866467,1023,0.47350495294637396,1098,0,0,4,23,107.88686601670489,0
52.43831502773206,23.210774816912675,1085,0.44012686342580687,1760,0,0,2,18,77.19147356897864,0
43.85370008405848,22.358579883543864,1081,0.5432093122915803,1593,0,0,5,13,31.429421164261026,0
86.61651811793698,10.566700100178846,1060,0.4382538584924997,1162,0,0,3,21,52.48584370838969,0
64.47601129463555,0.5302499305145965,1011,0.4229579131676915,1645,0,0,2,25,42.50576094055636,0
18.246780990750416,14.219391541526758,1073,0.5136496782835938,1453,0,0,4,20,35.77498352964973,0
94.68798228342948,2.4041041728343977,1086,0.7300057649682854,248,0,0,7,23,46.315561101647944,0
239.1252716654177,17.9482840983129,1048,0.8900979984036304,585,0,0,2,7,191.4021528175103,1
48.95945337839657,0.8776754967109968,1072,0.3408829894036003,287,0,0,2,23,78.4000552513614,0
105.01689638073125,23.905606924675123,1002,0.6176681010905605,773,0,0,1,15,45.59818408929459,0
40.19911360440908,1.8143010038784304,1005,0.6281726286520325,726,0,0,7,19,88.8992857373247,0
-25.625410197182035,13.069148489099454,1021,0.6561415770561703,334,0,0,5,9,59.97063433211951,0
44.611408357831,17.602595851455796,1019,0.542697040932726,1785,0,0,4,23,24.36317579260824,0
-3.2803526214520673,3.5955908651064794,1097,0.44970229112948956,767,0,0,6,18,60.60777377129188,0
90.68720085712468,19.02965467991126,1025,0.49304561955750087,994,0,0,5,21,63.315487590124334,0
18.30327071719242,6.041867142780729,1015,0.5444115117976688,40,0,0,5,17,14.70033360809581,0
90.01657236501718,8.467344222381739,1068,0.451153092889543,1172,0,0,1,20,56.048121376162754,0
57.703497719741684,20.269707544045612,1001,0.5001300778128949,584,0,0,2,20,35.30323883994451,0
49.429513762919335,18.29565028065542,1098,0.46007496141533843,1110,0,0,5,28,55.767736361298546,0
87.91567817289166,4.287161115045247,1084,0.5102365163140401,1994,0,0,1,16,89.77474490535238,0
75.86670535660932,1.7951195519265433,1093,0.523291879923907,64,0,0,5,18,63.592464234347915,0
87.98990803868867,7.597219187462973,1098,0.586703164288005,521,0,0,5,20,70.59297661790367,0
66.5239271682099,4.225608864903783,1090,0.7377799314768193,1687,0,0,7,17,88.52927597847395,0
19.162287049677833,2.9367558903845827,1032,0.7273844855874111,1511,0,0,1,26,28.385873289973066,0
21.634793601718066,1.7017901359642016,1024,0.4921178326501563,1489,0,0,3,23,65.85352736460622,0
103.96175055053936,9.192920410038283,1069,0.5592473703013575,1175,0,0,6,21,25.08290570333751,0
78.37788755811135,21.391030240881534,1020,0.6234885712806623,383,0,0,5,28,60.5096741167911,0
42.41710234711444,17.210867652775015,1046,0.504250026547041,96,0,0,1,35,29.263482868580304,0
4.544268134043435,11.851173497177907,1078,0.38225934192896666,1566,0,0,2,22,92.31025615394219,0
49.66723988154194,16.410355794667307,1025,0.5943121548849414,1621,0,0,5,19,94.46699030674058,0
71.79534867008181,13.883302152329378,1082,0.3501620471977669,1936,0,0,4,26,57.2903037495318,0
56.87224064617108,14.60429622060832,1088,0.42974823422532465,552,0,0,9,14,91.51965880682403,0
68.88588752665433,0.2536109465866305,1003,0.325793717219129,1194,0,0,2,16,66.1657038594629,0
69.75632818018491,13.182600195077967,1058,0.33316044072841733,1018,0,0,5,22,36.17128985495711,0
12.228052656554198,0.06548986831237791,1090,0.5296602561880825,1475,0,0,6,19,43.00744272996981,0
111.11631919155073,15.423210563660511,1034,0.3256031829118477,899,0,0,3,28,46.16190295644975,0
63.80814874946911,1.9728381475664083,1003,0.43374113737464254,1937,0,0,5,15,70.83765029109809,0
59.05882700515294,8.683376832851764,1086,0.5634910900375495,722,0,0,9,18,63.86017768388297,0
44.81594787810607,14.854136549633317,1063,0.6817287559917934,1349,0,0,9,27,30.729504744588894,0
70.5676923889525,7.016338181163635,1087,0.5416614136211578,138,0,0,4,23,88.2292043209366,0
92.32076961262683,8.829862507585698,1045,0.3759831156749951,1734,0,0,4,17,41.340801436233406,0
73.59218635987449,14.044395395961923,1067,0.6902628448088906,829,0,0,7,17,116.83640506986308,0
13.023790663391594,1.0634354697198294,1020,0.529096637121547,352,0,0,1,14,101.66875164116416,0
40.37648414444003,22.233933086008747,1041,0.4665056983210406,1795,0,0,1,21,76.26765802576213,0
35.18730250516062,17.014898962282125,1046,0.48397765289445793,363,0,0,5,20,69.78663657881883,0
42.903341383431616,7.732642815551107,1056,0.6317332247891845,1819,0,0,9,21,35.433849541071524,0
42.06362303885834,12.533838037605216,1093,0.6463618760523999,173,0,0,4,24,54.98323907134201,0
99.43632817351019,18.990835894209624,1095,0.45666528902498443,816,0,0,4,19,53.53496888222606,0
77.148861244826,15.515244490357187,1088,0.5065503773346554,1176,0,0,9,23,52.994919880797966,0
71.65710456314424,7.3263432385784615,1005,0.5206033523579987,1200,0,0,2,17,60.13485616256642,0
29.38957700901508,14.973768788589517,1034,0.5035509994791398,1016,0,0,2,19,62.32515144931959,0
61.98408117806555,6.386105660854791,1037,0.5701023589341011,223,0,0,1,21,76.04747023768047,0
111.33444671599833,3.6718988802761876,1071,0.7517710525072774,1707,0,0,1,19,47.5008053150314,0
48.28188767533693,17.648823593580644,1017,0.5828003880696387,476,0,0,8,24,40.70672034028263,0
96.93930967442019,13.01031622075965,1051,0.47152972094697093,1102,0,0,7,16,70.69154664418762,0
19.467070727691407,19.30161093677344,1095,0.5906065516318818,287,0,0,7,20,121.32849710178516,0
69.38018561343654,21.651700527669878,1095,0.6862653193761324,787,0,0,7,23,56.22739188091785,0
16.104504283443205,5.9234818836968675,1021,0.49440887911551834,1441,0,0,6,27,101.54465550431945,0
161.06233215226007,12.654500546409302,1088,0.8576685179352559,381,0,1,5,11,157.7419212390872,1
-36.887661345810685,20.672705254957602,1011,0.6279816968807752,1390,0,0,7,17,44.19117241524035,0
80.55612282951184,10.286222570284112,1028,0.5376561037431744,1602,0,0,8,25,47.377474914866866,0
39.99617920454684,9.908622494809748,1076,0.4706120914803549,692,0,0,7,16,95.74459663769834,0
112.04678124517471,21.9415530322599,1042,0.5751281453590583,1665,0,0,3,18,50.35849893217626,0
79.20866748283541,15.395699299334115,1096,0.5578479231529726,1325,0,0,4,20,60.000454632207806,0
84.28468443545061,22.700265817505162,1055,0.44751251835411343,944,0,0,5,18,122.85433048986297,0
90.81975787515952,21.45731070485147,1029,0.4287327870036745,1293,0,0,1,25,81.5828834217939,0
207.1487539081586,6.77471128499688,1009,0.9098198077728051,877,0,1,8,2,185.02003942614013,1
19.024282894173815,2.2099318349668744,1085,0.5044670869655831,1221,0,0,9,12,81.18771353302684,0
81.80629722496639,17.767314978143563,1086,0.43672085799469745,59,0,0,6,31,86.46491922080054,0
23.139610329109274,16.026144604764855,1047,0.5707067577041576,1999,0,0,2,24,115.52992083169013,0
75.78892360564538,15.993036580617694,1068,0.6176529969395217,1032,0,0,7,22,88.15454580308003,0
17.678717690457255,11.701568718694194,1001,0.36914508308623806,1662,0,0,3,22,98.4878962510802,0
114.35447383320165,13.379389175415689,1098,0.3288060992630959,458,0,0,9,20,89.83528011692748,0
63.64113189250323,15.369746806072179,1032,0.5721780683690005,1483,0,0,9,15,13.954417655434618,0
92.86280486110311,14.830038164111786,1068,0.6533889009810195,1314,0,0,8,29,61.719968696714865,0
59.885262067190276,4.047077061242289,1066,0.6288628477349998,1811,0,0,7,14,51.96019727063239,0
55.71271669775173,13.588915764171487,1016,0.29965345570307605,864,0,0,6,23,33.343876561495385,0
64.45598185155474,1.719614741555632,1028,0.3178090110443226,1786,0,0,8,20,72.01657395373357,0
17.293747796017108,13.774687732816066,1072,0.7528334864830002,647,0,0,6,17,61.50559324386115,0
74.9057543558783,11.153326948769987,1022,0.5986903742754157,1130,1,0,4,22,75.66263387073317,0
50.03977066203222,4.791832479575478,1095,0.6206197225803702,1350,0,0,2,19,75.44939789237375,0
36.45021571521132,1.8994720386770263,1000,0.5650381525553517,687,0,0,5,17,25.020320699281292,0
42.09729094641488,14.655409599162661,1029,0.6490782826935555,1128,0,0,7,19,50.87284828315644,0
93.6060223147195,11.421420259907777,1016,0.5487196373276902,1133,0,0,8,13,72.80145685928082,0
63.57115388749202,7.789245744779993,1056,0.7151461699807826,653,0,0,8,18,99.51434263669958,0
2.991218864979416,6.866901787770892,1056,0.6130199995091946,1380,0,0,1,17,33.8805079249222,0
88.38556009280477,14.144121070813146,1072,0.44834115582617273,218,0,0,8,13,51.7867572295993,0
94.13510982480825,21.807733472168632,1023,0.49622805371115175,788,0,0,2,15,63.34245885832938,0
65.39317394528248,12.271789047867035,1035,0.5784218839504484,914,0,0,7,20,102.10259675804406,0
50.85372743549477,8.27958829670108,1032,0.48044291991374594,1252,0,0,6,19,69.6683126887334,0
88.26172213997044,8.109634218601514,1036,0.516308052544899,271,0,0,5,19,15.610994462073315,0
70.40648316351349,22.901552579434117,1081,0.4641745211904977,614,0,0,1,16,76.85769442087496,0
59.862533289790534,23.74955539770736,1067,0.4403569815058682,1688,0,0,7,26,91.82956869110244,0
31.763742179725465,8.691570803525684,1019,0.3535340238166963,1123,0,0,2,15,47.50022983944562,0
91.40416816605544,0.37410203460873426,1050,0.43709517572794615,1144,0,0,6,14,58.930018950956736,0
51.40941781294226,0.564058147639777,1067,0.4635484958552601,1533,0,0,6,17,97.8271187123806,0
183.91732834425062,15.352334978199334,1082,0.7340161328050054,1866,1,0,6,6,197.22113588689405,1
-10.223705822350297,17.13493015780924,1082,0.5561044560607351,647,0,0,1,11,24.845302244585582,0
14.700651682998412,3.0027878315876526,1006,0.5440641551150169,1329,0,0,3,17,54.26976794878525,0
70.8779630282255,3.3851192060094517,1080,0.7021045386574516,979,0,0,2,21,26.1088146456673,0
32.598402758898715,19.651989581138828,1007,0.4203709084319387,1737,1,0,6,19,87.56244137445562,0
97.19059175644568,17.143631294648955,1071,0.40039848185804056,1373,0,0,2,20,86.65525690848017,0
35.898735567214956,16.781825645891374,1029,0.5692620749347853,789,0,0,5,24,47.891036777149026,0
53.60093980154784,14.307907149856259,1054,0.5509434889831893,1206,0,0,8,16,34.274324301056176,0
50.19645973413618,23.094279963309578,1047,0.504795786905194,1369,0,0,4,25,44.369089970643046,0
82.17522011929407,3.1443493064067463,1054,0.4436976719968835,1913,0,0,7,17,54.245671224001505,0
46.055822129849965,6.829460154278463,1057,0.6523837438690729,41,0,0,8,14,64.30572197646927,0
21.002363270440544,1.3331336037035042,1010,0.4738911168757236,826,0,0,6,18,29.078313318405097,0
64.97331520396824,23.65923241796452,1061,0.4323508140887056,806,0,0,1,16,68.15008854273603,0
55.76147349470095,17.799861329234126,1064,0.5104610935658987,1200,0,0,8,26,73.48562910575166,0
85.97898718764756,19.95303080914489,1033,0.511171704347788,1784,0,0,2,24,66.51507955939397,0
15.395227220456484,14.64620292456555,1021,0.4490649596260232,1671,0,0,9,19,82.30319317635508,0
72.3095532662052,20.412158505076686,1085,0.7003657742990177,1083,0,0,8,18,51.28126401853316,0
26.813669965291727,1.5138041842312013,1093,0.6192570369803766,1022,0,0,8,19,72.19887981201231,0
-35.45627861890226,23.796184518684047,1053,0.4866015359161066,1706,0,0,6,24,69.61687077506862,0
52.298272113549785,10.532347433072735,1091,0.4863271652284341,1186,0,0,7,22,50.10799972890831,0
30.872373737721084,21.880392103913664,1064,0.6593229563000491,437,0,0,3,27,45.857504357076685,0
82.20865831722715,21.698589730983258,1023,0.48476672113449154,1948,0,0,3,19,1.0503828083265674,0
10.55364006786764,11.19014530184388,1037,0.4093545652838556,35,0,0,6,30,50.03501339001893,0
25.454033497330784,0.9344089749449083,1017,0.6300780807428654,1322,0,0,4,18,63.5717964370839,0
63.3751662568774,18.30496135735881,1013,0.5152753856649418,1629,0,0,5,17,59.5526050033867,0
46.10980843914198,5.51569009260107,1003,0.4444305079882652,677,0,0,6,25,75.30154258332004,0
33.62114218655216,2.9833112835580424,1012,0.5708776644852238,528,0,1,9,18,80.84677724432399,0
100.49943727782589,7.258929115944256,1028,0.3591501365146985,1651,0,0,5,26,54.936258087314066,0
90.53342269960146,19.01642314451833,1018,0.5918414369850054,140,0,0,5,20,81.53617373758406,0
78.07035179442383,4.820897656599785,1063,0.5299191215908384,1871,0,0,1,22,102.49631306720258,0
51.23862366762318,5.773172357150088,1008,0.49606821836651915,1280,0,0,3,26,33.63574889761596,0
23.556988843190137,18.839908161413284,1069,0.46444397814276533,177,0,0,2,17,28.240553816234517,0
85.29599761363295,2.148376795077252,1017,0.6345003740268814,34,0,0,8,17,56.526995791011586,0
39.71856450419692,0.3037878836198926,1041,0.3799342172089835,395,1,0,6,19,68.53995282160008,0
63.702596574613516,3.8571740373961347,1072,0.5496407433523685,1744,0,0,8,17,119.360289625078,0
39.42638805086774,22.086302351878892,1082,0.4858093174210687,1264,0,0,9,29,51.264162810115536,0
33.48344204874537,8.114662097667171,1023,0.47340105959243933,1371,0,0,4,27,84.4365184719475,0
110.13269911025512,14.062493512500161,1054,0.49791620403888687,1217,0,0,8,15,106.78220403895713,0
68.10937216882216,10.343840209636069,1057,0.5120079553000304,415,0,0,6,20,55.26699673991147,0
58.98943063512044,4.062869046546947,1072,0.5665748652631386,896,0,0,4,22,30.56326851588695,0
50.46855001848809,14.746111157352708,1021,0.3207781948861911,1115,0,0,5,17,104.43795059274456,0
16.577559253007372,5.2877046890982795,1069,0.5120520599854206,1468,0,0,1,15,68.04163878573539,0
54.25939741622016,8.405163123156228,1010,0.2095146606838612,1937,0,0,5,19,114.84079981321746,0
87.40675146604158,0.7965031254000356,1036,0.62064971054487,386,0,0,3,16,51.21538722291687,0
87.04255742134384,17.272550305088508,1037,0.3801530147307377,811,1,0,7,23,74.84083640717779,0
74.47263459956208,19.130383369616286,1092,0.5141648716443864,1520,0,0,9,20,80.86525765483982,0
133.0512081687783,15.859951164649253,1032,0.5398332140945727,385,0,0,9,23,53.68760123770677,0
11.930522682365044,8.002032034704396,1076,0.5329886839750919,1764,0,0,6,18,91.8578405760725,0
69.3676313652258,2.476795485740065,1055,0.5227318698065682,1663,0,0,7,24,80.61727624051122,0
49.12211558945065,16.956711175276585,1018,0.61731774238149,1395,0,0,3,13,50.81218521963602,0
28.19774285353942,7.944104063596355,1060,0.4174484988573033,253,0,0,7,28,39.08511786666909,0
4.907590947205463,6.0266948836561465,1074,0.44578395676371374,1587,0,0,9,21,33.70449600265354,0
97.78892288082145,11.141403988540773,1043,0.5727433997783987,1531,0,0,7,24,67.02943470646038,0
29.99453849145309,10.537694753806548,1097,0.4981390216454547,127,0,0,3,23,60.11682827220531,0
69.67676413362747,20.21477036995718,1095,0.5359239086974609,941,0,0,7,20,33.41796468347572,0
51.005741071657624,23.50501967199491,1013,0.6091675908946828,903,0,0,2,17,45.885116087232376,0
-17.673739932842423,18.935000040248305,1009,0.4179965105404852,451,0,0,6,22,60.16754186604192,0
37.09072040136073,22.24965878522844,1075,0.4357870876897924,1062,0,0,1,24,99.52002573176631,0
57.791675051644454,14.78025346610966,1060,0.5607130004877182,1989,0,0,3,19,45.35767409584323,0
127.39128012962955,9.459197827879482,1018,0.5697220785020368,734,0,0,7,19,48.195852967486786,0
68.62016292652034,19.79852351561754,1021,0.5702088369450855,43,0,0,2,21,54.67225898802157,0
31.0568891755045,11.413681842087687,1023,0.7010282740772615,1961,0,0,3,26,64.9377151844179,0
38.12957864731209,17.343592856660557,1085,0.40726620727218854,937,0,0,8,14,34.52701090961053,0
-14.24292640959115,9.575830000085933,1078,0.5250223832621191,1660,0,0,2,24,66.66239317749367,0
45.97073775588357,10.787020636409789,1002,0.42137924973903096,1663,0,0,8,23,50.44635658228535,0
49.2761266863508,10.295183416482331,1039,0.4960669932867469,1273,0,0,9,18,68.9036815699047,0
44.47739398952242,7.795028898919578,1022,0.4854704205285735,694,0,0,9,13,74.08082359668846,0
-34.969777749524226,0.7900460823348903,1006,0.4798562920919712,1381,0,0,1,21,89.12825861742985,0
82.26030205870694,14.745159354162087,1027,0.6966183018291806,1326,0,0,8,26,63.52368255134864,0
85.66740114423928,17.61856754114704,1074,0.3183055742915729,1062,0,0,8,19,78.32197712802935,0
61.91140009647199,14.33098505226118,1018,0.4334344424349123,1964,0,0,7,27,65.20364531496705,0
-41.339696177294854,15.982320749296317,1016,0.4541132956274588,268,0,0,1,23,68.60813041756599,0
66.6070859320338,3.462031538798197,1049,0.5650334942713067,110,0,0,9,20,105.81286770028501,0
47.87489456251729,7.049923239013464,1065,0.6163659254571804,1205,0,0,9,21,101.52261200547919,0
35.48199665146301,1.977161737881855,1036,0.5107073846857679,152,0,0,4,21,32.059027401040524,0
120.91617483858083,1.6464236374834957,1046,0.5084429222184349,1384,0,0,6,23,101.82894984989869,0
46.8692465168574,12.596004331233043,1005,0.522533747717271,32,0,0,2,20,58.94103248636904,0
25.847144569084737,16.30673605959835,1002,0.5603951724044054,631,0,0,9,15,57.55149979304372,0
61.859217579479925,17.91963438810228,1049,0.46005775824941186,1467,0,0,7,18,21.472970485615946,0
9.586211314109107,4.212274859171908,1002,0.5064234363836978,862,0,0,9,16,66.19877794350359,0
50.5405061613334,6.4665237779542,1079,0.4370871630437862,442,0,0,2,24,84.1844631110282,0
16.232386579040927,0.600872069698652,1061,0.41373714121658484,425,0,0,9,24,53.71859907063509,0
55.68439463663242,9.032895055158424,1004,0.2811844227956899,1257,1,0,3,17,35.897702171058256,0
82.36042500293887,12.717580219320181,1047,0.491750710205268,593,0,0,8,25,39.87139609199663,0
15.39948468212122,18.42016068948874,1066,0.43958950465557,950,0,0,7,18,35.096049062922674,0
47.507320167704506,20.275585261731443,1045,0.5743820681342016,1025,0,1,2,20,62.06667943486583,0
28.769916031436576,17.946639318530416,1041,0.5642087049075077,1207,0,0,1,28,108.87938342257871,0
82.25664623545748,7.8887372932143265,1043,0.5787906035246164,834,0,0,1,25,83.4800600168173,0
5.083028165474801,16.967236317903737,1094,0.43450772209451416,1339,1,0,5,17,66.22205963624715,0
32.63144727953231,6.84469023082609,1010,0.6341777712030312,1116,0,0,1,22,70.24275559769727,0
-13.718427481019944,12.342102697487402,1015,0.5782089865014597,537,0,0,8,23,75.0432624307422,0
93.57402603412237,5.54763282150425,1064,0.5650977812368088,48,0,0,6,16,57.771450878124085,0
30.288942889480282,16.687394594244736,1082,0.5020593666039618,1625,0,0,9,24,25.560406575868612,0
66.88907710071713,12.466866396421352,1066,0.5396808087309237,1213,0,0,7,18,30.98575515780447,0
25.44184920019764,18.57607950983423,1028,0.5761141072603105,1422,0,0,3,25,27.142461612919178,0
59.38596954472733,7.322691352281821,1003,0.45470515807847506,1848,1,0,6,17,33.75841385685377,0
5.4530609465028945,4.577214072113887,1062,0.3947732123329308,453,0,0,8,24,35.21786732445855,0
71.96453678164207,6.003214971581862,1049,0.5375986972169876,751,0,0,4,13,72.8485301823236,0
-12.234590530489342,18.685852486398407,1019,0.4054160585047906,925,0,0,5,24,46.85340050247028,0
44.326388276688995,2.605515472867425,1012,0.4147356238196214,481,0,0,6,16,46.443743978787,0
76.6123932933886,16.122545432693517,1085,0.4315413849546643,828,0,0,4,26,20.5864309465369,0
93.53430823385125,19.771142770440818,1086,0.7153297849262354,918,0,0,6,22,58.06291734565681,0
16.96140530480516,22.555839423461947,1031,0.2929789773155893,1743,0,0,2,21,57.44192872439331,0
47.67669617822019,3.772379318600964,1015,0.3579172664465189,927,0,0,1,13,42.42540689633934,0
50.03616426086673,23.900554300275896,1017,0.49782906442940883,1411,0,0,8,29,97.39164175610401,0
50.21535400723826,13.360696099700478,1057,0.6030315729087294,1386,0,0,3,23,62.033785553665226,0
42.697690922962764,13.438570536880231,1098,0.42394508925873314,1404,0,1,4,21,36.07164329920687,0
2.4246307884245795,12.878901668519006,1074,0.6703470516653702,737,0,1,3,18,55.64842548102911,0
49.06389533182748,16.398638650137354,1014,0.4574628669241924,574,0,0,5,22,27.324447153326346,0
55.54911725219469,23.749518763899353,1010,0.45870257727360997,1486,0,0,2,18,47.69683308570587,0
56.21418310335706,1.565583870419684,1024,0.495948854334518,593,0,0,3,17,16.015215707305302,0
69.2252858380103,5.2831061000583395,1001,0.543470549931403,1212,0,0,9,13,69.36155094471457,0
42.421253935920895,16.544180752229103,1015,0.4809813135710057,1308,0,0,5,22,28.060514896245206,0
92.5559403544411,0.007433565960142552,1056,0.4812505094993653,745,0,0,3,19,65.9964549848689,0
-0.7887044258615674,4.480775637052146,1008,0.5468887874620502,1400,0,0,1,24,47.4979179624475,0
45.32968293823762,17.006889610443142,1030,0.6048048386890433,939,0,0,8,22,79.07037676419714,0
65.5297706140737,13.479180798825116,1031,0.399768873219502,971,0,0,7,22,67.02741570820415,0
143.53043387624143,20.004829610622174,1015,0.4028163397254591,900,0,0,2,23,86.6237417589288,0
47.618347267828916,2.3879859421587764,1089,0.7158841286631402,62,0,0,8,28,102.43056013683551,0
55.82322892860073,10.779352523025384,1034,0.6093914768168815,1719,0,0,3,18,57.317197671547774,0
61.424792550357616,11.974178360622894,1072,0.37237554484658164,1380,0,0,9,12,53.21282899929755,0
14.85036958047315,4.331592193635184,1025,0.4685091641194518,1429,0,0,5,18,59.0515906817944,0
108.87761571592384,22.520760364566225,1095,0.26767165063121423,643,0,0,3,14,23.36613125383633,0
64.28721060162998,23.793101242759093,1024,0.5901950160033864,1115,0,0,7,23,46.56173709897322,0
17.599921748536033,1.086199532893235,1022,0.5716637651641635,898,0,0,7,20,79.36376570879344,0
20.576359747593223,19.563470338218824,1009,0.4713060014667733,1629,0,0,8,32,52.51492168205568,0
83.14991605413243,23.4297847904778,1004,0.4762289009677791,1258,0,0,6,19,67.89303151483104,0
30.060467074938124,3.023468659660039,1068,0.4174271928775972,178,0,0,8,17,136.315009197703,0
-4.21124184795449,10.297746418920077,1026,0.616757392158915,1979,0,0,5,17,20.800027021007253,0
35.593566976028015,19.628314633450323,1097,0.5073243301439236,1637,0,0,4,16,42.31082000540718,0
-4.618099016455517,6.991267408923608,1062,0.4898074461427213,1366,0,0,2,20,62.01447123323093,0
68.47806820832791,13.018699345852964,1017,0.5046645383670124,661,0,0,5,21,63.949208494526005,0
22.439404655417167,20.058898474852803,1042,0.5839358862651932,1996,0,0,5,23,57.820293898650924,0
6.985825282147566,21.566683383221335,1031,0.46386813177096037,875,0,0,5,23,56.29996983224032,0
20.99071570612361,15.577067214437136,1081,0.6376266209170594,294,0,0,8,17,31.25170864933612,0
44.29277466760353,5.8175490300453365,1009,0.4770037284718691,1089,0,0,9,28,38.62018502602514,0
-9.627067438026785,15.717727250827945,1044,0.5581961282878989,292,0,0,6,13,59.453328972365895,0
55.84527020810414,7.880586843192463,1059,0.5554380034616947,1534,0,0,9,16,57.91093615142838,0
19.896832895014896,14.833219400048936,1060,0.44389400188895517,1098,0,0,7,24,61.556355779939835,0
1.692106436245993,18.351263862839367,1051,0.45121510227646466,398,0,1,9,16,35.71191410969536,0
70.84007372355754,9.040924857982144,1029,0.5117172773689472,344,0,0,8,28,12.508762496516283,0
67.17170933527026,15.740374765772978,1094,0.5218578862013814,759,0,0,7,15,92.77327067961428,0
28.42671645652442,12.128047703451442,1078,0.5339856534924082,644,0,0,6,19,33.01572413557544,0
63.58269056230083,2.780031800192874,1014,0.27878011990950347,695,1,0,8,27,84.09519506596003,0
76.37042463671023,13.473368955704945,1007,0.7683400565500247,610,0,0,4,27,69.050564686963,0
55.200249931112246,23.64081228014303,1079,0.3427430427392042,237,0,0,5,19,76.37884827344517,0
44.44707051736344,12.001495838164995,1009,0.565746851758474,1086,0,0,9,13,21.928497033978914,0
34.874605069769856,19.372314484859785,1021,0.5460351743799763,681,0,0,4,23,29.24649987644132,0
70.09017646490116,15.964898483545612,1044,0.5555733984671517,1769,0,0,5,13,25.37024236001396,0
64.26096832076031,19.099983814810596,1057,0.4732088999396903,963,0,0,2,20,72.74128803323272,0
75.5023799725266,14.672472738603403,1023,0.44995541480473006,397,0,0,1,20,33.05909010810181,0
36.90455410203369,21.134964383400536,1041,0.5606484920693434,94,0,0,4,24,68.21178599017472,0
38.19853106766029,16.167703938773837,1080,0.6442224577960564,1921,0,0,7,12,60.29012722383068,0
48.382854529827824,9.688167782976668,1084,0.3931465560533942,190,0,0,2,18,37.57426519931953,0
64.67561390442991,17.50165222724066,1074,0.5928891351742489,1053,0,0,1,14,92.78582106465203,0
62.60283471355524,13.712437576966689,1059,0.3936677277762974,420,0,0,6,18,71.75529526185834,0
60.84908075142903,8.061932282560548,1072,0.35422909771688604,1371,0,0,3,18,42.668180592888135,0
67.84263024995857,22.089355956000883,1020,0.6423121430917063,228,0,0,6,19,85.92368304620479,0
60.30854868705384,7.015999470801179,1055,0.43109341442676796,1280,0,0,6,28,65.0461380270184,0
57.820212974717215,16.46230129699727,1070,0.5523898771056339,1000,0,0,3,17,50.732723473997346,0
74.06385375854359,18.837393471932405,1037,0.48250199582229425,1146,0,0,4,21,54.77105559279007,0
125.80797277620864,14.77902125043325,1015,0.7008641040900048,1871,0,0,9,17,82.21931059505816,0
95.57851770925306,12.551695396601033,1079,0.432891729453573,1637,0,0,7,27,82.61890025290845,0
11.056882889385264,23.33588904744944,1006,0.5052683291178216,256,0,0,1,18,76.90555892219986,0
1.8026869778396204,16.56505864078723,1014,0.3663029960821155,1041,0,0,1,15,27.807990858232095,0
63.42181811206927,15.215361802570612,1095,0.697858750636684,590,0,0,8,20,5.663010175921592,0
61.840145894689435,20.156629744177003,1083,0.6081319671704105,1901,0,0,3,9,44.55741579832777,0
31.22251946946194,0.583024881594727,1073,0.6238680967867422,517,0,0,1,22,25.139088705535272,0
121.83085701747352,9.315874751047605,1024,0.4419301394090581,1313,0,0,9,31,51.26223801307826,0
91.4436223607146,1.0280957085359619,1015,0.727338489765242,170,0,0,5,25,31.205585413926887,0
41.58493839765148,6.656158030534546,1011,0.5087284083181999,1234,0,0,9,23,27.48080655501974,0
28.0890010484859,6.975607904768841,1041,0.35226528796632833,963,0,0,9,20,38.35285475494575,0
51.69949774691322,2.278368229574834,1090,0.6073097079670468,1065,0,0,8,24,80.60240025925677,0
55.14104843569911,5.875415073891201,1060,0.5281000799627991,240,1,0,8,16,58.023691228918025,0
42.57444093345486,12.218728619733099,1086,0.40267462654118014,188,0,0,9,17,79.55637593414433,0
57.12927968899877,13.348081633194083,1001,0.4452917092131522,1162,0,0,8,15,32.372814047464885,0
90.57087637778451,14.133071931367304,1058,0.6207075681564399,1481,0,0,4,17,65.30498242493951,0
105.14551030385368,4.068483847907097,1062,0.5003676698628434,1958,0,0,8,22,28.301681332298507,0
7.541984242274374,15.52464537641332,1040,0.6141089181147666,1954,0,0,9,15,85.90826423339544,0
84.31262129620788,8.848258172379474,1049,0.5774491223783184,1395,0,0,5,19,7.45536663443373,0
166.16494637978457,9.52455728775519,1036,0.8861484232253112,770,0,0,7,5,169.25714071150946,1
32.26165971890883,22.546406949508498,1039,0.6307216077701491,1331,0,0,8,22,42.10982469125378,0
81.73403022625754,9.077349732145125,1041,0.42445109964494304,1019,0,0,4,8,14.790415271460695,0
28.882510237533666,14.413383745455103,1055,0.6159595605372246,545,0,0,2,19,29.167263427233216,0
126.74597857004757,17.91760017128143,1010,0.6039854399316766,912,0,0,3,14,-3.7425748524566984,0
62.616101177122076,22.05034904866143,1011,0.49607775330014636,732,0,0,5,19,85.6248555703695,0
69.78594408767415,19.429902261959633,1045,0.48400716328551363,935,1,0,3,19,72.1007561973755,0
44.43023070008549,5.076687020721929,1069,0.5031992076014546,739,0,0,3,17,45.768421970271596,0
61.45202506887528,16.313007102698283,1029,0.33275916399690575,182,1,0,5,17,21.54156741507201,0
40.33915536523825,22.499212507529865,1050,0.45686826564843264,797,0,0,2,26,79.68971893441997,0
63.80126971581399,21.64005949517504,1004,0.625517185867049,1476,0,0,3,16,71.41414523036435,0
50.15731099154549,18.349529233370447,1024,0.6943067823387595,1068,0,0,6,19,34.07713656714446,0
52.27413674581179,8.959569752782583,1063,0.6045383652020805,1508,1,0,5,31,80.19783978891815,0
33.483894515252494,22.378810105935436,1097,0.6084199888749522,417,0,0,8,24,55.61309125403778,0
72.01851435092715,10.093166378881241,1042,0.5775352280027644,1328,0,1,6,24,66.5286961016444,0
78.90128387732966,22.75000989442793,1076,0.30111945063066414,1378,0,0,9,22,37.201037586281544,0
26.70502578520999,18.996984151996806,1027,0.4096556788538956,427,0,0,2,17,44.99238712706503,0
-13.000795229548721,19.663650296327152,1045,0.44906214236039094,1788,0,0,8,14,57.912530442359,0
46.28322910294397,23.95371008621369,1095,0.5410502049746654,1513,0,0,3,24,79.5337357369741,0
25.335031799317793,21.115679440930855,1049,0.37121537112109304,1708,0,0,8,21,80.98501894545672,0
16.75662625223392,6.2921172417987705,1017,0.6016372808733284,1256,0,0,7,24,44.38848723098939,0
50.36509046848715,2.3542647897835547,1051,0.5919958692840172,834,0,0,9,23,42.97807300368326,0
54.46002371606335,4.414738028337216,1043,0.5876750186963464,764,0,0,2,25,83.4757455380481,0
46.88562546791099,12.341930742788607,1044,0.47588677952406616,1451,0,0,7,12,77.20578731812515,0
84.19635683387136,5.1542255990993295,1075,0.5277570636531411,690,0,0,7,23,22.064959510914733,0
25.538731150516366,11.334323059085168,1045,0.466969591080047,1152,0,0,3,13,87.89904828891815,0
81.60925389823518,10.060800174497627,1081,0.46388679997033433,1492,0,0,9,23,46.9169422723047,0
97.82533868612036,3.248699082246187,1097,0.4919759929636842,486,0,0,8,21,23.107467886416224,0
11.58711942511151,16.038226492996188,1039,0.3995299394101691,128,0,0,1,22,51.445637415078224,0
32.49202020961985,16.8157878933085,1026,0.552775968849073,701,0,0,5,25,53.501099746366116,0
47.18289293860858,3.3858941164649856,1046,0.442610468836141,1420,0,0,7,28,95.22258985514745,0
210.21151023512223,2.862823541349967,1052,0.989775985403532,894,1,0,7,4,123.60038174098969,1
4.022052962067143,15.47140815855238,1030,0.39730230185970666,1742,0,0,3,13,70.02996081322034,0
19.869865211182805,22.503690853391475,1014,0.6124400632865296,294,0,0,5,30,35.87717575438508,0
5.829378154676668,4.5865545142434945,1095,0.506688004123599,572,0,0,9,23,65.90527306081408,0
74.79266972575299,17.598616700015445,1086,0.5289192685041118,306,0,0,6,14,74.55295849341198,0
31.626878760786862,3.640007048582887,1040,0.5731275768459234,50,0,0,9,24,52.08684430438325,0
57.73257620428252,7.7307023032593145,1045,0.41555382534482727,106,0,0,4,16,17.23886814277543,0
49.39703744691045,23.811634445521154,1037,0.36915061415760975,1927,0,0,5,21,77.3426878973702,0
44.1115804583619,8.152282505501411,1053,0.6002685384598277,179,0,0,8,21,97.93676164570941,0
85.03225776583338,17.253835567805062,1078,0.6625129085381434,1502,0,0,7,22,56.26612205014036,0
54.07773701655044,16.361662849574657,1094,0.4892235794795689,1171,0,0,6,20,37.44674966712509,0
50.42861635651967,11.14742749721612,1090,0.5262597811254816,1082,0,0,1,23,15.973208948506759,0
70.96859215152264,4.091940522909462,1047,0.3792402065353794,1746,0,0,9,16,76.2741568652865,0
14.367042802474195,2.752349817088084,1023,0.34408887128866883,559,0,0,1,18,90.7970418584199,0
74.09464227842065,5.516870188854105,1032,0.2934304540619116,1994,0,0,5,23,70.29832774320089,0
31.627313272973954,0.7005801718672338,1081,0.588052998363339,976,0,0,2,25,40.28242570749133,0
23.036478550306153,11.965077079951037,1052,0.5631390323711931,1164,0,0,7,24,84.56016608840763,0
57.026441976095626,4.473932331991843,1031,0.5376213143824781,575,0,0,5,23,62.8420156841883,0
24.878576309525993,11.227976144921819,1082,0.46259165822843645,1226,0,0,1,19,39.498305589734805,0
62.09898812500472,0.43713674236747035,1013,0.3642100661264207,397,0,0,3,31,106.49474284985573,0
41.917794966663266,19.20779662575574,1062,0.3821077286184992,1954,0,0,4,16,44.87248612196334,0
65.17896660367596,13.649470599555837,1078,0.7653627062219599,888,0,0,6,16,42.819592857839304,0
5.565628261348529,0.42315381441659294,1044,0.5322538169488813,1380,0,0,8,20,75.78817058122561,0
67.55063996863394,18.547353777807746,1073,0.3771120226595129,1141,0,0,2,19,56.68061380814926,0
34.703181414031015,3.449790144473261,1067,0.4084494481094357,551,0,0,1,18,53.18591159132042,0
24.929329849398915,21.174468397668033,1081,0.519984838161903,272,0,1,1,29,46.60185275840195,0
59.59345802427611,10.19240380072705,1010,0.4746174883109447,987,1,0,3,13,45.0501090383454,0
76.36891919211953,7.74863866006686,1018,0.5305286814732473,1659,0,0,5,20,86.58394619047854,0
69.78949994247111,12.804183900395682,1035,0.5334260832876548,1189,0,0,3,9,65.57458058649848,0
101.07543974388817,19.43408921845593,1014,0.6131690951138055,1451,0,0,3,17,71.82430597468823,0
71.43829371909854,17.779623790370767,1096,0.5327472180661789,144,1,0,5,12,51.44535081008227,0
85.18270535802336,2.829751483686821,1007,0.569871594790127,901,0,0,9,13,118.9938989146736,0
35.44082493896395,5.063262953080785,1054,0.7190794309442097,1144,0,1,8,27,50.13297224931385,0
47.06254260671288,11.00322264349737,1061,0.472214801492071,1493,0,0,9,19,48.13723919225456,0
71.52626767387886,14.98843236874433,1004,0.5590552129331421,678,0,0,3,19,65.94805188138722,0
76.44222586770714,20.456402800412018,1007,0.595877571811395,1648,0,0,9,14,65.81299868208887,0
-3.3304288711060366,10.968606731542545,1033,0.4492517279180627,709,0,0,3,12,69.80279043549484,0
50.065507725111075,15.12175559666278,1008,0.7219594097113373,146,1,0,9,17,20.56330707989156,0
45.16142865001973,14.786365491584512,1029,0.6125170849878899,32,0,0,4,19,75.93863877615533,0
62.49338114304358,10.27558660781645,1037,0.4723192410339926,1681,0,0,1,15,31.503036644839458,0
55.05382928808843,4.492286615723766,1054,0.4743054704164494,426,0,0,9,16,66.73892379821295,0
45.57192241103994,9.646084487824236,1054,0.7179843567878083,826,0,0,6,25,63.802078116904646,0
43.060971712109016,1.843464663358093,1011,0.44928371857560684,1501,0,0,1,20,37.39499791260964,0
70.56858122655449,0.25734726946524233,1007,0.734403683082057,755,0,0,2,27,34.52184958501489,0
64.96069736406633,7.184074972544767,1066,0.46445682008072003,1150,0,0,1,18,44.383667907611525,0
60.96182725775422,4.8455053471893565,1000,0.619116842595064,400,0,0,8,29,92.76012916239537,0
11.095041561324607,6.17075191209948,1060,0.4220198223032341,665,0,0,2,25,55.967048524223344,0
40.54192266078963,9.88553948069067,1096,0.4679082758268738,1490,0,0,7,22,88.85997051497458,0
1.0395534492074816,1.8715879917595997,1045,0.5082076447295865,457,0,0,7,22,56.151207996106024,0
22.995193163790113,5.694203703232569,1046,0.4953951079639621,553,0,0,8,15,55.33180468828351,0
38.36372654412591,0.09422536774236967,1036,0.5784091532357294,720,0,0,6,19,94.43058872223864,0
121.76328905821978,5.521304825925529,1073,0.3796966801298675,1978,0,0,9,28,18.71510922735753,0
65.23507268868872,3.867928509507866,1006,0.5225811877805779,1978,0,0,8,29,77.62986338303324,0
105.43600987106309,2.5964797757918543,1013,0.43891870203268857,364,0,0,6,17,67.26531456668584,0
7.3595016404435825,7.416643502890354,1072,0.5318358560963348,425,0,0,7,15,95.00699987065735,0
24.285273307511524,10.827936088502302,1031,0.6078193896097359,768,0,0,7,15,43.53851704344601,0
42.527844660408775,15.554830152500031,1047,0.6427713258395218,281,0,0,4,11,14.77559928249466,0
97.76074695728249,19.97981688134746,1002,0.6872314960154751,1739,0,0,3,16,95.65947580647635,0
58.82672387040481,4.661590312693961,1011,0.5497794599019358,720,1,0,3,24,58.646715351717994,0
14.048236251438638,1.1047952674012453,1046,0.6047685202009618,361,0,0,9,14,95.24275745142029,0
73.6722560419973,3.2552928364951272,1098,0.6021647182964763,1612,0,0,1,29,82.30798908375048,0
33.074114604185404,10.026256118989014,1083,0.48309842988245205,267,0,0,9,15,90.77729076265523,0
46.89706327129148,18.23708889693096,1025,0.37628851218020165,757,0,0,6,18,35.928596801625616,0
28.846684395021185,14.971374334101,1088,0.3834444148743039,973,0,0,4,17,62.44268015849103,0
20.364022695806845,17.682152287954157,1008,0.30962787799132974,787,0,0,1,15,40.7429287651009,0
77.99384217023209,5.668127579589055,1098,0.5602982778779673,1541,0,0,9,23,62.987738214274046,0
60.84186816525242,1.7801431268381371,1063,0.49601831929252993,1276,0,0,1,21,67.39525581203289,0
-24.149335003818678,14.984052637228931,1059,0.6308909806446987,615,0,0,9,13,24.520432063590263,0
51.46580210977113,21.42704055409584,1011,0.649202469495773,370,0,0,2,25,63.137002256144505,0
57.020733630594435,8.744839058401926,1012,0.37850277139336663,1267,0,0,9,20,83.29020978500472,0
72.76945086380339,9.46745858357085,1082,0.5818487795039058,37,0,0,5,16,69.35983961082434,0
-15.75935968839643,21.838585281416854,1064,0.6151475533289401,968,0,0,1,15,47.66939555980472,0
38.07353910362666,1.97556715889589,1057,0.6002560653430423,1666,0,0,7,25,89.52507878599258,0
78.92467652515936,7.803538709547605,1069,0.4610109000895677,1295,0,0,1,17,35.17449510675528,0
46.252352140293034,17.8232227888205,1029,0.49061711061808655,1445,1,1,5,18,66.47611833240252,0
26.627217818698984,14.542804152185065,1082,0.46002599982136155,556,0,0,9,12,69.91314063837196,0
31.10346342908569,17.170823127578974,1095,0.6436222711039485,1780,0,0,2,19,34.405030527405636,0
40.14874221749593,14.766368831303351,1060,0.5264584376687447,1108,0,0,9,16,35.157993061235516,0
56.71363854916696,5.1227491518250154,1079,0.5904270231623101,1444,0,0,5,14,132.4283870830202,0
53.15835871729034,20.091538351802814,1081,0.3462927222284401,778,0,0,3,14,108.63116419729289,0
23.48427691396601,17.649936612168073,1084,0.435013247516503,897,0,0,9,20,78.95457156530662,0
46.46056716177866,7.383302594402152,1020,0.3052097104751398,1663,0,0,9,29,54.06089602118455,0
50.67892558030607,7.21489343653541,1099,0.3498110511333715,1333,0,0,8,20,80.86897380507197,0
184.58454561447223,11.414019083847274,1011,0.8775485224872769,1051,0,0,1,5,208.398096506041,1
6.542257560993676,15.62120364297287,1065,0.5158372598219523,850,0,0,2,24,71.66159345999483,0
36.55326151099552,10.817231652771536,1047,0.6234434973531793,509,0,0,3,24,64.35253076623606,0
20.26726594005159,14.51099453285409,1086,0.5572476001092749,1017,0,0,8,23,71.98336943460957,0
69.40713569769697,13.38903158085241,1002,0.6392036804090222,145,0,0,9,22,55.77071819688266,0
79.25601625054298,6.37668735747561,1077,0.3222351001213718,1956,0,0,5,22,38.620472297296445,0
3.061336179925874,19.89764750918618,1082,0.4884381485678427,1826,0,0,9,23,56.822101074301834,0
38.003652839948856,9.16413831746704,1037,0.32673664365370925,760,0,0,2,21,75.12024630877596,0
25.954172296863753,19.521969943700853,1059,0.30952376256310105,1879,0,0,9,15,72.733868690989,0
-6.092250990862617,10.514936329940717,1094,0.45294917945808244,1247,0,0,7,27,68.90740944311919,0
32.229321330438395,17.076309607483644,1001,0.5418813754320778,342,0,1,1,21,98.32456557225944,0
14.773931128395603,10.481680267071383,1018,0.6802670294649809,971,0,0,4,15,67.24231280485996,0
17.347662929814632,20.303024770152305,1046,0.4934905973889864,1933,0,0,7,30,71.92560743595733,0
57.286460394508254,11.909644172878826,1057,0.5658346943598254,1546,0,0,7,26,44.34385607744289,0
18.494403879149917,11.937873107794228,1015,0.5112651821556803,662,0,0,1,18,79.59308403865367,0
74.28783307915657,14.135342133032212,1032,0.44322445132065996,291,0,0,4,20,57.19473973239692,0
98.2634256720312,16.367938734737606,1054,0.3028255846644183,944,0,0,3,14,28.34526253871963,0
40.11656640958726,1.6786562433271506,1021,0.5787357308865497,786,0,0,6,22,71.65995129241172,0
29.640708161176903,21.760051550764565,1004,0.6536042879258258,668,0,0,4,25,79.8849955232114,0
66.99806445178177,0.49254028110036696,1055,0.4633503997121458,1899,0,0,7,16,62.6237627993369,0
41.970767273036195,5.129111396461896,1090,0.6935457416828165,1781,0,0,9,12,45.873598650915085,0
39.58093133126471,3.495499104635946,1091,0.41138054479151936,766,0,0,8,17,63.153720601950496,0
35.439093565126896,18.335929183669034,1016,0.3894780352607443,416,0,1,7,21,36.872331981683374,0
6.838396968293914,4.325607643643068,1001,0.5429739521590492,1620,0,0,5,34,74.49492342264932,0
-34.057347084636746,1.3272164718803614,1002,0.46816283812409004,1084,0,0,6,22,43.47633936185835,0
9.924127874941597,21.744466938635714,1069,0.43954612980137253,869,0,0,5,25,38.66985680073644,0
40.74551634632541,7.973466337590812,1071,0.4542672038268169,1845,0,0,6,25,68.99602176806049,0
30.880767589136155,7.820054276279974,1074,0.5671866112047208,1962,0,0,6,30,60.66236810937445,0
30.521673648019785,21.504372551078937,1056,0.5002515515484959,1154,0,0,3,14,80.76257714875773,0
111.82243774645961,10.793455399770767,1059,0.4675172339863026,1094,0,0,8,18,88.78365420238418,0
61.8161965449423,6.255811162738904,1045,0.5146049693583633,383,0,0,3,18,51.54142145693703,0
57.87683987005775,0.3265054908160385,1087,0.6081439296266002,881,0,0,4,18,98.43207676856306,0
33.34180735960486,17.273420054417006,1078,0.4803404546412648,644,1,0,6,19,48.731494804857604,0
54.055710229621575,7.561581006261936,1025,0.5117564209001555,822,0,0,1,18,-11.673151514130296,0
62.77530975889487,17.3261752782944,1000,0.6549668821754352,1439,0,0,1,20,25.610799683324963,0
14.39019835082766,4.001893647022478,1065,0.5512269981073056,205,0,1,3,25,105.361707658817,0
91.52818455531555,5.6406908908352085,1093,0.3910401646922109,1159,0,0,2,24,33.10759790296896,0
4.418901021379597,17.891208916969326,1068,0.451283127467566,1375,0,0,3,19,42.32122873682022,0
27.54540390330339,6.4973461967036,1071,0.6332597318877908,1353,0,0,4,16,23.38500882936627,0
38.674065543205245,18.535672640970063,1099,0.358118285324214,928,0,0,1,19,71.93363315317728,0
43.44040167694892,14.111381960888364,1023,0.6672197702816073,1375,0,0,4,15,36.51052963167024,0
8.849789083086023,12.205870124849163,1020,0.23292596387142767,1674,0,0,2,25,34.82146917224044,0
71.00929638226974,4.491480755093428,1053,0.36539317378688896,412,0,0,2,23,34.83007462046483,0
58.97877741219476,2.958134878821162,1050,0.39133197907475337,1824,0,0,1,27,78.65287122574216,0
127.20079409749582,20.14490072490937,1066,0.42187706226479266,1460,0,0,1,20,42.10212694817041,0
37.11783376624241,9.790448905303112,1004,0.37281602339987485,338,0,0,1,23,4.0305451768937175,0
22.47491536957209,18.244934988699846,1066,0.521398179730743,1327,0,0,1,25,110.87868151701714,0
50.47046709414873,17.201394784354815,1056,0.5139706856270014,1764,0,0,7,16,68.56812608135571,0
65.56379052355163,19.94416293575459,1055,0.5076395661054278,1937,0,0,3,18,77.47722193372145,0
89.68233400655407,5.829832123719595,1061,0.6709191575993125,130,0,0,7,31,64.39640764369963,0
24.296837185196217,4.395248917722476,1039,0.6568767257877344,754,0,0,5,26,90.44648959554166,0
-1.1161476048015686,15.388791197571555,1084,0.598609001394536,84,0,0,6,16,55.16683592423354,0
-7.367649262593304,22.086508742436926,1088,0.31740265476669116,552,0,0,9,25,94.10516260572001,0
68.72359451156466,4.15688713823789,1030,0.3942339914039579,820,1,0,2,19,94.54549667437146,0
46.03590233295358,18.782898937848223,1029,0.4415589558571442,498,0,0,1,21,110.67576438050735,0
75.90584727564564,17.012570716902594,1023,0.46377875687892806,1985,0,0,2,18,44.070773856797004,0
59.73020630044604,7.969805812352064,1037,0.35712140734592485,1659,0,0,9,20,42.64520789751623,0
46.90334741202511,20.045214254610453,1032,0.45183630685669446,1317,0,0,5,15,99.5199800362636,0
35.60106071863373,20.938237031770043,1092,0.5173140130939606,1317,0,0,8,23,51.291207204014555,0
54.46426285038771,19.319486513629045,1001,0.5971385360699683,1041,0,0,1,17,57.43844286006344,0
68.20286450619221,4.69703554406563,1089,0.46927367880693416,398,0,0,4,24,57.555413328142286,0
16.158123355769185,3.8121046891683754,1047,0.5095124382069408,1803,0,0,6,19,40.006716690180994,0
35.51517227579245,22.91466125820517,1076,0.36809894744601424,661,0,0,9,22,27.075525251829035,0
45.42590490858368,2.6405098317954394,1094,0.4750967467486478,979,0,0,3,17,75.67297514480906,0
85.71645783030789,2.687351291687839,1002,0.3793268798423741,248,0,0,6,23,22.931973746232636,0
55.71906773795073,0.4047088819705058,1079,0.431575526991196,295,0,0,4,11,95.75919980279309,0
17.23509101845731,7.513996064432449,1087,0.5332054836262131,510,0,0,4,19,39.1575895960231,0
9.639935377542756,6.59388077856055,1002,0.44874321388151434,361,0,0,7,18,49.2686209244226,0
54.659749975982045,21.51564654341992,1026,0.5472112758808334,370,0,0,9,24,85.75538672666744,0
64.23900456700376,23.30381156457154,1035,0.5427584378005825,209,0,0,9,17,92.62755695478762,0
40.23166843554489,19.309409147247123,1013,0.5379040006143677,883,0,0,9,20,101.40112840243319,0
21.549559873273978,3.2457558716333414,1027,0.6829925862340321,38,0,0,5,15,63.034962217690364,0
74.20029206493089,18.594341033573805,1047,0.5100062637993835,838,0,0,5,27,61.498968351661894,0
71.24326030065771,13.436186294015801,1043,0.4937314768264064,1550,0,0,2,19,80.41937685207796,0
34.55651975255774,21.500806539788833,1029,0.5132404630808687,1685,0,0,3,25,93.968287577914,0
53.5874110524246,17.0189721795655,1081,0.43070080893988927,1968,0,0,1,17,49.31899478798631,0
98.22036728059979,7.1308117950682055,1040,0.7791329951895294,964,0,0,6,15,110.53087883402273,0
24.10430863499516,11.242318571886017,1020,0.459009603959754,216,0,0,5,22,29.57255295870593,0
31.576323049750513,1.8448104811621162,1020,0.47704829545524496,901,0,0,1,20,38.05454750169018,0
24.823474303320843,19.923333654639684,1061,0.5194732252801612,983,0,0,4,15,52.99089358544863,0
88.73821517047637,7.14412750431129,1008,0.6336198175404725,131,0,0,4,26,26.799844328435157,0
9.568723090717896,17.069774203270548,1072,0.5599129034152807,924,0,0,7,18,76.83717876275489,0
5.0765999418275385,6.662867990865321,1002,0.5014018963071324,1291,0,0,6,18,77.17312158308525,0
54.79569175992201,21.55871298105108,1082,0.542295479993596,1948,0,0,3,19,-5.874017884606545,0
4.4309065756005594,21.096767325035305,1054,0.3932717380217932,98,0,0,7,17,61.87075879946328,0
86.44000340398708,7.527861820216046,1038,0.6502453927538256,1286,0,0,8,18,33.389416957051886,0
59.24876190916463,3.4011649979417387,1016,0.5174300328056508,715,0,0,8,25,73.82374522562955,0
-17.14693699974916,15.69212135559903,1079,0.3730893223646877,371,0,0,5,25,78.94003972763028,0
84.85634907824571,20.889724078610396,1032,0.4260741275515959,1049,0,0,9,22,39.291717903429344,0
70.29071143024726,20.770008847106887,1074,0.49037240880570926,1909,0,0,5,16,47.972314126892904,0
28.640803182232318,10.481341395735999,1025,0.23565958704580742,859,0,0,9,28,78.28826370592472,0
39.89314619644584,14.590972411441083,1078,0.5760723356093261,1528,1,0,3,21,41.25831753612371,0
-4.398804160514757,23.930208422645965,1044,0.7226731131550141,797,0,0,9,17,95.66594708153559,0
-5.226226939949356,7.651160682013229,1062,0.6147747696746314,1256,0,0,1,26,28.048349992830577,0
23.102433780584253,16.073954824507773,1059,0.40096051919451503,1738,0,0,7,23,62.21640158869213,0
106.19893328652637,21.870474935604264,1018,0.4804671709200859,1411,0,0,5,18,28.947709476250207,0
27.102225303724495,21.22731152581266,1089,0.5625637358661933,835,0,0,4,25,73.36363001344523,0
112.33332755595333,13.149946648239581,1065,0.46888317237255506,364,0,0,1,34,72.39669914938193,0
-16.550432801532438,17.87916476306144,1046,0.657630305446259,977,0,0,9,16,70.47028779874212,0
78.91720802227587,17.91405455369613,1021,0.197219979393138,1398,0,0,1,17,82.92771246618827,0
29.145519257693827,9.122543969179295,1018,0.47278367452897735,1659,0,0,5,24,49.20706261426558,0
40.61968491040172,15.045496315457209,1028,0.5488958512397546,1666,0,0,9,17,22.96014228875209,0
52.22284341259326,5.219624492711473,1028,0.30772634344690647,580,0,0,8,21,17.482257022599434,0
25.264575154169794,22.60371045515344,1028,0.41333306823869137,466,0,0,1,16,58.785248608347125,0
66.41292143510114,15.083890322137488,1024,0.5392041680682498,1843,0,0,2,18,87.87869178429018,0
41.5601732864536,2.467405481660495,1091,0.4747819824263137,811,0,0,8,18,117.64661146461606,0
63.89554385802754,17.852691477263964,1094,0.49585800996953194,633,0,0,7,26,36.740781571539,0
41.699846848425636,6.476102515629064,1044,0.47344353161079433,840,1,0,1,23,57.39615250446569,0
97.72387226513757,5.170655690682939,1015,0.5579679708764587,270,0,0,7,16,12.594760266233024,0
32.01874931138681,4.69676494327295,1050,0.6159541244204911,775,0,0,3,17,95.01693320445574,0
14.714799903356578,8.129867861848131,1058,0.5149069741088904,488,0,0,6,21,116.69827089723006,0
34.07393681239038,15.210922069080052,1037,0.5419670634836204,68,0,0,4,22,14.882427877124044,0
40.39106586390074,6.187143891939022,1095,0.32647761777708184,1525,0,0,8,16,32.90044437805051,0
24.785210434799257,2.512549638807708,1029,0.6184697383418436,1424,0,0,2,17,126.20812537689925,0
108.23652309391247,21.68939808897138,1068,0.5092101523062521,621,0,0,9,21,76.4157530111645,0
111.56219934265805,21.1462655132027,1048,0.45815558186361705,1501,0,0,4,15,83.3756682688402,0
45.75411087986458,0.7967115615734821,1029,0.5465708395430297,1156,0,0,5,23,57.227211980183164,0
67.38040279270328,16.10058487993669,1047,0.49303842679763393,1031,0,0,6,23,55.441752553004754,0
48.092793824416354,10.529692980249887,1037,0.40257132626793224,460,0,0,5,19,88.75430672930423,0
58.42975603205098,15.885373312821606,1004,0.4261868310193438,765,0,0,9,18,60.961810090081606,0
50.94474686785988,17.00648458417605,1035,0.5112256321458336,482,0,0,2,18,52.39197190528992,0
51.97365945946888,9.679437311829876,1007,0.39216685743970114,723,0,0,4,14,52.686641808643316,0
92.31377435610511,10.689730285868036,1094,0.5541821903953771,1475,0,0,4,13,71.41552524961287,0
-4.4465148844421805,20.29830350682731,1054,0.4429916994047641,1884,0,0,5,22,60.374036487258785,0
67.29670889167299,21.271097874033593,1065,0.48909797083429346,709,0,0,4,20,53.70696166346249,0
0.9079094238054495,7.200633731157496,1088,0.41184646754678633,348,0,0,1,20,28.68166814121831,0
40.069269973757585,4.149859271772533,1003,0.3851976843743045,729,1,0,6,23,129.85596622583722,0
38.94141902642901,1.3641374659156709,1020,0.5373626622790253,1632,0,0,9,19,61.41706213620603,0
41.50583309768699,21.65539136261037,1028,0.44493168523538895,1882,0,0,5,20,68.7000577774883,0
62.37067907257844,15.84654678629211,1027,0.5359010255764467,169,1,0,7,23,71.53058700636907,0
79.48072951836542,14.23454292269195,1089,0.4973478853756036,235,0,0,6,18,42.372638167914175,0
94.84814682359708,21.522032750713553,1015,0.5393865856328595,1219,0,0,6,20,95.3503097771856,0
28.79879694880983,2.78083186059326,1016,0.6801067963610005,1368,0,0,1,18,82.61897293856495,0
84.70501343110966,21.148082123380185,1028,0.48208923624188627,138,0,0,2,12,60.05246602833055,0
84.50802187694887,4.407876930765258,1087,0.5374501961195195,548,0,0,6,18,31.741257681506937,0
72.4094252031413,20.434440908579393,1020,0.4596309583546031,1280,0,0,1,21,62.95012674083375,0
64.26765307785747,13.792876894067707,1057,0.528833718909379,1887,0,0,3,16,57.26200434969419,0
102.33751610225745,16.38530826564727,1034,0.5079281294486213,1082,0,0,1,16,63.97379009882865,0
2.527160779290803,13.48987530157557,1056,0.37221578517732257,697,0,0,6,24,22.874085062708744,0
46.82543727506906,17.24889478804735,1045,0.5824515684954373,318,0,0,7,20,68.309679411426,0
45.448566992683126,23.95619370941916,1062,0.38063416757860224,711,0,0,5,23,89.29847980494345,0
28.578046460534637,19.31269884095598,1044,0.49745489069948373,372,0,0,6,26,70.40397221442356,0
43.756494281823805,19.90288026073234,1045,0.5861693613482177,973,0,0,8,17,88.76304555305056,0
82.10450714949283,4.734919409209644,1024,0.6030640932215033,1524,0,0,9,21,70.09296249135845,0
52.08033011108751,6.687079994154168,1018,0.5610484530573869,706,0,0,6,22,45.86941975809811,0
96.53735799283189,5.252843815909125,1095,0.4534621489376835,1128,0,0,9,22,60.57487369151495,0
69.81029163688045,8.512890194981019,1045,0.5875981190277528,758,0,0,5,23,59.32248055850067,0
18.80580406919347,13.107467291121054,1049,0.5305423416362696,1587,0,0,6,16,92.78857827511271,0
63.5288790432943,16.678240714562456,1013,0.6087168748015606,1373,0,0,1,14,64.81775420575109,0
78.14851417927993,10.530293295639114,1076,0.6040263865735755,1345,0,0,1,15,71.8638133720159,0
23.936973662812708,5.294719960405022,1043,0.5093829063619932,1826,0,0,8,19,90.48440469417187,0
65.98349627967873,15.032762589141736,1057,0.6487376729740334,1888,0,1,3,22,58.311000493420266,0
27.29614734291618,11.249604643715045,1051,0.4114136844249597,1169,0,0,6,20,14.251362354040971,0
31.48363260056115,23.917474068332563,1039,0.5157027233500816,610,0,0,6,24,27.838384302913987,0
30.646407361846272,3.2217220582498456,1056,0.38483953789734293,1602,1,0,9,22,64.0961083055295,0
32.93369074407893,18.8692375354225,1093,0.5438303967078459,1319,0,0,2,23,43.85417151093803,0
68.68133671700807,12.332576622458939,1093,0.6212411568269476,1139,0,0,2,17,63.23091343879718,0
76.47191269369941,19.31093859696971,1093,0.45183248905941376,1671,0,0,4,19,106.13760249789453,0
55.293246658316754,19.946025776558283,1032,0.4862090607354663,151,0,0,5,16,67.2665642341487,0
12.394819628847152,0.8814765337419734,1055,0.33636607533491475,85,0,0,8,19,110.75384191232197,0
38.6784044761337,3.979919424947851,1005,0.3750680225238548,261,0,1,2,17,68.17887803059884,0
79.8880045834142,8.89930074107634,1083,0.5803233056234764,1790,0,0,5,21,24.392663132667167,0
34.120036626548874,1.854521430412249,1079,0.5638432750237506,1436,0,0,6,28,49.556651004397374,0
7.790676136880336,13.528853266036599,1042,0.4971024310582613,1075,0,0,8,22,100.0648455875176,0
46.140216609438326,19.39710793239607,1081,0.49018817685592553,146,0,0,4,18,47.63225154888903,0
71.74488120457495,22.845211338267134,1030,0.6322346052630236,1561,0,0,9,28,80.73742419010331,0
14.310000227289159,15.705440755933793,1074,0.5129621471092235,1203,0,0,6,27,61.26415139296925,0
56.30024924067767,16.193801458514116,1096,0.5549287585487428,1883,0,0,8,25,53.59750389451627,0
25.69242688956857,11.686577117741958,1098,0.5460853078722441,1316,0,0,6,11,76.36515454845973,0
45.84463266178326,16.80081698315653,1087,0.5663694847108273,142,0,0,8,23,84.88910146039589,0
9.320889654201082,9.054857384909756,1067,0.5316295883529053,797,0,0,7,13,73.88236697554296,0
16.652592514593465,22.406796461528813,1096,0.45146403731493,39,0,0,4,20,57.78740591881743,0
65.43316502176248,10.020547346580727,1008,0.44295235323174875,1650,0,0,8,32,58.09843361230932,0
32.30315730611328,18.890948710546606,1014,0.71592817279692,325,1,0,3,16,97.82069793245944,0
11.91604201961561,17.198550613561203,1030,0.613785915743103,1191,0,0,8,24,58.85880128833323,0
46.89239439782658,21.286414313020884,1026,0.47141403562817247,1776,0,0,2,23,90.56159776796355,0
65.18472966382137,17.02566647326395,1063,0.4218708464993866,734,0,0,9,25,46.282641479858825,0
13.146685062027125,18.48267965352685,1076,0.4099912327480467,1223,0,0,6,15,47.41843288222856,0
80.34389106225069,16.914823042745446,1075,0.4866995287711416,336,0,0,5,20,41.65627715665297,0
59.33750463630608,6.515621219996604,1050,0.2987182417094367,1471,0,0,3,25,16.048809723925046,0
67.99786189988613,5.629058417953274,1006,0.3979921324380019,1263,0,0,1,24,67.4926074638443,0
78.70109559156975,16.172769454072515,1069,0.33492218207760444,1368,0,0,4,18,44.36724542322696,0
57.93445054854122,18.936260233315927,1009,0.5474441948966384,1273,0,0,3,18,60.22425839967914,0
48.88889608854764,21.31981955286293,1034,0.3899950823149855,1995,0,0,3,20,80.22206690598794,0
15.699830267484181,1.7031511988528516,1003,0.5158523335431965,385,0,0,9,16,44.01456213971843,0
9.449461831509993,17.621240148692852,1047,0.5147702013733092,1694,0,0,8,16,17.858182090729393,0
58.9238615935345,14.726020436541038,1029,0.4436895002888707,427,0,0,5,20,69.74123925921401,0
72.49700718271131,9.174141951753711,1059,0.41862489775951,1577,0,0,2,15,64.90462769813256,0
58.869966544459984,21.897038729537236,1046,0.4319736518499577,30,0,0,9,19,62.43194912644346,0
0.9823112282213842,20.907170905972034,1036,0.4271301519568493,1186,0,0,4,19,107.22433430304471,0
51.12625524460464,18.71426532669893,1091,0.30261487497064754,1607,0,0,4,27,7.722272495393213,0
50.983209126673444,12.629008241376386,1059,0.44216588985860183,1088,0,0,3,23,37.59969988568941,0
33.75580980478493,3.198156139992279,1036,0.501693183942718,1362,0,0,2,19,64.19934784642768,0
200.10833863293485,8.008920211840397,1023,0.9957203978125261,1183,0,0,5,8,191.3087555944681,1
24.433260710080276,18.902427515079467,1079,0.5434912987602412,1725,0,0,9,17,34.23409125774749,0
34.08496557168418,4.016820737439632,1029,0.6102855681225361,1595,0,0,8,20,32.26381212110244,0
64.06322768225071,12.489810352382367,1055,0.48143886393643853,191,0,0,2,26,28.63943007758636,0
86.36387612700459,21.33686505919684,1097,0.41685559060472227,1761,0,0,8,22,52.502066905524565,0
71.95612112864887,10.058522070880958,1053,0.3670687814747966,1465,0,0,6,21,42.34394620611977,0
39.10063974834365,17.84396685879439,1018,0.4926252953245877,1463,0,0,9,18,56.42347304593684,0
40.83665892674954,15.1851629832238,1026,0.5474686434005316,1787,0,0,5,19,119.47392762761866,0
63.08971009022096,4.521474417611813,1000,0.41707765802940683,1892,0,0,7,21,91.83861400097409,0
48.803168487448644,3.3209006835273174,1025,0.5346906248003247,264,0,0,3,22,76.19319330183394,0
77.8404697745506,19.805159877709755,1006,0.5123861577855682,106,0,0,9,22,49.30586892849675,0
35.33341642868926,9.411075527262536,1026,0.5266666089727912,921,0,0,9,28,78.60928131582115,0
86.35831956159201,11.512803900805098,1007,0.5725642624142,1414,0,0,9,17,59.83908234172564,0
47.522222739461284,8.08119833472228,1083,0.45407366763203527,749,0,0,7,23,55.32704659233283,0
111.49436287357778,16.864776787613565,1070,0.5199443023563297,1762,0,0,2,19,49.76206183902007,0
79.1766334888019,12.19577535744354,1053,0.326921920417806,1791,0,0,8,17,108.20678286204544,0
14.954665164493996,7.823950044854464,1023,0.5718230920461354,1003,0,0,3,20,56.286892620764206,0
73.0192208780746,19.18380401420687,1021,0.5398483404132657,1982,0,0,8,21,98.6114322355486,0
56.377220918966444,3.3851925659961637,1015,0.6227640330153791,871,0,0,9,26,62.20624314629121,0
100.07064575868179,14.43302907463585,1064,0.5447161071964661,78,0,0,2,23,77.38951700137378,0
65.13449769149051,0.14240392190535545,1058,0.44374579586665264,1842,0,0,1,27,3.0166256634228503,0
-3.7931935760373037,17.626734667168513,1066,0.30652092563025335,651,0,0,7,24,62.707879495044196,0
48.12081268018295,2.6035501815939766,1086,0.6245879941640529,566,0,0,3,14,56.982657294465575,0
175.7749377560586,22.216756472879744,1051,1.0825457506934724,331,1,0,6,8,198.6575876095246,1
31.286931179125848,9.448228413336512,1009,0.48066018610544203,1774,0,0,2,18,85.29128764952675,0
112.03719014490656,2.7793173443377857,1086,0.6070712700875186,1074,0,0,6,18,97.7777664821304,0
108.05462120180687,18.687651625797827,1019,0.499279829569868,193,0,0,3,13,58.54463359431585,0
66.14888237148898,10.230741750108837,1091,0.5444041437793621,698,0,0,4,19,67.73061018677407,0
28.484542978325855,13.9996914778505,1022,0.39026296157229856,1718,0,0,4,21,82.92979298516856,0
55.266086887357936,14.185489873175742,1037,0.5234822077619998,1782,0,0,7,21,59.929361604273296,0
73.1139078706168,10.888076327210339,1049,0.3814361367928542,330,0,0,4,21,100.38872727989894,0
64.93364928253332,23.193535004982895,1069,0.5939008846032231,141,0,0,2,17,59.90044459746449,0
79.48049428309824,22.03383749444739,1041,0.7706921225195186,747,0,0,4,13,39.46295983579493,0
41.53622669198266,18.074073466591905,1088,0.49911550297129126,206,0,0,5,26,20.05085660869929,0
54.65466028596069,2.8359033248147902,1003,0.519926440524325,1045,0,0,2,20,91.05386546803096,0
62.111902710098285,18.7916315898247,1067,0.2916457440041981,1721,0,0,3,26,63.09611298103557,0
63.824745962115955,21.196924844963092,1076,0.502303511045335,178,0,0,5,12,47.90158187463342,0
37.193567901577396,0.7795517288614731,1036,0.509083370926343,292,0,0,8,14,57.3539179595843,0
42.96138290127759,9.5670950794578,1098,0.6358721181183377,115,0,0,5,17,90.98584572968242,0
108.30586643366591,0.42323589725631283,1081,0.416814128327403,1334,0,0,8,24,95.6003624146273,0
25.674274663689854,17.61273561585557,1096,0.45465524792244916,583,0,0,2,20,58.938397776585276,0
46.59223514894106,16.357380831105488,1063,0.41151921957670634,1825,0,0,4,18,46.98254525037481,0
27.755052502618252,12.899715668020598,1077,0.6924763809239951,1282,0,0,2,27,79.36806872986512,0
101.12316548766474,6.516803589804061,1043,0.48010367444417135,35,0,0,6,14,98.37449356833494,0
52.39404452176199,10.567511418045736,1039,0.5614185345152117,1694,1,0,6,17,63.685245667256126,0
77.86796040596646,23.944837003404576,1067,0.6682901594232544,1943,0,0,4,15,70.89863795975755,0
76.32642660354261,5.250736374304648,1066,0.5675881209139894,1119,0,0,3,19,26.464487243190625,0
86.90666526952363,9.36693842014401,1065,0.5915832396379199,230,0,0,2,25,41.63424763984932,0
36.25589030474841,1.8092221114501248,1089,0.5780653263697783,732,0,0,2,24,87.48969056159066,0
54.62095525050762,6.952704494370525,1099,0.44236792484362014,70,0,0,1,20,51.25888816615314,0
4.107531349877256,11.4481470325855,1007,0.5368115771174776,1151,0,0,3,26,48.34514475386753,0
27.9439689571026,3.7329621960116954,1041,0.41008309068985693,1657,1,0,8,20,30.976732455087323,0
53.12603311855628,13.32021807539643,1062,0.4256994420129285,1491,0,0,2,10,84.61163228889103,0
61.54899248142903,4.801167195687175,1017,0.4910627829062546,1543,0,0,7,20,53.99939114583348,0
49.83319119055788,22.730796077673084,1089,0.3463451079728527,1118,0,0,2,23,78.82110435200522,0
-7.33950674987512,19.437158056937058,1054,0.5187356599038375,1210,0,0,5,16,63.752030872031035,0
93.92531716257312,11.992085849497283,1003,0.3299448194255775,535,0,0,2,20,44.49766920881007,0
62.95767634021822,5.394245703811667,1004,0.533574570276792,931,0,0,6,23,58.890075686773635,0
84.92180457757813,18.457475361148102,1034,0.4513022285928566,685,0,0,2,23,88.97044184170448,0
-7.140240803963913,9.802048979968621,1094,0.3545102820633669,687,0,0,5,20,38.702868969488634,0
65.02494773012634,3.9059785867771346,1072,0.49854146447654,674,0,0,5,18,57.57859350019876,0
63.536759579555245,16.271952365822028,1028,0.5773962369760448,939,0,0,6,27,56.34808361865864,0
45.461023393024334,15.239881685302166,1065,0.7395924393272448,1476,0,0,7,24,80.92581658930902,0
36.70867936614553,2.015748033339815,1081,0.43332406732141293,50,0,0,2,16,84.74332296595978,0
55.756686350649424,1.6808454079479604,1057,0.45656003890729635,1022,0,0,6,21,91.4342684027803,0
89.84582425547174,9.495523708721098,1011,0.5041518239294255,73,0,0,6,24,81.79815599466181,0
56.87284494939138,9.61764612272841,1003,0.4390090835219744,432,0,0,3,12,32.375548007299344,0
40.5175111663108,4.704700840884184,1057,0.6630670525582048,1281,0,0,1,19,84.46176034712201,0
71.10283750361927,1.1456109522901459,1036,0.5242170091520646,820,0,0,8,17,72.57334756405011,0
76.82698323502805,4.427709051945546,1083,0.4328036601510647,1354,0,0,6,12,48.24577168105873,0
7.914015283764357,0.01467924373408902,1078,0.34745439247917614,1593,0,1,9,19,88.00991163596257,0
5.43318880889084,23.09467344365912,1004,0.5434941217142001,504,0,0,5,22,79.69294543645347,0
100.20356270895611,15.12445365730974,1050,0.5042064072869652,1073,0,0,9,16,96.4155758389202,0
71.99162844397995,5.637750267149726,1066,0.5399325819071018,312,0,0,3,16,105.14150190682105,0
174.3548953211629,6.79056894271351,1003,0.9480988387366015,1611,0,0,3,4,186.34954324878365,1
50.5884997308197,9.770206947792474,1066,0.5525994984909122,1420,0,0,7,28,30.633084581852057,0
26.11922429589533,23.6735658356472,1023,0.6305553978368723,437,0,0,5,17,55.78757385188163,0
-4.5393767616146405,11.16416871975932,1067,0.5322429485251404,767,0,0,1,26,58.18296456786539,0
35.637242854349346,4.828419411999641,1024,0.4372731973339919,1309,0,0,8,16,22.212846893561917,0
73.75577931164203,21.359150580021815,1017,0.6852246600320688,1090,0,0,2,24,99.06021820614072,0
12.91592611908613,7.643911518333087,1093,0.509655453534624,1759,0,0,5,24,54.21299748532087,0
11.206332487850887,4.805183930028043,1030,0.5268332806985367,811,0,0,6,25,102.49247652226872,0
92.08382932808297,14.533686573454325,1077,0.5846840152590761,1810,0,0,6,23,17.43049778727388,0
131.60507499768858,9.322253309468568,1025,0.7915063434862584,380,0,0,9,18,29.97543429544188,0
25.80440502630316,8.431534099724537,1014,0.5105259981393839,557,0,0,1,11,66.9114095917036,0
129.10007425836767,11.922628214105467,1068,0.41407698058935755,393,0,0,6,22,48.086145904026914,0
36.002777863916705,10.835012304011773,1081,0.545363954978931,204,0,0,6,24,59.069160202879864,0
35.100468436152596,3.0266395520833536,1044,0.6796847343602855,1940,0,0,9,20,54.19439691651769,0
46.55593253722809,12.72985651140968,1000,0.6432034817096481,1056,0,0,8,25,53.89171818635084,0
117.57307416032927,3.197441951624479,1058,0.36494617310761523,948,0,0,2,19,97.53442370631083,0
-8.2749307288531,5.064553832132168,1078,0.43134426168771195,733,0,0,4,29,39.79053221017881,0
59.69503142554345,1.9143222108257056,1045,0.41916062559961625,509,0,0,9,19,79.51929513291601,0
45.360508803174994,0.4663841378039493,1047,0.5146782463601073,323,0,0,2,17,28.626725279735712,0
66.33747202380884,5.444330292025354,1022,0.44654127316318026,1900,0,0,8,23,95.45124206030819,0
105.44327312316656,2.654538046575947,1048,0.5745185742364258,1727,0,0,2,8,24.592340749464448,0
2.158907981996137,8.417244226902024,1074,0.5824830098376568,1444,0,0,9,29,37.48422862079035,0
42.45344299447591,0.31048541460854384,1020,0.5184002973775972,967,0,0,2,17,33.75789577500444,0
68.79615090010827,8.923223945214911,1096,0.4548977397257772,354,0,0,8,15,59.39003248850118,0
44.46423927032451,8.791275486296136,1089,0.5689812928191821,1910,0,0,8,17,68.49990956009032,0
94.94292900463353,20.449676107885367,1042,0.48155124272896976,691,0,0,5,20,80.349827649177,0
44.684956546557146,14.818473117361659,1010,0.5425952553447032,1885,0,0,4,17,39.85156059028334,0
31.49673915440877,17.540442556451197,1006,0.4993982777804062,129,0,0,8,11,-8.270717868228544,0
55.54221736687173,6.085194622365821,1076,0.5325959879682431,1705,0,0,4,19,39.449144680958895,0
86.27691941671814,14.976502559867132,1067,0.55273496694674,1027,1,0,4,18,50.629257492746795,0
68.51017848730092,17.725427954779082,1006,0.451908659302745,1941,0,0,4,13,38.815616332442666,0
33.996426626722986,20.81481326133869,1051,0.522748317519658,753,0,0,6,18,61.54428315958109,0
51.35668126999948,3.709731635394421,1072,0.615448705342534,627,0,0,6,28,58.271996599146284,0
39.37877867176928,15.827764106103643,1056,0.41838552811487106,1963,0,0,5,16,84.26753569052397,0
71.67144073483314,12.377668520977078,1062,0.5142701028853801,1516,0,0,6,22,77.54194087328692,0
22.199050734580677,2.34263995751298,1050,0.5596540496891295,960,0,0,3,20,31.33165978530862,0
45.750542419696195,13.232101024777826,1042,0.7427196160140335,405,0,0,5,20,54.09118425440688,0
36.26969021034701,15.788724134519274,1082,0.4438949206680228,780,0,0,1,25,61.83734559319156,0
178.05918789569563,16.771747885408043,1075,0.9254011089192088,1445,0,0,9,4,182.92520353851702,1
70.15833823443492,9.82054499327517,1034,0.4797422420973328,1818,0,0,4,23,65.21743613867223,0
51.003304039194525,4.146129455777345,1065,0.487666417998761,1062,0,0,5,14,51.61512922638641,0
86.5544064461506,19.449838385640724,1029,0.4542424419862853,1635,0,0,7,12,59.83272753692042,0
47.71282948038207,11.038372719009331,1060,0.448250793136205,788,0,1,1,22,67.06519234436455,0
15.76974470741785,8.202182455165506,1039,0.463332880843466,1820,0,0,1,19,44.971433485434105,0
33.23601283812978,14.308714721339818,1087,0.540879644846226,1789,0,0,9,19,71.66137944557313,0
49.09210827209043,0.9706974749520176,1096,0.4073380580218866,755,0,0,4,23,30.917792106636973,0
8.81421645556808,8.639076597195732,1095,0.4925687672789295,576,0,0,8,20,72.60690964695924,0
22.828030974121432,20.253239175975175,1047,0.6400179224402595,1016,0,0,6,17,42.39697701624181,0
37.64369101632598,17.468540833203523,1066,0.6351754456824964,590,0,0,1,22,47.06255948073155,0
48.20521569410289,13.072514242415439,1025,0.6740160969678992,1692,0,0,6,19,68.28282535752265,0
0.6380375912932479,4.073121993477856,1005,0.8938502977082583,295,0,0,8,19,78.62572504319122,0
62.86449500991719,12.016719067087436,1075,0.5826991162494434,416,0,0,4,13,66.84980129165262,0
23.488425779268116,16.85072520412045,1081,0.560183622805163,1662,0,0,3,20,85.05915203698,0
40.26140976806176,23.315809355357132,1030,0.45137780547205275,1339,0,0,8,24,70.28295144176815,0
93.33236585165263,7.2384855911319494,1024,0.550719582587289,1101,0,0,8,17,68.1220309730009,0
26.62941735440043,23.258796742577726,1082,0.33056778183683155,267,0,0,3,22,27.510898227712424,0
75.13491605688442,23.76922026475726,1054,0.6357884477977257,1347,0,0,5,22,91.8792636990009,0
66.26609020727146,0.8095225789852556,1015,0.5335971568406557,1407,0,0,3,17,55.135164413866455,0
70.1305341475331,15.132407645135952,1047,0.4951930281044025,1375,0,0,2,15,61.57556124779949,0
50.623811230262234,8.416855858337456,1040,0.6100616617334151,1139,0,0,3,26,76.90474316360117,0
71.89318811102586,21.512749489946323,1068,0.44099901356492277,1923,0,0,4,20,36.10323252487224,0
25.130149672337833,16.757591755515122,1052,0.5387681981268654,277,0,1,4,21,87.40961526935607,0
48.44135687297666,5.84908071074846,1066,0.4467314820846848,1589,0,0,8,26,36.95069420029692,0
76.94351972367042,17.821682657818947,1080,0.5553932400417425,392,0,0,4,15,64.66367845894169,0
50.236405540841844,23.534210971314895,1057,0.4701935800660492,1720,0,0,5,23,32.29292733618513,0
74.26757808178158,12.865352503850096,1044,0.5773489286037126,1081,0,0,9,26,28.67585152588786,0
30.63283783893815,12.140815164688522,1094,0.44174964128285993,1041,0,0,7,22,68.73181560437021,0
85.3917562508213,22.087206493745953,1008,0.5492884912379061,345,0,0,2,20,44.51655846070356,0
101.33086427572363,17.38061871969972,1090,0.5258817849106249,1173,0,0,2,23,39.438441485139826,0
47.02717099276193,12.35957768869934,1042,0.35895958033786124,710,0,0,9,22,42.80307974520056,0
55.50079759337467,6.744670230484859,1003,0.6372163514811056,1113,0,0,6,17,68.60661620972625,0
23.645785959738202,4.850023559458532,1080,0.4215891094190999,1577,0,0,3,15,57.36125227129449,0
84.57045916885778,1.290603070769178,1075,0.456687737448763,1507,0,0,5,16,101.96382352179594,0
35.06982429712882,2.0451380856425017,1035,0.5001939234317527,418,1,0,4,20,22.468457425969227,0
30.602813472724204,13.265938742320884,1095,0.6026293728131032,426,0,0,3,18,63.614201044365934,0
71.10476444675075,20.145455306877892,1082,0.22204066840444153,503,0,0,6,13,52.009290325125505,0
37.087169035978526,22.86930270923663,1008,0.49451920672808175,730,0,0,4,21,102.23447347253347,0
47.89338915447151,6.1672524935825,1000,0.8202001357093847,645,0,0,8,21,69.65814086368817,0
19.57507345619095,15.37659042280082,1049,0.4971395463724529,45,0,0,2,18,16.54068726264955,0
81.78696717870191,10.237656113076865,1084,0.49013702246289603,1776,0,0,1,22,20.689941250551826,0
30.831147569314933,7.552535372911837,1010,0.5374647992552346,1834,1,0,1,16,63.44645076974069,0
22.7369098757608,4.999145354032602,1047,0.5602436360682658,56,0,1,5,20,98.01749839545894,0
15.043940001041342,22.45486455188777,1068,0.2949855980022671,810,0,1,9,25,71.98365143033881,0
44.67212015723783,8.538257159863264,1093,0.6725772098383002,280,0,0,1,33,35.93803805922538,0
49.10933629142065,2.267613004295127,1065,0.5677105597948889,1178,0,0,6,18,88.14851521029797,0
38.93181682905613,1.0879512491518577,1020,0.5319125801846684,1660,0,0,2,20,31.698371268575507,0
48.772473944147926,16.83287668158275,1017,0.6488871482177065,351,0,0,3,23,54.000845044732976,0
88.35725503818124,9.693290815766513,1006,0.5498454206628403,1895,0,0,2,14,46.46180409983553,0
67.61172603783606,5.58164498575995,1075,0.5597600121920987,959,0,0,4,25,61.26645960268197,0
73.78133053200995,23.58210747724322,1020,0.5650276613453421,90,0,0,1,23,38.06430485687868,0
30.299319631177603,8.006389940214653,1058,0.4310644347769323,101,0,0,4,15,30.09446423767944,0
214.82343229300298,14.102499453914998,1041,0.9516367262428178,1372,1,1,6,2,127.96946252836425,1
53.192906830756904,9.631810654589374,1094,0.5685753059111783,1695,0,0,4,26,47.54675949218187,0
52.314694886531505,15.425805609634203,1005,0.5014347606172587,212,0,0,8,22,72.80378794308606,0
27.37105602178572,0.6259988804333236,1042,0.5794604091600449,1146,0,0,7,25,72.52624718980191,0
54.51807478533901,7.632154065465608,1026,0.5940078663497099,777,0,0,1,22,37.97267234472557,0
42.212259459091854,14.639555827547317,1007,0.46006951114386735,197,0,0,6,28,50.09289884124573,0
49.5949026622107,22.612712132057517,1091,0.3109064807135017,678,0,0,2,12,64.41327615598941,0
50.39005675633721,6.657019519999234,1019,0.6523623041920499,82,0,0,7,15,79.60014500706663,0
-28.5439959607684,18.785636192568667,1063,0.5298042834447102,314,0,0,2,19,31.630644561933003,0
196.1994602847567,7.9402057881286385,1008,0.9245666428968478,1621,1,0,3,6,172.52137662218894,1
11.350771476093868,14.114677690934457,1013,0.41353809399139896,576,0,0,5,24,37.22250962274587,0
75.01766463646712,16.20345250665236,1013,0.6228091360391947,356,0,0,3,25,77.60781561503381,0
49.88587598987602,2.05118455116354,1003,0.3315197622857285,393,0,0,9,11,76.23674756134132,0
38.987760619454505,2.642287326285273,1048,0.4810424063668226,842,0,0,3,22,78.90911525488714,0
193.10061067969522,10.949088176546077,1094,0.8050105812556335,331,0,0,5,4,225.014629160491,1
56.66869567402562,14.609531582036368,1078,0.6313892525853639,1750,0,0,4,18,47.784764239794555,0
28.76267177977774,19.155001152154306,1048,0.345253667517883,946,0,0,9,31,68.58361168626249,0
25.260489791279376,12.187680352579255,1015,0.4595993352807248,1190,0,0,3,18,91.20035190534949,0
-9.16267079931454,3.2142598359757173,1032,0.686821690574232,1855,0,0,1,22,34.12298637286712,0
79.05934971598668,10.383419534496861,1072,0.35844625111294254,1845,0,0,3,33,37.404186433555964,0
20.560221904476055,1.5765703041755215,1030,0.5153012265744294,851,0,0,6,19,61.09917137816776,0
82.15041121671769,17.490274999977206,1090,0.5454390866386023,930,0,0,9,19,119.62353314055491,0
105.4412057531255,11.594426210253841,1072,0.6268216926617622,261,0,0,4,20,76.64285513638241,0
20.388614631910542,12.914326451348089,1036,0.5619673069545298,266,0,0,3,15,59.34792942217325,0
-38.211659039928406,12.640544614232429,1019,0.38744770928585864,907,0,1,1,29,75.9045230710982,0
72.51737502565297,11.715742946095416,1090,0.4635899953173983,1990,0,0,1,30,63.555132814735515,0
69.15777376332122,10.098244986635057,1075,0.4159158007267657,415,0,0,2,21,82.80490530157721,0
58.00455188886205,0.5871528662144021,1036,0.4760769314552269,688,0,0,2,22,77.08376183187474,0
103.93059580548568,22.403347006741388,1046,0.6214839212937799,624,0,0,6,13,43.074790513368015,0
68.36996642007536,3.57701302020498,1055,0.609666511944857,1187,0,0,5,16,57.63396213458209,0
106.06453521631559,0.7315982474733129,1026,0.6135845990363684,1093,0,0,8,28,12.875626648010709,0
44.94845232581442,13.130762599887252,1051,0.3094402679445097,1800,0,0,9,22,71.75377304622215,0
56.902122775742065,1.4874008637484648,1067,0.5968427725556188,708,0,0,4,21,43.58032910359657,0
12.19505704482259,3.376690172657911,1096,0.46806366776402775,934,0,0,2,21,70.0147270836081,0
43.38385312530388,0.5541509443728199,1031,0.5227370892549711,671,0,0,8,21,53.57902309968462,0
16.90374902834951,14.001970446242979,1074,0.5063672761990292,144,0,0,6,21,41.031982812007605,0
10.166039795617074,13.818445957254825,1058,0.5582507211092129,308,0,0,8,28,95.47321380769844,0
65.07499088387871,5.408698207687771,1083,0.5854423663711633,353,0,0,1,27,63.19532909062479,0
68.26716068763896,20.528344048406943,1010,0.4476274654715469,1998,0,0,4,23,75.3130523089329,0
64.53774136517825,0.270466708545559,1075,0.5269463129928944,1183,0,0,7,25,54.874847202435745,0
59.29996949496665,4.467171704834388,1005,0.34581521127461445,1790,1,0,7,20,41.81090900134426,0
54.329300583052365,14.923778071338592,1050,0.2980967909724507,1656,0,0,1,13,85.53316492806306,0
67.26685777491096,10.319820960583362,1057,0.4200990714876801,562,0,0,1,25,77.36153199769092,0
60.294756625922496,14.413109736024868,1019,0.45866864389044026,1610,0,0,6,21,74.09587361019501,0
-32.35898661017154,17.807200927543033,1076,0.430869688700947,35,0,0,8,22,59.38453212804051,0
74.6043078236918,16.781735866453346,1075,0.6212387963805007,1220,0,0,6,26,36.142157136494134,0
66.16730131053976,12.155066850409916,1031,0.4599227537048002,631,0,0,7,16,70.69276667776555,0
5.776036038736827,22.61898812479911,1037,0.43773944980654705,1368,0,0,7,17,39.954042458778346,0
73.36809510536342,10.40944950350439,1008,0.5161292959613528,1994,0,0,9,25,72.23390206913501,0
-9.865953413552155,7.596905552039016,1047,0.6657001646943281,1742,0,0,3,17,11.689980583026923,0
-25.967382556590564,1.751036733910916,1086,0.521877698648492,1316,0,0,7,19,76.0294277675497,0
60.393446284909274,8.2773401801564,1029,0.4917702569268391,1332,0,0,4,27,36.67261895629779,0
34.83530733666467,1.4496448510302473,1011,0.5575652168781081,894,0,0,6,20,57.99135955239622,0
67.79303773905151,23.011222902212346,1033,0.36827130363475835,1397,0,0,7,19,56.552160033984876,0
-8.486851532631015,20.410854560694204,1026,0.5393307608567367,45,0,0,4,20,39.38364027790662,0
27.644966890479484,23.343065793514054,1021,0.4996029597086791,392,0,0,9,15,16.33938578629082,0
78.50922775920728,17.10251242211359,1091,0.617579055925416,56,1,0,3,17,119.47691070030598,0
24.188449676614944,13.564740508266027,1064,0.5430750176891214,829,0,0,4,14,36.62243458936803,0
106.90378947961841,15.328778277196141,1037,0.7112249183516755,382,0,0,3,28,82.82236940703012,0
12.042247727443552,12.267854304991603,1021,0.494025041232888,232,0,0,4,17,27.49574370207307,0
23.380116234326863,13.698451118061634,1091,0.5707725820912002,1987,0,0,9,18,42.29038630236593,0
40.76574586583348,23.94923299748305,1075,0.7478443183193378,1197,0,0,8,13,34.06520058217984,0
51.82356117503909,15.043287125891354,1031,0.389604884790089,1283,0,0,7,17,65.42487026667035,0
69.98809016130569,3.537198422336365,1097,0.604325613444154,1497,0,0,2,22,100.40227190914774,0
63.73059758160656,22.349394220293554,1053,0.3940012391544062,1950,1,0,8,18,82.51672561873669,0
30.252547629984548,11.44960198961454,1007,0.43727459530040846,107,0,0,2,28,66.19585861837268,0
54.199462889640614,3.507712374581126,1023,0.5949108517506659,848,0,0,2,15,35.570805960947,0
40.78261323014806,6.9906358035946905,1087,0.5030052381293939,543,0,0,3,25,30.649345773025622,0
80.3113793984979,19.07744999295594,1026,0.40829442334309524,102,0,0,8,21,93.79662109553747,0
39.74534539261593,14.946268616164526,1034,0.6555584956242879,590,0,0,6,17,55.1408659027074,0
84.64081300150161,12.185543136293717,1040,0.633206401007223,423,0,1,7,14,39.866500406318494,0
59.19168446220242,21.82923817860243,1045,0.5451245397033382,1144,0,0,4,16,61.30344804004532,0
70.3811984886951,23.86812250129341,1069,0.563103745233407,176,0,0,2,20,91.25175735216038,0
67.7698864104003,16.66138774038541,1070,0.37935490439982417,1577,0,0,1,12,98.1264490648525,0
-12.573773167150122,17.368304834227384,1038,0.5672966952214451,1003,0,0,7,21,72.16433724813953,0
99.58739153691266,14.282811139790493,1021,0.38303042390515885,1430,0,0,1,22,50.48801150486635,0
5.115235605060505,8.229343910305344,1073,0.3694370663389347,196,0,0,2,24,108.8355611412527,0
10.77890653307108,18.945191056527104,1075,0.45179700142848256,1151,0,0,6,24,95.11987706471717,0
95.08202978916765,14.888228671613183,1091,0.5468233036254486,1860,0,0,2,15,69.13802342539637,0
81.75273460548763,21.044351958034955,1037,0.6359811115536007,1019,0,0,5,25,61.3215651717791,0
98.16859497695354,19.552748306880368,1057,0.5608700524594843,682,0,0,5,18,63.35165519279607,0
91.70765982535968,23.73844834894367,1076,0.7388824788112434,831,0,0,7,14,7.276810529168522,0
66.75009269635116,19.74374694504925,1047,0.5585164946531005,1504,0,0,2,23,68.29324746207857,0
21.052296182596866,5.40140029235213,1085,0.41391387444872485,301,0,0,2,21,78.31896273462682,0
44.563274803456906,14.757842059246578,1036,0.49420162215073127,982,0,0,2,19,58.836184960246584,0
7.538877738487571,0.38806895890847404,1043,0.3932032721383073,1508,0,1,1,18,22.67418506399448,0
41.009195122013324,5.1111708000344205,1017,0.5084998914045415,829,0,0,9,22,40.255655450820115,0
60.8498318374105,18.823072914929433,1026,0.7386990907933635,311,0,0,2,24,74.5626383244385,0
76.86066292287799,10.168564287851929,1086,0.6305884135486506,1693,0,0,2,24,74.64963224564391,0
34.457929415748296,6.338649364297819,1029,0.3311883366793942,1860,0,0,2,20,46.46105413950261,0
9.049346137200942,14.138272219597944,1083,0.4472161433970999,291,0,0,2,18,-2.9938762145622135,0
6.184973017445365,20.286043098172357,1024,0.529301814424762,848,0,0,4,17,72.35222224678253,0
41.05542421400299,6.818161447651371,1012,0.6336875183094932,1035,0,0,8,23,73.92291557817288,0
40.096397181006495,1.8745032965019082,1058,0.41944660907359543,1343,1,0,2,22,71.96286775067003,0
42.57992108310746,6.042211170930087,1087,0.466621812457487,971,0,0,2,10,48.193355498973105,0
15.336446185470209,12.44155657891125,1052,0.3727814971312775,825,0,0,2,17,46.15406061318666,0
82.91660574819315,3.5498672722926905,1027,0.43172038254054257,1965,0,0,5,27,78.3005823530111,0
10.625980896543503,18.037527162645823,1030,0.569950175567669,802,0,0,1,18,75.73396288071473,0
30.851518204145176,0.007923822227434485,1022,0.6572038441311772,104,0,0,7,22,46.2574142159216,0
67.65735213261829,16.388094384693577,1001,0.5035689961744519,1980,0,0,2,15,28.280943260534148,0
27.72539666691201,4.629449848353056,1072,0.38447558428003753,307,0,0,1,14,91.76181612671289,0
13.664842121576562,5.211728003785559,1052,0.42194972580832973,1755,0,0,9,21,67.60984685542309,0
22.179405974282776,4.090396845119904,1079,0.533204970909837,1576,0,0,1,18,66.46612125955679,0
36.26946314962767,20.7738015047309,1099,0.5322829294761289,1857,0,0,9,22,19.725986282276118,0
52.16459710465284,5.582246375418217,1080,0.6155478438504172,366,0,0,6,18,60.19081795454404,0
78.67807466992286,2.1724775507811174,1092,0.5496033502248242,41,0,0,4,22,39.86357664322216,0
38.199466255313816,7.721676391511095,1041,0.5684526974600275,1240,0,0,9,20,34.55255471889656,0
22.527348765993185,18.776779083627833,1078,0.5478402451094915,58,0,0,3,20,45.55630379313196,0
36.79222386840799,3.7609043471027546,1052,0.7323426280911052,1760,0,0,9,17,38.39210849052637,0
85.31001910371012,23.249699733473914,1081,0.4400668395360445,617,0,0,3,12,54.08206380479139,0
37.633377649265896,10.367702218203775,1097,0.44347514241837704,1555,0,0,9,30,48.79481128178987,0
108.00079243143071,15.24122568485974,1027,0.6985196869547587,255,0,0,4,13,64.76718899412906,0
68.41312567369727,23.32573638364009,1037,0.3715515921758241,255,0,0,8,29,65.61057739923857,0
58.765064846219786,10.090294947370833,1096,0.3922613768402375,128,0,0,3,25,55.17485066707771,0
73.53812863694071,8.487308715362648,1007,0.6087473180718083,192,0,0,3,20,53.73150336412129,0
19.74653802357951,9.110247451738557,1041,0.5036038355794888,741,0,0,7,19,44.507575324651555,0
50.49122725793881,18.540047176432957,1005,0.41889275021024075,378,0,0,6,23,88.72987114204795,0
63.931095906397225,16.542817962023154,1007,0.24360142303870663,1709,0,0,9,15,92.14767013112578,0
9.50223086416181,11.945457035473629,1005,0.3132611117600961,502,1,0,5,21,68.67310655845068,0
68.23689529149618,19.988539406830107,1075,0.5520823185985989,869,0,0,3,17,108.88884688357311,0
55.09923619247808,23.96769404661306,1009,0.7262629671526062,307,0,0,6,16,40.60486732885034,0
81.70174733841256,16.701471635121088,1058,0.3668718544327346,983,0,0,9,16,-0.5140085647352421,0
46.59312305628646,7.116826304515499,1027,0.4118860085350071,972,0,0,5,22,96.58485324006557,0
58.05780743132894,15.832907571530205,1090,0.5242581804179386,1632,0,1,7,19,70.38619217422655,0
60.45785359582941,0.7520990562414305,1099,0.44376821837853486,227,1,0,9,17,71.09210211761877,0
9.483321069710506,5.572285204406523,1099,0.5382806906444481,1508,0,0,8,12,85.93945849820892,0
56.95192826091178,15.383145503935966,1073,0.5039465684983707,1452,0,0,9,20,71.36106798584876,0
77.7792530214385,11.316873301877875,1061,0.5749893354255896,502,0,0,2,19,37.73988930380668,0
50.053846186343215,14.726353650465875,1051,0.4420412868678333,1156,0,0,1,27,35.07004962357899,0
66.29894087109165,0.9705319491038722,1031,0.4773079813753293,1435,0,0,3,16,106.02513752412082,0
69.9410823599933,22.366138456454088,1029,0.5558634663567508,938,0,0,7,12,55.71660871714426,0
22.851565011858014,13.616158309654455,1042,0.3976757896016738,1805,0,0,6,19,95.28802703601312,0
88.88189185344189,5.087018166191365,1000,0.516334679234676,434,0,0,3,20,75.91997222254845,0
-25.908625682389896,3.0983123966312007,1062,0.3616438756978212,109,0,0,1,20,38.20915889082575,0
61.66936188056551,12.83563595863546,1083,0.34458663997217337,149,0,0,2,15,61.07848495627913,0
43.45862313822879,16.605840638869488,1036,0.4984265678457354,1738,0,0,4,18,58.84077850229497,0
-4.8521764252588895,18.55276556893721,1050,0.48747953849005193,1711,0,0,2,15,95.26799934623715,0
27.209809467423398,13.264938387909062,1066,0.5683655676066208,434,1,0,7,25,53.38500323266986,0
49.94513723467699,0.3965455148766379,1002,0.5195141242113138,1766,0,0,4,14,81.72638587552174,0
57.06367385333343,1.7610813538506234,1042,0.367743687824984,1370,0,0,2,19,89.52828350735533,0
27.72547302384848,22.905086405301432,1092,0.5041343792193481,420,0,0,8,22,83.69475510898076,0
48.87309471901426,10.056754010019059,1076,0.41311612716985047,817,0,1,9,15,60.048624147703464,0
99.07393418407445,11.318089595019662,1076,0.5093176691456255,667,0,0,2,13,76.11583341692736,0
52.76165411935976,11.868058915102132,1048,0.5382449066431101,1427,0,0,7,18,62.34156184432408,0
63.346876850296525,23.113538706312486,1041,0.6754600173542081,1222,0,0,6,20,55.6785610058442,0
20.450206225489545,16.694044183285058,1062,0.5550704684848075,562,0,0,6,18,89.29811437395581,0
92.10109910375573,20.887896829298263,1074,0.529453723334611,1269,0,0,6,15,87.5280575025588,0
22.00681768438672,0.0806970797504789,1040,0.6116128698391164,992,0,0,3,24,69.53835893346945,0
92.81985954784308,0.9518713193824908,1017,0.43046106770179676,803,0,1,2,14,41.33093109804047,0
53.10145988636285,16.859930803773885,1014,0.49806019193681694,78,0,1,3,22,70.81630614435804,0
40.72483629594082,6.491258534796212,1009,0.4921190773834009,1430,0,0,3,29,51.47349520389848,0
29.623080404211347,17.27427391246397,1078,0.47626919519574445,342,0,0,7,18,32.54359171750323,0
3.2363901492847518,17.069454755292057,1006,0.538884956704402,595,0,0,1,24,67.26152869058242,0
82.63131278473598,7.108183550438457,1094,0.522315779362223,1164,0,0,2,15,89.19186929459374,0
52.968013610866514,18.797657253071094,1018,0.48435587462156987,156,0,0,5,23,85.56815257233595,0
37.776196781251954,21.571466232658118,1062,0.6363629632368554,1610,0,1,1,21,88.25542858545079,0
44.13695460431708,13.095387038245562,1019,0.7228085609034381,1622,0,0,8,24,19.52304739058581,0
69.86155504275419,14.183999018062892,1088,0.48152812242242055,601,0,0,9,14,70.65609375564853,0
32.54957258154069,10.65107618351349,1056,0.18550376770356236,487,0,0,4,24,71.11338505865888,0
82.49435637982202,7.431199769001435,1006,0.3322571694880164,1213,0,0,8,20,50.75304662250093,0
60.150723258078784,16.372395987666675,1098,0.39636946717662574,897,0,0,6,25,52.70949382272963,0
49.72452939844583,8.87406019135267,1074,0.3307853040618878,65,0,0,5,17,35.10594339756166,0
43.90863841871022,22.22913852956565,1010,0.4533112092187092,631,0,0,4,24,77.87740981523271,0
37.65720178651993,11.22754310834332,1008,0.4689214423839761,459,0,0,6,18,77.60810904061992,0
65.49933337807902,2.7102381909330013,1051,0.3070911663319593,286,0,0,9,17,32.24812352811007,0
7.513188326220636,23.724592015822118,1000,0.4600905213074584,1657,0,0,1,21,91.03428252558584,0
15.470192677330914,21.04460599262812,1081,0.6333570539925673,1155,0,0,4,19,3.2953503566803093,0
73.69759166542556,8.620143613423206,1020,0.5254698185036504,131,0,0,3,13,82.94092470021279,0
65.54305106089927,0.6654077942843806,1003,0.5279939936398572,1054,0,0,4,19,28.075170338637996,0
9.467769013759359,13.470612356549093,1030,0.41914406102620977,901,0,0,6,26,57.325446546044176,0
32.50767684293184,21.02125731280683,1010,0.45346453892558675,1923,0,0,1,20,70.5673540331607,0
48.40638040947364,6.188742087476277,1046,0.6548314909717905,678,0,0,7,20,71.86372053832552,0
44.75120729913774,23.771177569477835,1030,0.49198810216375743,1938,0,0,3,19,64.34212699587822,0
56.56891747567925,7.192747953120108,1036,0.6195220488967818,215,0,0,4,19,72.31131928769258,0
92.58367042393517,23.72407367827695,1047,0.2690635126493691,81,0,0,1,17,55.61981119498931,0
69.77163031740258,23.33677163471948,1007,0.4061386197063661,1517,0,0,3,24,41.381529410991945,0
43.790462327048935,7.029736211600629,1038,0.6038298615451503,288,0,0,7,27,29.298227275129253,0
59.294621306810825,14.708514575120732,1037,0.4516578895441904,75,0,0,8,24,100.14915417680164,0
58.81848163829487,17.18724151568567,1028,0.3829198989852125,210,0,0,4,13,7.085631721908868,0
80.64149886288195,5.003867398902253,1057,0.3950058737603136,395,0,0,7,14,37.905728585586274,0
22.30300261667287,5.264833561566482,1058,0.6784406193121146,908,0,0,7,13,74.8464561098613,0
8.596956253553259,23.036242241724445,1013,0.7381491101333637,184,0,0,7,19,66.58498319148906,0
33.61874603549836,3.531784823129361,1054,0.6826662388640337,821,0,0,5,22,23.853194356936278,0
64.42233739303951,0.38269647487946035,1081,0.4619022578137716,1379,0,0,1,19,43.853722962908144,0
24.88212706850899,14.59966563360161,1071,0.2562057516867967,1578,0,0,1,15,63.068648800724084,0
48.122206163014326,5.842896287322378,1005,0.6610615367622812,1804,0,0,8,17,67.90578533318681,0
34.99216950239973,21.651212842728118,1086,0.5585907583993188,1663,0,0,4,19,85.03676017726127,0
89.8679995860623,14.62848747143818,1072,0.49903664467051884,529,0,0,8,17,73.48530357140906,0
219.72587337696294,2.6391582292252407,1034,0.9270539390115137,1875,0,0,3,4,137.7951196702848,1
46.36936906971307,17.193277389237878,1021,0.480860651739612,1400,0,0,2,19,70.17449831934601,0
74.27794094725957,2.5474716677134044,1020,0.5042892434425379,823,0,0,5,19,77.11613191826716,0
101.5813371862189,19.414255373226993,1018,0.4578813508577922,331,0,0,8,24,77.7564681083266,0
31.140370847762895,6.989503877550342,1015,0.4308094109410777,198,0,0,2,23,40.13570805589163,0
55.64220070975319,20.921738109891955,1055,0.5446227141689031,933,0,0,1,18,60.72643765726224,0
54.346634992906736,6.399831801316828,1066,0.45036394695864945,759,0,0,6,18,69.40507202816607,0
41.50345883164302,18.728117943003767,1053,0.5630540593336701,1119,0,0,1,22,55.922435509548976,0
84.74332620500203,0.6788382789835135,1037,0.5978821706777665,1839,0,0,8,27,64.08369099636982,0
81.41294907836463,18.068866668085697,1029,0.4208386972008259,195,0,0,7,14,61.16587978556751,0
78.2393174230245,3.6386553103314245,1070,0.3263204368014738,1026,0,0,5,16,82.47590438027854,0
44.422265571536876,3.3513215815178947,1064,0.24095250361267656,598,0,0,3,16,102.4412151996047,0
60.201538837066714,12.842562720014481,1097,0.3813092720184078,1529,0,0,5,17,47.157774320403625,0
70.9466994084077,6.2989512716373675,1035,0.6387988168366057,100,0,0,4,19,92.05338251959896,0
64.5162995356412,17.810222221397865,1094,0.5039783844574038,1027,0,0,4,21,22.9662241500535,0
107.34257261419171,23.595894957873803,1093,0.41299493641871626,1715,0,0,1,15,70.20030830223908,0
16.828859945421925,18.72544599882947,1002,0.3870617128004623,160,0,1,6,29,92.27290315649455,0
3.7064531617138883,8.365119638481062,1089,0.6632703987224747,1930,0,0,3,19,37.74365731277385,0
16.06798293492237,2.1898174587293022,1029,0.5402290379686762,1120,0,0,3,25,16.01058350332851,0
6.253606585437488,19.55284221759971,1075,0.36620251555382655,636,0,0,4,21,33.729963637726996,0
30.444916765935226,8.218387401177043,1045,0.5872953212942587,1828,0,0,8,21,40.137376073814536,0
203.26343615807346,18.526941593313357,1026,0.6274825075191346,817,1,1,2,2,194.09878802096006,1
90.99168235563315,20.30898647709511,1004,0.5860191598465333,720,0,0,2,17,11.149249114995612,0
72.92639610016566,14.674339373469333,1052,0.6074262374249007,1513,0,0,6,26,74.67172719548603,0
57.44661758901008,4.34994734558772,1090,0.5131035404311803,98,0,0,7,22,45.10855940881723,0
189.8475719611191,9.047567848232422,1026,0.9206384496855305,1887,1,1,6,9,179.65258519151405,1
63.40617502408094,13.151227123054273,1072,0.6323174103216765,386,0,0,8,14,48.61754414027773,0
53.07453926474623,16.77169394986277,1034,0.5543167606611561,514,0,0,8,20,73.61640562925457,0
38.37914106341566,11.769848667283327,1093,0.5068238768597418,649,0,0,9,18,94.41678767300687,0
83.29099525868669,2.7350875525956546,1071,0.36934175001187297,763,0,0,6,21,43.16777493554652,0
4.184964302310576,10.591466697323046,1097,0.4553676207595408,1166,0,0,7,23,83.05380634539169,0
-7.148333620319164,7.312712162070946,1012,0.3529482032790846,1231,0,0,7,17,40.449471799139886,0
94.39832416670077,11.995734185966135,1083,0.4185660078988146,1650,0,0,3,26,53.40471320126093,0
5.764919388552933,0.631066576041281,1057,0.6076510068837464,1935,0,0,6,28,32.94278065675225,0
-0.1868170393472255,21.79892696369589,1006,0.41286263778209364,1128,0,0,1,28,89.91638936420914,0
107.12409768719021,16.054839402255,1007,0.5690143566534003,1704,0,0,9,25,42.659782274654354,0
-3.357627520195507,19.90560528477446,1050,0.5102224098938207,1779,0,0,1,12,46.9378589315288,0
41.01454887357568,11.82910030905801,1043,0.49352603013732044,430,0,0,1,21,54.57974423272892,0
115.15408002189805,13.209197647400948,1040,0.46022525994207353,1173,0,0,2,19,76.91291467547143,0
-4.359680126861626,2.1871721576111938,1023,0.46932349242429344,893,0,0,7,18,89.50631237079517,0
35.47644516245547,5.351459394904353,1047,0.5220132504122771,1946,0,0,4,16,50.35887263337018,0
168.16267930225735,0.06558604163921888,1029,0.8292750495443386,904,1,0,8,3,129.80816986526094,1
48.634632640962735,5.448764022774449,1013,0.6549779468631347,1201,0,0,4,30,63.04184973951397,0
80.81181280619052,17.13894724386579,1090,0.5405923631207415,683,0,0,5,27,48.67481656406943,0
59.721710846646815,0.09660669249529796,1025,0.5753148664277884,1050,0,0,3,28,83.63130435053066,0
26.366487442752835,7.7898878199667,1029,0.34710223189643225,1136,0,0,8,18,51.24602244112655,0
89.91724712117121,13.263229963900653,1000,0.5803392966356452,1385,0,0,9,18,61.700458753411056,0
39.814095300020405,12.909952804745732,1032,0.5163101292804132,1108,0,0,7,24,39.706609336012534,0
96.27641634122351,12.348479958920239,1030,0.46864268233737477,1782,1,0,5,19,37.74844027499869,0
104.59315361937793,22.88536336128236,1092,0.24593391853741525,932,0,0,1,21,97.27453582417719,0
54.92884296111707,14.09720628644753,1045,0.3410510652147441,1562,0,0,3,17,25.54829264466843,0
20.659309294322952,5.792895312096094,1081,0.7581579906131632,82,0,0,1,16,27.935512044929936,0
46.27142668512691,22.252410453104343,1065,0.27270316889250723,1261,0,0,5,22,90.71059621470803,0
50.547573825683386,11.828504133718486,1083,0.4978250315115171,1557,0,0,4,17,104.49990526087412,0
43.10601108274419,2.9861610457731187,1086,0.4074381436938558,265,0,0,3,23,64.4831706850879,0
90.61617122496239,13.224752464323767,1058,0.5096358431297324,1396,0,0,4,23,50.812042205098514,0
40.84325886935997,1.940873899970545,1095,0.5636179725633681,1769,0,0,1,17,83.62879078321947,0
17.894253113170052,7.070839192437681,1098,0.4492137342800499,1498,0,0,2,28,84.72631299614237,0
22.718376356157833,2.4213312505406144,1023,0.28776615768797964,1492,1,0,1,20,55.67853233740151,0
29.283768430512218,17.721399286465378,1075,0.5156808532097102,472,0,0,6,16,70.93985901661146,0
30.105062296214516,4.999988579724865,1090,0.5676849808976395,1721,0,0,1,20,112.57644663063961,0
83.20323555872986,10.078412123314457,1083,0.45694699190312066,893,0,0,2,16,17.02667132516715,0
52.009721516746154,1.8596949632579882,1032,0.27773590688007266,1194,0,0,6,17,78.28165626737139,0
78.5937513612826,19.346683623801717,1059,0.619282934013797,578,0,0,7,28,37.046888778731656,0
55.982719579603014,21.584796694102245,1065,0.5418956104300185,1079,0,0,1,26,29.65961305482693,0
60.051630557365144,19.232331455081095,1053,0.5002328463366617,685,0,0,2,17,97.31435998849075,0
62.85058741314346,18.685906899245182,1010,0.6252723089366184,1388,0,0,9,21,71.07859306893965,0
78.48783714093464,18.0412089954836,1002,0.27689597372849795,693,0,0,4,18,119.53746383788781,0
54.552739767462214,23.740956619154232,1035,0.5806161098603526,860,0,0,3,27,84.5963075375467,0
76.29366936508806,1.0630903439278176,1045,0.598648609936161,1907,0,0,7,26,64.98476779257082,0
72.23959450723743,5.360647985621767,1054,0.4111762558100519,603,0,0,1,22,55.152000557464454,0
42.02239777413344,1.0340211877647434,1096,0.5752474367102478,644,0,0,1,14,55.349014773869136,0
39.289123975801715,14.632690923479618,1081,0.4883121025919759,1726,0,0,7,24,28.906569946844147,0
43.426984135734074,20.82285278853918,1029,0.534826984293104,1778,0,0,2,16,48.94737999072656,0
39.19882193729052,18.1627153674849,1022,0.567247329186291,1396,0,0,3,27,60.71588873055758,0
96.28420321309045,21.717518675355034,1046,0.43457469922005676,1755,0,0,7,16,48.3696311809627,0
62.763726853548945,8.276970808637035,1047,0.39060802075167755,1800,0,0,2,16,-4.643715692262916,0
4.82502784008139,21.689974337841388,1010,0.5199222478631234,1728,0,1,9,15,98.04723453531685,0
95.0400095586646,3.2851276726038643,1036,0.30673252661926514,628,0,0,4,18,91.33153053777457,0
51.42196013949242,23.95674910290858,1092,0.46411971542360314,762,0,0,6,14,46.31663229380136,0
80.1777353538925,12.902990417936511,1065,0.523805236300612,319,0,0,7,25,87.36462261643204,0
62.65340222752613,11.253431652210814,1016,0.604804524543805,360,0,0,3,15,24.271876836270245,0
41.48879814905805,9.27495393601377,1002,0.4949191762578396,446,0,0,9,17,93.56862777771018,0
54.90004042032615,1.5321930957384167,1080,0.5743108260481508,1505,0,0,7,20,22.012121153134075,0
44.98634858640766,12.582863600994028,1065,0.41969041627645187,874,0,0,1,19,8.559705012876343,0
31.074633476274307,4.434359722112566,1042,0.5969198027949408,110,0,0,8,25,42.20612660986582,0
102.758614525854,1.9992619946831134,1095,0.37300681957212234,856,1,0,5,33,87.18915252764316,0
43.78051711975266,15.86601041445251,1086,0.3086892589714223,422,0,0,6,23,52.59408643467612,0
69.39468613177311,1.996648244436174,1004,0.5589444837450257,1290,0,0,7,20,50.0803442512477,0
43.204175828514856,5.905886518853203,1097,0.5315354251336354,1514,0,0,2,17,56.439497564310486,0
20.95862724469264,22.163424907641208,1016,0.47721484512762696,1827,0,0,4,21,80.98379455263188,0
83.8011541048275,0.30342243360044385,1052,0.36280596657500586,1160,0,0,9,26,63.930793288322334,0
66.96528936894633,16.133409133132197,1091,0.6793141285854409,1696,0,0,7,19,54.05834042874518,0
40.7237276885041,1.2373169583900312,1055,0.40468722829396186,1957,0,0,6,21,49.8227657624301,0
235.37432315901947,2.264305469998151,1066,0.9807355939460911,610,1,1,8,2,178.03616681683422,1
-1.4809974493206681,15.972816004080336,1066,0.5269178699392697,191,0,0,1,16,79.72616719111915,0
139.5577700781023,23.958455428897647,1000,0.6191078435099342,1271,0,0,2,13,59.70639877387464,0
65.00429099341652,10.353736888074849,1071,0.585491580248919,1446,0,0,8,23,65.70703830873757,0
46.06229098723086,18.208173232482743,1049,0.502142596218249,593,0,0,9,24,70.3872959323798,0
-26.60648788167694,15.893941140515526,1005,0.49584556241888145,346,0,0,6,18,80.67723810216414,0
79.56349056845656,22.036602557513618,1082,0.5089762225118664,1990,0,0,6,22,94.53958757620069,0
38.447531587510504,8.386743378807079,1075,0.3824257035430602,122,1,0,6,24,97.68112751129864,0
56.318025178929254,12.138370616035331,1060,0.5069448562987956,1563,0,0,6,21,59.75737585777792,0
63.51487171334104,8.197229564522521,1084,0.5142994626390622,1976,0,0,1,20,73.28907782670305,0
49.36265662171274,18.45391704219028,1024,0.5249659150178372,416,0,0,8,20,56.08812273218512,0
32.725452780659595,23.482960132422814,1025,0.4502337607203323,351,0,0,5,25,52.83590525719015,0
35.6152109780227,21.367420746589545,1084,0.5975342399460061,334,0,0,1,15,116.99950171767864,0
40.819581369277735,21.6979610049914,1010,0.4383256983655756,1815,0,0,8,19,66.02446412639223,0
38.982889976021426,0.36519671258345276,1031,0.3525901109881525,863,0,0,3,16,58.13097635867411,0
77.40421196052219,1.3611633187734125,1058,0.4298956167303112,1135,1,0,2,23,76.09478983843631,0
15.138025392311512,23.413839226453415,1053,0.5182320351617685,1798,0,0,4,24,84.00820059037034,0
72.78544662458324,7.1301832507277,1008,0.5212642619894121,527,0,0,2,19,66.01577366054907,0
58.66080887839571,16.544162775182507,1006,0.44212461740280073,1700,0,0,3,17,102.28116068490932,0
4.230127721394737,21.92550134014327,1035,0.47295263921363734,131,1,0,2,20,71.8202376393794,0
38.368953201920476,5.625737865798216,1099,0.6899929518483499,1605,0,0,8,22,67.64335861988822,0
-8.255759781382181,11.818614260796037,1023,0.5295357525557396,151,0,0,5,23,66.19025753435433,0
11.271733415203279,4.62697045965854,1065,0.6390377809968062,298,0,0,8,18,35.998534077215055,0
59.15729379594059,15.81872451891714,1080,0.40468338493316336,289,0,0,2,19,18.39765734536445,0
29.630589606106035,2.9976946710520167,1021,0.6318707851742447,1275,0,0,2,18,25.589504380186497,0
46.56077493480823,3.1799749503908785,1028,0.3668477406394315,1207,0,0,1,17,8.280171981359743,0
45.485955755150535,4.9807232499072525,1013,0.662641660044308,582,0,0,8,16,76.33392270826253,0
32.90903111222806,5.191679256455328,1083,0.5644475170914859,397,0,0,2,18,60.413341011985075,0
86.81103791146617,0.29204028916879565,1007,0.45181884908491937,80,0,1,7,25,32.6756066735809,0
91.05894672597046,12.39968374226983,1066,0.7350864718096347,1401,0,0,1,19,51.76739487020485,0
24.59618845794785,6.265603197487901,1091,0.5621934515045499,234,0,0,4,23,59.03492051355523,0
61.004421298563265,17.008924813176073,1001,0.49425057270359096,395,0,0,7,20,46.978739536598574,0
70.40661081430073,11.962604170439866,1034,0.40868951221644356,389,0,0,4,17,58.118753109755374,0
28.540888722200954,6.842387985191857,1085,0.6181036727195848,754,0,0,1,16,75.02645099304021,0
119.52910366021635,16.06754411736067,1061,0.4717115982566717,1894,1,0,2,20,46.97836706551348,0
-58.03255313378554,1.2829323355967608,1060,0.5939015796504904,1034,0,0,5,20,104.46251519821033,0
63.89865590354319,3.8151622565431342,1001,0.6209265189507842,808,0,0,2,22,81.17895526311807,0
36.233472113931796,13.946937598297334,1042,0.48643205645915877,1706,0,0,2,12,15.46197971072234,0
53.39421371159069,21.274465328529374,1033,0.5386104915159421,276,0,0,8,22,90.523039067549,0
49.9513484910986,3.3269055208197527,1025,0.23676730867532564,44,0,0,5,18,74.26251511938513,0
66.55892777995483,11.964179196578433,1092,0.374350161451268,1657,0,0,5,23,103.81949800878519,0
62.67304918704319,0.3303526400495995,1013,0.3616743682970137,600,1,0,5,21,66.68139330762418,0
-19.05763494206755,2.5662144587338753,1026,0.5112608394237277,810,0,0,8,22,66.50740158046955,0
72.35015938631844,20.01142341294868,1051,0.487807465495098,43,0,0,5,25,32.040939644306356,0
63.43150777430833,3.657766080909153,1084,0.453092504806867,412,0,0,9,23,25.347633315677328,0
41.72312835679478,12.089848688993488,1041,0.5196203400159598,1835,0,0,7,20,93.40370568820089,0
34.51865815347878,5.617828895618765,1095,0.5019796006551516,1744,0,0,7,12,89.32499181966944,0
-2.8242643594232746,3.3407187220052545,1011,0.5861241540486224,847,0,0,3,21,125.73304825701086,0
91.9825377996165,2.149832095066297,1023,0.5596288594336523,641,0,0,5,11,71.15982380209331,0
17.66765666212082,4.31626672405299,1040,0.41798277062992506,716,0,0,9,23,46.51688910664484,0
54.999136859355154,8.622645978349432,1003,0.49979084947192964,1914,0,0,7,13,78.1437145635391,0
48.075849602210226,19.470932494704954,1087,0.5151267865103043,1601,0,0,7,22,41.67491740032465,0
14.632295261050238,6.378567763618449,1096,0.5701819094702358,1708,0,0,8,19,96.36615549444795,0
12.379320427144506,14.482316603874409,1060,0.5062565168794353,1173,0,0,5,25,49.591745785881486,0
40.608259084305374,4.577958328939267,1035,0.5317599279073999,543,0,0,4,31,38.69069901605916,0
77.24067987608574,22.75590732048734,1018,0.4565392995231252,542,0,0,1,21,53.9570764395335,0
210.53648377536064,11.73691299410326,1081,0.9767328415091785,1868,0,1,5,7,174.91785653899603,1
92.06027977757367,8.978523238951356,1000,0.39822402517626776,1490,0,0,5,19,31.507987523748685,0
198.60305610013918,14.326349235965376,1025,0.7591771522358218,1044,0,1,3,6,149.6605991478579,1
38.755338301345816,15.844143399526965,1038,0.5146659663557634,675,0,0,9,21,76.24029834993618,0
56.69459164243091,15.200125964222146,1063,0.500542008501858,1649,0,0,3,22,99.48308980162349,0
-17.257478035267397,22.804040178314246,1091,0.5384209023611182,772,0,0,8,20,73.60420283956114,0
39.277548554879004,18.032982368592258,1089,0.5766431669207409,275,0,0,1,17,30.037751518677922,0
0.7585965319370942,19.988857003151747,1088,0.5299557527289591,833,0,0,2,18,40.76792709116525,0
67.09276759112537,11.663723869581741,1085,0.4538610350946889,358,0,0,6,19,42.09506528622805,0
43.30393236095585,18.511527197400337,1000,0.5019089596505963,74,0,0,2,30,42.23930306113725,0
52.92302330891909,3.851435431609005,1094,0.5858969862724288,265,0,0,7,19,84.71056717178529,0
53.804740554048855,5.084796953575258,1009,0.5472652875859699,1467,0,0,6,22,71.41014765349536,0
83.52196447707382,9.753596468507938,1013,0.5107992547161283,740,0,0,5,15,62.9072703387148,0
79.90576320397423,17.921922540302262,1059,0.5082913977462721,1216,0,0,7,19,63.47369952931103,0
30.69350503047614,11.80656918262456,1051,0.523250317045525,1572,0,0,2,16,116.53857011053694,0
67.63567664413205,0.5532668026850427,1046,0.6328175906533597,1921,1,0,6,26,74.67584964754282,0
69.51350277608418,8.509627706787619,1041,0.5894323276719157,956,1,0,9,20,90.52029597237708,0
66.15304871649357,9.389477310803592,1046,0.598338832692763,1978,0,0,6,16,70.46826160313005,0
105.97323533434269,19.246089414143583,1057,0.33579212392745816,1318,0,0,5,28,59.76282244994468,0
31.123379814579128,9.221532912944374,1017,0.5087538709960004,449,0,0,6,21,80.36194448916618,0
37.59728688090676,5.767337988382538,1068,0.6462262953316138,1863,0,0,6,15,18.821105792447312,0
45.89013531672625,21.54492543534193,1081,0.5099277701016148,413,0,0,8,16,54.28837854460765,0
44.380129447808756,9.16458300532398,1066,0.5354720230777275,759,0,0,5,12,42.06565818990957,0
25.0381608545043,11.891317513568001,1095,0.5047570873867284,98,0,0,6,20,48.663171805830785,0
70.81470361577307,15.409371521697757,1031,0.5002567461574229,833,0,0,9,19,76.21403168970032,0
48.10630960666255,1.1426970822597147,1077,0.6712787215845679,39,0,0,2,26,55.86254522334549,0
53.83781607123738,22.622165142645876,1001,0.47521577688707495,177,0,0,7,24,27.08966717537571,0
90.72858899150418,11.680046808212163,1000,0.5485212831836833,1839,0,0,2,17,69.05829173044754,0
27.889119165419086,10.278016806237677,1000,0.5532755516334186,1648,1,0,7,18,59.269326300979046,0
38.25290067931882,5.658276308725753,1072,0.40055675041998046,551,0,0,6,20,49.77701155047484,0
49.05444460015688,18.872734478457918,1018,0.5791683895623942,1354,1,0,2,21,64.55999321967764,0
8.464459417250097,9.00738820868381,1050,0.4278859634037704,215,0,0,2,21,53.70023465576984,0
61.65273841032519,14.323877312765767,1099,0.5691871152275587,678,0,0,6,20,76.7966339154251,0
45.496491462385805,14.736200136934496,1018,0.5713612739444018,564,0,0,4,12,114.1554468558921,0
23.724727805146696,1.3563509853134956,1017,0.47260137957876197,486,0,0,5,21,106.79164843819423,0
74.39615560243932,12.311492205944205,1020,0.4351144262416131,1743,0,0,5,13,57.01059382486249,0
63.68748465585598,18.4242103928947,1052,0.5750576218540518,385,0,0,5,21,73.02102015442192,0
54.80054677558363,6.9584902478970685,1001,0.37790735089017147,65,0,0,3,22,63.99516051137604,0
92.61512861813189,13.126436458757059,1008,0.5709991889041967,674,0,0,8,19,50.90596026195808,0
97.28517583224135,17.63989200634612,1089,0.4523037345455622,1650,0,0,4,12,23.794118204898027,0
106.91866084319335,4.906831829580721,1036,0.5878303152499919,180,0,0,4,27,70.57619801548448,0
98.23745183357472,22.519914685836447,1091,0.515925158331007,1281,0,0,5,16,51.60638955326439,0
54.85095580114259,2.9541084816784933,1004,0.6808815368478343,410,0,0,8,22,38.15452267447402,0
44.94740863913356,23.949548466101206,1088,0.47727050153409606,1242,0,0,1,20,57.27264465650622,0
38.0030002967205,20.925935730207275,1051,0.5086238733768191,1410,0,0,1,21,78.4874538059467,0
35.370997371351116,8.938242028223238,1045,0.48168233106966124,1091,0,0,3,15,46.36314733077991,0
62.38996736413392,6.416101497879943,1029,0.3218625077491596,1692,1,0,6,23,30.21373798186325,0
2.4205006328612484,1.016393939433943,1032,0.4958986418982474,906,0,0,1,19,46.297149180323316,0
48.863207548495076,17.303962081077692,1005,0.4976019745395474,1981,0,0,9,12,96.86364445696177,0
123.65900419732682,7.84368735004157,1031,0.5907540207993134,597,0,0,7,21,66.556273805851,0
21.058837227478556,13.218377432931671,1029,0.5482572438066988,836,0,0,3,23,85.38595315248489,0
57.31402141313596,8.548007167546633,1088,0.4009768268624282,1834,0,0,3,17,12.796671464968412,0
57.23720745220188,23.17225978963039,1013,0.5467271379996742,1443,0,0,4,17,3.385086975280643,0
43.16322323702498,7.617727899815259,1012,0.46727491009515343,1018,0,0,5,22,51.198684403421346,0
0.28569244603085764,9.480280080328727,1048,0.46428714553239464,931,0,0,2,26,64.00988008458934,0
36.22904980463299,6.444193007230043,1024,0.586279454837614,377,0,0,5,17,45.52525830262016,0
33.812263377886055,8.507078887101278,1075,0.48936434252825967,495,0,1,4,15,43.08215093251464,0
49.40616966437876,9.138809630210632,1015,0.4820828883517448,624,0,0,3,13,30.874529662162832,0
50.71940057046779,14.435830871398592,1007,0.5669103911756743,1738,0,0,5,12,72.47770764944832,0
64.79953702642668,2.237134221424764,1067,0.6953481735709148,407,0,0,3,26,58.07365744174484,0
83.11800640105722,0.09745407088501601,1012,0.5342161859967789,127,0,0,7,22,77.50789513069113,0
17.311008879728348,3.376987939813782,1092,0.4543269186974609,786,0,0,4,19,80.48386235920671,0
41.940627400707726,3.9099865143669774,1005,0.628066625667208,1115,0,0,1,19,64.1448578611453,0
57.40718190249835,1.011065686871885,1065,0.3666095243722828,1924,0,0,1,13,83.9466134769036,0
-2.5548642025515775,0.7642018691543484,1023,0.5996637501044383,620,0,0,3,19,68.8359029226297,0
85.45670127676681,1.632006807541857,1077,0.5631556908552575,90,0,0,5,20,80.04039509973214,0
51.227742461867685,23.211937323265253,1081,0.40393648900685314,181,0,1,8,19,25.243102117469448,0
5.692252174042956,21.801181136910337,1014,0.5832161884355695,499,0,0,5,20,90.25732845501932,0
59.50856020952346,3.145013019490378,1068,0.3466594702924757,1263,0,0,9,19,25.95005070670649,0
74.21139249820062,17.22791462738139,1028,0.45708675974614366,516,1,0,9,24,77.26920624659222,0
11.221239585432123,7.754129935069255,1048,0.6267231543608155,1952,0,0,1,22,80.56718799275367,0
255.48766546981489,10.4743036822923,1097,0.8933529429112591,551,1,0,8,2,267.9509467865307,1
45.8788463480181,9.725418790304015,1025,0.3612917058615268,1232,0,0,7,15,57.1625084619551,0
31.880444398525384,7.756554835963041,1082,0.2743737396047232,1023,0,0,7,15,11.475351982592862,0
58.89730815590915,10.382758388929096,1089,0.4608055564936112,984,0,0,6,14,82.17880432892746,0
102.16554055559993,9.019077654913374,1002,0.6139908536895373,213,0,0,4,25,81.37227386593307,0
84.26622178656673,14.256304821794016,1043,0.6016821043797622,1805,0,0,1,21,50.253595980750724,0
53.048901606002744,13.027461495554626,1060,0.4758682254414605,1219,0,0,5,19,15.677215949758704,0
112.65328318609775,3.9083178066982738,1054,0.6561826040399505,1142,0,0,5,15,70.80205146143196,0
35.0793688575772,15.52717641651141,1094,0.6003164781828365,1708,0,0,3,23,95.78247910740373,0
37.520992161579244,15.849274566512255,1031,0.49094639440517995,416,0,0,3,22,43.513199744067705,0
54.289719044276495,7.017707845452323,1087,0.5811129608082283,1993,0,0,7,18,131.50713629369181,0
77.70525848142105,10.239008963433468,1090,0.551193043360149,1380,1,0,4,26,33.238492437012525,0
38.720492619444016,5.649240166879389,1053,0.5568932236222652,1019,0,0,9,23,36.91115228929259,0
48.32692767026882,12.294833833205114,1003,0.4320980070303052,437,0,0,1,24,65.35004983779872,0
14.964040781248691,23.332398605726226,1094,0.41930129222481194,1295,0,0,9,27,83.13110797520285,0
28.157687064340365,20.086544598985203,1004,0.45364475595622594,298,0,1,5,21,31.070289546851477,0
12.303039921636937,9.242416294572408,1009,0.38536378967316537,374,0,0,7,9,12.45448746117399,0
101.82629510302134,19.954454863025063,1072,0.5500725580678324,1023,0,0,6,31,37.52866712798924,0
42.92866265429994,5.643733680202009,1047,0.46599829785663016,1120,0,0,2,25,66.40432585226928,0
20.72380241068002,18.179575793762858,1093,0.42377378184291115,1628,0,0,7,16,45.9112332300141,0
32.090771398367785,15.708534456262605,1058,0.37256572267455623,1471,0,1,2,15,58.4108498511603,0
6.922714283944174,4.936903079437676,1094,0.5612415887921671,1826,0,0,6,19,23.36651015842721,0
159.34141557084132,22.062036599691723,1066,0.8096675966779117,666,1,0,5,3,204.8338232531142,1
87.85764502141976,19.80093385496068,1050,0.5406487511248548,1477,1,0,2,16,94.00718630693909,0
83.0399049466865,21.993910034410263,1073,0.5651777991904805,1413,0,0,7,24,44.57508888966905,0
94.26068650848656,10.065356111241345,1056,0.5560957306484349,1034,0,0,7,18,62.00118315546041,0
44.19021622160846,4.403142095252363,1048,0.5171099937296505,1518,0,0,5,16,22.034141063073157,0
18.481300345165966,8.035868437328416,1076,0.48384848895213384,1388,0,0,4,19,55.04606043664951,0
80.46176986025671,17.40480951829809,1073,0.5969733820946816,1648,0,0,3,24,69.69971810240087,0
-15.31195139328564,1.2087119758414993,1013,0.4473135970175779,1083,0,0,3,21,63.495270659594645,0
30.519055411583572,20.462938499426805,1054,0.609641558461582,1429,0,0,4,18,78.74168922055779,0
81.47027677510668,0.536322922244576,1063,0.41860908626212906,781,0,0,9,18,79.80944272663339,0
81.72104916134676,8.182461127540694,1093,0.42758068342640365,608,0,0,7,16,68.10432883408855,0
51.67591819533491,23.45568732271144,1086,0.6216720447700378,1645,0,0,5,23,81.51698069387021,0
37.79076900879886,3.1811706985169854,1099,0.31769241591216,1872,0,0,6,23,51.434877613197,0
112.26202395936316,21.795169357455137,1066,0.7229217009617009,656,0,0,7,17,44.70158617832356,0
33.250947381619085,19.341735528453647,1055,0.30250481293146886,414,0,0,1,21,44.22697140789195,0
46.11448259409678,8.73453320169703,1067,0.4504670101892032,990,0,0,6,11,70.81531367628206,0
90.52556992097016,18.03889322027553,1014,0.5948882713926095,1676,0,0,2,17,43.96232905232769,0
75.2595108635638,4.007372968141296,1009,0.5161432135297146,998,0,0,6,28,43.7610544409087,0
76.96007481017523,16.812167896293126,1052,0.4285782241689437,1163,0,0,8,13,74.73370200510894,0
26.224296586543623,18.300616250255423,1054,0.5681235970128178,859,0,0,5,16,72.93928320043034,0
49.50168973022273,5.166450576788636,1086,0.5156430867804471,1179,0,0,6,21,47.23187216648003,0
36.6216885841652,7.106811134685814,1035,0.2887255765449638,1226,1,1,5,21,55.78118617659039,0
-11.95249138768962,17.4855650791985,1015,0.4669214749805003,191,0,0,5,20,21.266108930948278,0
88.23285280062744,21.362362180504082,1035,0.3490417854311206,671,0,0,1,23,79.961305417027,0
45.38007004406505,5.675615662146101,1050,0.568809140568431,1113,0,0,1,16,35.460624117622956,0
2.7082352904725155,14.302598297536905,1071,0.5922729069872712,1070,0,0,8,21,61.12368844024161,0
38.22586681817381,1.9777064300170668,1090,0.44859020728619303,1641,1,0,5,15,80.46438504750921,0
2.564278939036001,4.9179847803839944,1061,0.6207019853499637,1117,0,0,1,26,78.68613528651974,0
38.30228880321664,15.763056111120763,1010,0.4423108011087288,543,0,0,5,15,56.73965958233916,0
59.96942035938775,4.616235755400514,1087,0.43145324260633267,1175,0,0,3,13,107.1907014867036,0
54.817219431495936,18.97421108760991,1004,0.6075333516702234,842,0,0,9,19,36.62112962686577,0
48.50269300876514,12.936197701447192,1034,0.41942402867164963,1210,0,0,5,13,62.4762209510516,0
71.28232941759815,8.80344227413125,1043,0.5027106699323639,1823,0,0,6,21,54.12734500103377,0
40.84433463557745,20.82797992162792,1037,0.377139607832171,119,0,0,6,14,67.15376662198635,0
75.13292664639768,22.390680847779457,1015,0.5122116884236629,134,0,0,2,21,89.6631823395093,0
24.83321977922791,20.355270943276278,1051,0.4417472753981669,331,0,0,9,28,51.02338379512938,0
101.83891506145295,2.77711918965527,1088,0.5827198188804357,718,0,1,8,22,69.02724454002995,0
63.33808004660422,22.3446863106615,1089,0.3854703944985274,33,0,0,7,18,34.3041530000824,0
83.21242007860918,16.91577996937719,1020,0.5052596639200336,179,0,0,9,17,60.71445478008175,0
39.129573273616934,11.144036966649253,1031,0.5141135574958571,1704,1,0,5,16,60.76248553230552,0
58.784865307600505,13.500548246509924,1076,0.5254632266363176,506,0,0,1,21,41.274168553188545,0
35.38314307659343,7.260095048433878,1088,0.33506914727315606,172,0,0,7,20,4.374199562177694,0
51.85039549543915,14.313840638031511,1075,0.3990307575851735,1737,0,0,1,30,86.72695509588672,0
63.676633162448226,23.111422616747657,1078,0.3408005013707123,624,0,0,9,26,45.382371262770505,0
26.678855454622802,15.877841773777403,1080,0.4385217553717503,148,0,0,9,11,36.28726063659251,0
48.09830443895568,3.965709365049622,1095,0.4403224973272852,1453,0,0,9,19,62.258409736735736,0
63.99293862236951,4.321197599202851,1077,0.2844657601001864,1250,0,0,7,19,67.44214682902198,0
72.16431442662508,15.840062509790387,1033,0.48485688254007037,1336,0,0,9,19,55.88730019152579,0
-40.585364674624756,13.06209382442071,1048,0.5803903480429553,1637,0,0,7,16,60.564261283916565,0
76.46999186970227,6.556884145205579,1043,0.6546671744553243,1223,0,0,9,10,54.43989594513012,0
78.65915625711531,21.461473025765926,1033,0.48174779997814937,1605,0,0,7,21,68.82651543702217,0
52.514798837880825,3.439440870614656,1052,0.4197986547043587,1981,0,0,2,16,123.5460141828423,0
97.21202649665318,6.9371935906987,1006,0.44301551718317506,889,0,0,4,19,38.031662691639575,0
67.11458258239072,13.652659136668262,1058,0.39915771836488334,1772,0,0,8,23,34.66359161624463,0
65.89078263070192,7.652443414477977,1082,0.5246404651058947,1462,0,0,4,18,70.41842108942345,0
16.318339353131044,0.5145567989547182,1008,0.5299839874154644,106,0,0,2,21,65.71690898597508,0
17.111747393143943,3.4855888578322514,1043,0.4361332647475353,1819,0,0,9,21,54.48614785860772,0
106.93301050237932,13.606811415331444,1011,0.5118766531293176,1933,0,0,9,29,18.765668985350956,0
112.79593796629834,17.745874930960596,1025,0.35199507402643027,1701,0,0,9,21,66.67039749882926,0
60.25261762140618,7.812431559150365,1043,0.5972854343545084,875,0,0,7,19,40.56091610495337,0
29.6499611199352,21.621117575716347,1044,0.5926465108059255,945,0,0,9,18,61.171299703782225,0
32.70741270995468,18.073382637957828,1051,0.385325313470422,1600,0,0,5,24,95.91485566995325,0
56.41939732202666,7.460307732417438,1050,0.5171358184821244,1842,0,0,1,14,66.44835166882973,0
65.33607798574943,1.8550438356111805,1002,0.7382984817096122,251,0,0,6,21,65.37270336270852,0
87.48514702118476,8.66934564562287,1018,0.5016409436719839,769,0,0,8,24,52.089675311829694,0
90.80504392484039,19.835984695224187,1047,0.41912347426616325,1998,0,0,6,20,46.39050003203483,0
61.43733965486297,3.4922314954877063,1071,0.651031041850014,1685,0,1,8,20,71.12472599933652,0
82.15789595635391,1.8995669027934632,1082,0.5609195215175535,344,0,0,5,20,28.71799521147282,0
20.214019967433636,11.624835632223792,1014,0.3686968816578048,1324,0,0,5,26,40.05246324836943,0
76.75521738784438,8.665432758676683,1060,0.5259438572850885,778,0,0,1,18,74.73524057961146,0
115.69408799653017,16.710323407212794,1072,0.5542357831392495,1341,0,0,2,14,99.75052186250713,0
11.205753687240566,2.0995105380222734,1011,0.5712588656496832,1320,0,0,2,16,122.83065258752383,0
57.19618256854175,2.23707529859687,1004,0.6717360479230726,1929,0,0,5,18,63.04129576913153,0
39.88742086645882,11.151049700845068,1016,0.3448437606044213,1910,0,0,5,25,30.512639020995877,0
62.41397292354495,15.427284210789026,1012,0.4697273010595131,1229,0,0,3,7,69.92968173531965,0
45.50177842762672,22.26650636176366,1020,0.6932798446561063,1002,0,0,1,17,9.451014882076386,0
68.76524050493107,17.056013902628045,1077,0.48341802710686727,1774,0,0,6,15,85.67366397584597,0
-3.1144341332823444,23.927685621380682,1095,0.47471232137615893,327,0,0,1,21,69.19492961753325,0
64.00012945898243,20.208930806532507,1011,0.3125035354704774,934,0,0,2,20,92.99557047393091,0
14.896609218219211,21.103762196873276,1001,0.6628404789863424,824,0,0,8,21,99.51484572091343,0
40.350948463478524,13.24202119054923,1017,0.3086253115130335,1127,0,0,2,28,92.03066848835591,0
31.42631155250205,23.77757847301864,1086,0.679830481495805,55,0,0,9,24,29.26183615785822,0
54.40379035956648,23.421440109501567,1016,0.4794985513908139,597,1,0,8,19,24.33997895968615,0
45.880671026333616,12.40023342252821,1087,0.318377122677567,596,0,0,9,17,99.67961732412198,0
-4.059413127400589,22.504370451827285,1011,0.486005316335876,770,1,0,9,17,5.503053314860999,0
23.108973565244575,19.028759690459307,1039,0.3741859102234646,1589,0,0,1,21,32.30564004548357,0
34.57733586896306,7.2520836806001805,1027,0.5261936913722954,405,0,0,2,23,68.77896478722894,0
47.34911122383994,21.070597535990547,1032,0.4000168169449515,908,0,0,6,15,72.35069493304188,0
48.75584666002557,10.750608270777267,1006,0.5070098085505095,117,0,0,6,22,84.46302272401061,0
37.757738809353455,0.5917453369654293,1083,0.4548753287003831,1997,0,0,1,15,80.92979904710043,0
21.723259826243712,0.1557140107326349,1092,0.5257053058436241,1533,0,1,2,19,70.75401949010246,0
43.39945917020978,17.71075219879969,1039,0.48700766327452805,944,0,0,6,22,73.10151632769795,0
74.60474560266454,9.375375715304138,1047,0.5271279359803229,1799,0,0,2,17,57.37876817870059,0
34.23107198043847,14.006693187385192,1082,0.5371706269392819,242,0,0,4,26,93.51676882550126,0
64.1152954213567,16.698200111812337,1010,0.5625862608102663,1428,0,0,4,15,40.762129878538204,0
28.447782032924078,18.04383332223008,1047,0.38357385764920665,1157,0,0,1,14,69.67418298273193,0
20.94966635409094,3.2053983807236044,1049,0.6255641627422956,1338,0,0,3,20,40.88845116117342,0
31.658442578341155,22.77456315082224,1053,0.5418032877326371,1647,0,0,2,23,58.96449331530056,0
86.1952689952507,13.713873433061622,1063,0.5956357303517619,180,0,0,8,18,110.62608792017016,0
71.92876929128649,18.018952198764197,1044,0.627460452159236,860,0,0,5,18,37.19714832974806,0
46.8961163045923,7.501926212634257,1055,0.6253746582598864,111,0,0,8,26,84.96743977237628,0
99.05199183582559,20.490314448047464,1000,0.4947014309793877,793,0,0,1,11,22.750186693008217,0
65.9102870501174,3.241688551342416,1077,0.6594137977904158,73,0,0,4,20,50.560407811881944,0
-37.88346070006804,1.7595948508983703,1067,0.6879575373232675,235,0,0,7,16,44.679266906420736,0
37.54358696284186,10.027651346550087,1078,0.524814917036594,411,0,0,4,16,62.12539604690217,0
18.921142141800814,5.393559460120752,1075,0.6034609990715327,1790,0,0,6,26,33.871862893328384,0
36.34484648138708,22.407106656793538,1099,0.4452290692901633,1061,0,0,9,18,55.48914757697538,0
97.68323850685096,19.454235861048232,1095,0.4866572915869323,1451,0,0,2,23,72.12099447396969,0
30.795366294961646,1.123534973621461,1043,0.4760876556283222,690,0,0,2,17,64.51811879169709,0
27.896895921571343,22.262741643553355,1099,0.35762167061324823,1571,0,0,2,23,62.171102588813625,0
97.95614336289023,0.5194030705976562,1002,0.5141450109174373,1009,0,0,2,18,86.17669755295599,0
95.84094078163498,23.592394336947564,1011,0.4307045301671719,442,0,0,1,18,50.007672029986225,0
4.463787599575717,12.399705617486465,1047,0.4638820975962212,1735,0,0,6,19,10.845369196541142,0
36.29907154930261,3.0357830236861014,1005,0.5384213119034621,736,0,0,8,21,78.03459224715137,0
87.07346575466462,8.290713259332323,1036,0.4180869801599693,1439,0,0,2,23,43.13154882741908,0
-7.767020809986313,4.32328865117295,1016,0.5112872970934378,1880,0,0,5,19,70.55458763677963,0
29.46524808161609,7.694253769927626,1015,0.2618316567994269,143,0,0,8,18,71.93478491062523,0
-17.406680019538157,16.5215209182458,1098,0.46784450817908657,1221,0,0,5,24,76.45034217225769,0
54.1895502264769,4.466413486541796,1038,0.5324615263487009,1089,0,0,5,22,49.97192751655378,0
5.616673305808277,19.008460990563243,1011,0.3812804355913968,574,0,0,5,18,27.561442402876423,0
58.72894190412329,6.689448161450979,1049,0.3971241740163499,1398,0,0,4,18,52.11857084762259,0
42.27870387729965,10.096373688982283,1017,0.6376235540729664,1422,0,0,4,19,53.546043424090286,0
22.269279991088734,20.220649230902648,1016,0.4611260605661921,803,0,0,4,34,15.311015593388063,0
59.81217124633536,7.039071677011733,1020,0.4797080372973723,721,0,0,1,16,74.04471165231377,0
30.53004438580527,4.340976917313878,1033,0.35176545130607484,1804,0,0,9,14,26.8333148421128,0
77.42231492672101,17.62380752387998,1096,0.4862745173933857,527,0,0,8,19,1.0927434284302038,0
44.2866144221235,0.31493101347920405,1080,0.5049555105181958,988,0,0,9,19,88.58816471437801,0
68.2620676737325,6.383580945118605,1015,0.46486184286484145,1362,0,0,4,23,87.9022463175318,0
19.221055475576666,4.649490868718143,1085,0.4234246480638668,1083,0,0,2,17,95.66114631034786,0
91.20975635488873,6.188880085152206,1005,0.5791479938591393,482,0,0,8,20,49.75168022984917,0
75.92209946416841,14.944507528717157,1082,0.3909995630905735,1193,0,0,9,18,74.78524435587366,0
64.39481106100499,20.368048214849033,1023,0.7300936353735584,1186,0,0,5,18,66.70184541226047,0
56.493757687459244,5.60589799492479,1047,0.4055708029212471,1285,0,0,5,17,94.95183522052368,0
15.277526293536994,22.48126750385643,1064,0.6174718929431117,48,0,0,3,19,41.21873163261529,0
-7.563136458971243,3.5863656514084576,1056,0.49888653576428094,1062,0,0,2,19,92.24280336575279,0
41.674591434193,19.380278311323572,1084,0.5586620165514554,1075,0,0,7,14,86.23587564855262,0
93.86763812104186,9.075695230808648,1005,0.4431330072115135,1855,0,0,8,25,81.23390473699239,0
46.23637219991299,8.804841462869506,1037,0.5782002971144675,733,0,0,5,25,15.04585903685296,0
113.15892288374937,18.2889231213378,1084,0.4398077284357405,363,0,0,6,26,46.4841604080068,0
60.91911892558214,13.842953003933673,1082,0.39094214799489724,651,0,0,9,16,-5.41629226656211,0
80.21471601790007,20.382450010516347,1021,0.5063794336040622,485,0,0,2,19,54.32481369660155,0
70.0596441427372,9.447921937335378,1009,0.5778150998465954,553,0,0,4,18,21.531512595874297,0
46.410232925805495,14.589698983131544,1036,0.34033624051121325,95,1,0,5,19,60.27772851216151,0
52.16110583851234,3.6355707127189962,1094,0.4448038051150617,766,0,0,2,17,91.436691260525,0
31.482404403592305,14.248201785549643,1006,0.35848855904791677,1025,0,0,1,32,52.074723272032365,0
34.11599109478975,20.552480371524208,1065,0.42720856727277384,177,0,0,2,23,73.60093213147015,0
5.478300052269944,6.298753607132164,1064,0.48483031699900636,1269,0,0,7,24,24.832416265649215,0
78.87035507799709,10.140800517239443,1088,0.5262612347758169,659,0,0,5,18,87.63773558158721,0
46.34757474850149,20.679182549893138,1024,0.6051343735261752,320,0,0,1,23,70.69827435878148,0
26.815243563872848,9.696718807883038,1017,0.32681713603171464,763,0,0,7,26,79.1244934728601,0
65.9867516068112,3.799428753213843,1045,0.2758999337627225,218,0,0,3,24,13.704310662628039,0
51.126592299816885,22.482529672490053,1003,0.5125015420314685,186,0,0,6,16,61.36768095278846,0
52.788069580489335,21.058763607623426,1042,0.6977403376125481,441,0,0,1,19,52.791133709391744,0
17.86838961052853,18.270514311008647,1032,0.37161685577711634,1942,0,0,9,17,61.47054079611998,0
34.46727658333341,17.72536897520536,1028,0.43654326218348916,1581,0,0,2,21,67.68361832844262,0
30.913288620442106,21.961337514627708,1036,0.48117497434343803,87,0,0,7,22,65.8117759261173,0
-3.396253246245024,5.684160884865827,1054,0.40664308389131654,346,0,0,5,26,52.77939100633779,0
48.23838718686114,17.75507982378861,1010,0.6139954757445159,829,0,0,7,22,109.02590105222708,0
85.07886771337019,11.511166948788643,1071,0.5218577395223132,251,0,0,5,19,67.49961041466561,0
33.444255623226596,11.364951525573371,1028,0.29834524257764883,1650,0,0,1,23,42.496988471618096,0
106.63062972020572,1.654384850978138,1007,0.5049671083325192,1425,0,0,9,17,90.63187183041694,0
30.61318070468591,4.630426471027087,1013,0.5418980147908006,1567,1,0,5,26,52.98293624513921,0
77.77016628508164,23.753355181313157,1078,0.5578832807592425,421,0,0,2,25,20.49157930772268,0
111.73433531293287,6.0803607473486165,1034,0.7197208692879139,1308,0,0,6,26,36.78780495949016,0
19.819478555008942,4.214772823947993,1081,0.5075793698249812,1496,0,0,4,17,95.07457602801249,0
87.432262180212,16.51883208883219,1049,0.4633646103765937,308,0,0,3,25,3.2901887969419406,0
58.61986713209028,21.420274058259636,1070,0.26166925013362075,1217,0,0,1,13,75.9240343618569,0
78.65901674713258,22.248290710201935,1005,0.42140091875638835,491,0,0,7,21,51.731415262958095,0
54.814688719204405,5.842695216689874,1018,0.4878114041374779,1836,0,0,1,26,87.67712536382898,0
62.70523622066112,10.046486817215238,1036,0.4201559174891111,1368,0,0,8,18,40.916001827266854,0
53.728570845525525,14.593690744777959,1072,0.5247175079622919,223,0,0,5,19,29.09593233320699,0
30.356906731281523,2.821609691357467,1062,0.4500022883469158,1803,0,0,3,25,55.60414129919421,0
105.92145591235276,15.387675092643757,1004,0.35883331833127274,1117,0,0,6,20,73.52288250502914,0
63.15238098489936,19.04795954485923,1025,0.5099924345384688,1283,0,0,8,9,59.44441959995862,0
27.48119534069733,18.60789554288222,1026,0.49894208132547513,756,0,0,3,28,89.18775779134799,0
59.86287230910441,5.194634001880116,1056,0.6703076786626447,542,0,0,2,29,74.56269407657068,0
56.23581503201242,6.629236044262796,1007,0.37162151079152794,162,0,0,9,21,1.0605672083738327,0
52.942026186168334,6.544031766435457,1008,0.3531555178187484,1689,0,0,1,15,92.05101804063821,0
100.07208577478994,4.741942664411448,1069,0.4222197524173075,321,0,0,2,16,72.8534930524995,0
74.1672410841852,9.988503862408699,1024,0.6716972570498813,66,0,0,8,23,52.18456496072008,0
13.114212463478417,23.448342230397465,1009,0.40471208102071227,423,0,0,7,28,34.74231283162608,0
64.62680891260156,9.882349205433057,1024,0.35363791205567535,398,0,0,5,14,67.72455509261951,0
92.4256186499327,16.735818487629977,1081,0.49375597783637626,560,0,0,7,15,18.87344463911893,0
65.45143058918144,1.5406916639475439,1021,0.39871376566820943,1491,0,0,2,16,38.16227561070749,0
61.02859520629133,21.955563580589466,1043,0.571928575850812,536,0,0,1,24,11.285169037368156,0
24.54714097427556,9.756919533288315,1062,0.607414285686567,1293,0,0,7,22,68.67888842725989,0
19.100831756691928,15.4358748279202,1044,0.40949657329738487,169,1,0,3,13,66.21012482592235,0
11.050221809932921,6.421526953956177,1090,0.4538561058892679,1590,0,0,4,19,40.39722899994496,0
50.84955128391383,18.813996232300866,1086,0.610066013408511,161,0,1,6,22,37.293589399613026,0
39.70425293939864,19.19684650868506,1042,0.486091476466013,471,0,0,9,23,80.67461622903717,0
80.87466911976931,21.95708113481689,1036,0.646271400251761,147,1,1,4,15,59.139818948446596,0
98.51637724905872,15.569325123717736,1068,0.48124138804388666,1577,0,0,8,24,85.70988675077174,0
42.06029500286132,11.298245320024854,1023,0.6570885872178427,1798,0,0,3,20,99.69451239275458,0
42.90653489792422,19.94528258153612,1078,0.568049366420397,990,0,0,2,23,36.97517352203073,0
90.39714987830888,7.859433281150954,1052,0.46757473490724344,220,0,0,3,20,16.391557077108907,0
27.38106233399971,1.252439807192708,1052,0.4802420421345395,1510,1,0,2,23,81.91127651440569,0
24.395135598159754,1.5977267352584423,1089,0.45214771224702704,1242,0,0,1,23,54.59197147101976,0
22.356469297132364,15.098715443530327,1009,0.5159339839992245,153,0,0,5,16,50.90560361367625,0
56.99648393790505,21.983808032689858,1065,0.44585953773415,1207,0,0,6,19,80.27795693604627,0
116.29566997245392,7.714457887368411,1092,0.5393991492970334,112,0,0,7,14,71.38129022701361,0
40.78854977224695,8.716870674639718,1043,0.5203656524746357,123,0,0,5,16,39.39274733924388,0
46.38238434579591,12.018707782574435,1013,0.4653147587716192,562,0,0,7,20,26.042444941878877,0
81.44350277807465,17.116050312006795,1011,0.43240841263944,445,0,0,7,17,51.05840373635972,0
35.15106347327898,23.832192870819945,1097,0.5673249229841707,1474,0,0,8,19,62.964877516656806,0
51.746261553379995,22.575277219349836,1072,0.3620616728878715,1046,0,0,2,23,60.924898637427155,0
59.41169548690721,6.496732342131544,1008,0.5142907858139938,1731,0,0,9,32,46.0471085892648,0
74.0210584263673,3.9732763145926526,1004,0.4915347910859573,1109,0,0,7,32,58.376850182557305,0
55.930267008627354,11.172480127539588,1064,0.5909147833634533,1108,0,0,1,19,62.0461212875555,0
-9.946020535963228,5.840873121753025,1041,0.5979557615803106,991,0,0,1,23,53.39563250497329,0
61.13437620113926,19.560186647610184,1087,0.3595257153944822,1919,0,0,5,17,67.57569915612353,0
24.211594583646377,14.18569703154494,1081,0.5180146407920136,550,0,0,1,19,76.03636002630628,0
72.05396339162274,4.998427710421657,1029,0.3017481858255529,221,0,0,8,20,85.60343350610285,0
92.20804237675253,18.48382855406766,1084,0.5208776291304296,1567,0,0,6,15,22.083842270673117,0
29.403837405386934,12.237063714249757,1011,0.5828536501251829,1240,0,0,1,30,121.05342297209967,0
53.93195558647546,19.464386646303744,1009,0.46703307026656243,1199,0,0,8,24,26.473016397803406,0
90.929787325126,2.79712050516474,1037,0.35897826758124907,710,0,0,4,12,86.57761516888014,0
66.66537939026745,21.33701082456387,1078,0.5197624625409059,802,0,0,6,26,55.934325691982835,0
56.19085313976352,13.023822771277624,1073,0.3924299217469419,433,0,0,7,16,50.722366598563774,0
69.97772756163384,20.85289909294527,1046,0.6520012340783397,1083,0,0,1,17,71.33759952615151,0
60.13298297163804,2.5887441226618195,1096,0.5646171860326856,652,0,0,1,17,104.03721217055921,0
25.553955532719677,14.290931584988288,1033,0.47192800949271646,1416,0,0,2,22,54.26839760374324,0
2.5818817757249306,15.125731497189705,1002,0.4773296543638535,1789,0,0,7,22,95.70623535900023,0
74.424552863548,0.4163022444892306,1037,0.5783975521096665,1124,0,0,3,16,59.5878930874788,0
11.710867503849926,23.648273248495457,1000,0.5159276817399732,1237,0,0,2,16,78.95143863326163,0
59.05100026705207,15.227521756163526,1087,0.4525893627043347,182,0,0,7,19,61.318422022512905,0
35.67767881421599,13.030718029724191,1086,0.5184544684482656,1839,0,0,9,20,40.10889367278709,0
47.83969635258998,19.305514725964844,1080,0.5343211704567532,117,0,0,2,17,99.54533494820815,0
75.8054791518547,18.50417852663725,1079,0.4911601076540291,1740,0,0,1,17,66.86661357461676,0
53.281843838146784,10.264629818788912,1078,0.42362076015640504,1558,0,0,7,21,30.072701789238618,0
56.032971401449025,1.2641599639127312,1098,0.5337190704991173,1267,0,0,8,21,37.065542668783294,0
42.85668691063838,18.274741971050908,1048,0.5863499288883762,651,0,0,2,16,57.27677253154912,0
67.09281071595942,6.559496607689271,1071,0.4776124181732525,1374,0,0,3,21,21.59016321603182,0
86.54584135262768,22.48931120557861,1097,0.6253241630771069,1436,0,0,7,13,58.436441700958696,0
71.2506934189806,9.154585970534614,1063,0.41614527156214953,1375,0,0,7,23,63.07040211563721,0
48.21037064023425,3.110057520239626,1040,0.5019175603704573,1641,0,0,2,21,62.92131423605916,0
41.009700559796386,4.26716012556597,1090,0.41900807295994735,1319,1,0,5,23,52.249985249516165,0
37.056330663203454,12.530011419894635,1086,0.5724432942111589,1404,0,1,9,21,24.665608541732077,0
35.253141829432096,4.046563350948343,1076,0.6655698197824675,1671,0,0,6,22,57.159023010180704,0
106.460734894251,4.249702125982554,1087,0.30371049875125744,684,0,0,1,24,102.02481018994933,0
49.274131808272514,7.1209509400775906,1010,0.7128632220314836,643,0,0,5,23,61.264070062065514,0
14.575615540734653,7.385988398587686,1096,0.4631196778374163,682,0,0,1,21,72.80188884994853,0
63.7754023768531,4.085592778519933,1017,0.39585973243441097,887,0,0,8,21,31.185443431210555,0
97.69516934542051,15.96115469718144,1076,0.38768872499127227,818,0,0,7,16,32.47296073002734,0
42.28842773560806,23.35021704981359,1080,0.5310294315624052,1558,0,0,1,28,77.4116194401054,0
71.8288863091094,11.207794893643555,1049,0.4615487928454402,617,0,0,3,25,76.47623599405006,0
91.34428041492839,20.415039475526715,1043,0.518452389135292,1946,0,0,8,19,42.60042610597117,0
48.262767503692736,5.513631698844685,1055,0.6380268792192938,1667,0,0,9,16,87.52829957852515,0
55.046916235510835,12.553461815353245,1037,0.311790370681737,929,0,0,9,29,60.21797120394232,0
64.78651915555609,8.014884558945358,1008,0.5097349796106301,1233,0,0,2,15,56.684024136890024,0
24.148907892312256,5.065341342404414,1026,0.6706505859050452,1943,0,0,5,24,38.820045568452166,0
66.72225670553557,8.740672831005217,1054,0.46000301654712633,406,0,0,1,19,33.535082469256196,0
44.27288624818104,12.386990020859681,1084,0.4280802337784679,1818,0,0,1,24,59.13498051033608,0
-24.98217144620719,7.089048092174785,1039,0.407373432873672,1890,0,0,6,13,72.66175531674307,0
80.69169665756718,6.533251220154616,1032,0.49091583282378604,970,0,0,9,26,23.91191501439539,0
119.10916256314367,23.695573180767088,1008,0.4990037515959283,1989,0,0,7,25,37.59140164273351,0
115.52290200141368,3.712207275069904,1017,0.3279986325784078,1213,0,0,7,19,68.98428837365438,0
40.946045198112415,23.384299799454876,1065,0.39509622090694096,151,0,0,3,20,92.98090685275949,0
69.26903705033527,23.790395969881043,1026,0.42989145950663565,1763,0,0,5,26,27.253884943090938,0
27.59230144789497,20.412530630519388,1032,0.4639319352099858,1349,0,0,2,21,16.762419300631137,0
142.36642425365713,0.9353367352421538,1072,0.553141918423184,426,0,0,5,23,32.44306105634248,0
66.24388184614364,9.732507724884861,1039,0.6184234950134831,174,0,0,6,20,66.23924141458653,0
36.06256765653145,15.320503317251465,1002,0.5903098551358725,1216,0,0,4,29,49.25685910863082,0
46.85096877309128,18.31791776434015,1037,0.5476326286312024,1644,0,0,5,14,34.57636418797533,0
7.832989424640736,5.412074460503103,1044,0.49973184364047585,1938,0,1,1,20,54.77323310891018,0
27.487696167360312,21.17077649265973,1003,0.4849640807297886,1890,0,0,3,25,79.97428993543534,0
116.19406939654016,14.494278825247438,1017,0.7603874414207352,288,0,0,1,14,59.85048667339443,0
44.11720367969186,16.84496050690347,1010,0.5779790818583389,609,0,1,7,18,60.212245350223014,0
17.12387567603848,19.673078946079798,1051,0.5179859651168349,1931,0,0,4,16,26.60946857972366,0
48.09426276153935,11.245126794995334,1035,0.5978455129546325,1367,0,0,3,20,44.27814680574876,0
69.41587819108223,2.6928328023754284,1066,0.5017158108265024,339,0,0,8,23,106.71027018614492,0
26.11589590440514,17.90291082969599,1008,0.653275777801898,1010,0,1,1,14,64.83273542666302,0
72.00643440517598,11.558137322589065,1014,0.641615680656251,1801,0,0,7,17,61.92723046186972,0
86.00236869280585,2.009379194613838,1029,0.5186011445105714,971,0,0,4,17,50.82223989867566,0
42.04287378589393,2.3258024322674657,1071,0.626136935441835,533,0,0,1,16,51.73569970060343,0
70.590606650436,8.133165269968181,1003,0.49569681712627317,445,0,0,9,27,131.8538196828263,0
47.7298678202881,5.892417371723032,1062,0.3726577198309457,1463,0,0,9,19,73.12587416340308,0
56.50067292493019,6.258993252586918,1040,0.5674385295348852,1913,0,0,8,27,83.25817761781902,0
36.2592445095633,6.255103148999195,1091,0.600132126796747,1833,0,0,5,17,47.40244497948703,0
1.0599466874878019,22.40778108979852,1091,0.5368980379246568,1918,0,0,7,22,61.13143038504837,0
61.73383630798179,22.337745512697904,1009,0.4650375496920357,415,0,0,2,20,48.14390675269098,0
119.23748751848332,4.6178649092913435,1031,0.3890614027471574,649,0,0,3,24,36.8530050969278,0
82.23589370689794,13.428207202495873,1003,0.5254134286996882,674,0,0,8,21,105.28841478604261,0
14.618926351021486,0.228148858034535,1021,0.5509482649490963,237,0,0,6,21,73.70891504809659,0
41.47534706213608,21.49068753040099,1084,0.3964850460030306,187,0,0,2,18,36.65026080939653,0
-8.990697681280054,3.5130225280357683,1083,0.5567767898683172,1696,1,0,2,18,27.818162327943284,0
38.00688465670828,11.168141441569222,1057,0.6346635265648968,873,0,0,3,15,47.111976525651954,0
88.87615345589043,0.08109232340189454,1086,0.3525951444692057,1609,0,0,5,16,53.884619949052784,0
14.479083253323218,4.808647296082807,1060,0.6155001044298497,642,0,0,5,18,90.38361179307529,0
43.55236909133794,18.140979628281293,1006,0.39719075606570553,1075,0,0,2,11,38.67143508434742,0
62.85026151982175,0.4453329376766497,1090,0.5414511318963723,624,0,0,2,20,81.47224308253502,0
46.162472255577,20.732802143717,1044,0.6378262205091876,1170,0,0,3,17,76.64843809855466,0
70.57573455825258,9.010826881373099,1023,0.42313308127930893,834,0,0,7,18,40.235115929382374,0
-15.925030157860903,7.109166279640933,1087,0.29909429026332174,1729,0,0,8,25,28.857955236440276,0
38.44934564861409,3.8947397835365685,1003,0.4544981210039921,777,0,0,9,24,76.8941561371427,0
34.5228406060298,12.016934171853247,1062,0.45283641730821245,823,0,0,5,18,27.886420372907743,0
71.49020241621233,9.310441816292863,1096,0.49754376021338836,1699,0,0,2,17,76.83718089173811,0
51.442548399841456,20.38613446691736,1004,0.5036087685306702,252,0,0,3,18,66.92935919530693,0
99.68624756171886,23.128491982959623,1056,0.46224798993493516,1888,0,0,4,11,50.12653270138982,0
9.554437336828613,22.663973657958998,1023,0.6029105326872377,535,1,0,3,19,87.35590742047233,0
8.582038823010464,10.93712076376388,1085,0.39941687257098335,648,0,0,7,23,42.48309424652703,0
50.78614258322107,17.59038292842054,1063,0.5244794843249878,323,0,0,2,19,35.017488394786184,0
119.43975700020526,8.289519889526307,1024,0.5442205193626651,121,0,0,8,25,61.19384011927352,0
47.32390106924996,2.1062753874932625,1065,0.3994540801240554,441,0,0,3,23,70.55433127575175,0
4.9108901481454055,20.236779398968444,1017,0.5615176899566147,615,0,0,6,19,70.70750005688693,0
35.86885083145032,7.177543430612235,1080,0.6122588780237518,1303,0,0,5,27,78.14278862090623,0
54.504069618686096,13.843674902190052,1019,0.5010221889685424,105,0,0,1,28,55.080745003127205,0
68.7677390751968,17.252153956936002,1041,0.6923420235745199,1428,0,0,5,17,34.903094347253145,0
66.6016694922328,1.4933801436538081,1086,0.6067348312954659,533,0,0,8,26,104.21498786123581,0
96.7371629695507,20.15857961152593,1016,0.47742638108886437,1202,0,0,9,20,66.64560332440982,0
62.51285973269738,17.03369262061251,1081,0.5649710720785651,1317,0,0,8,17,53.51019412340968,0
86.19607170362907,23.28369510220132,1017,0.5886859926748209,1738,1,0,9,25,52.75109328500937,0
36.01434164161331,13.103859250151402,1043,0.6014675117554491,1839,0,0,5,19,46.75371052144424,0
41.14831430583074,13.753695804406354,1009,0.6178159202557079,1682,0,0,6,20,42.652931693364536,0
25.623626896340426,9.080486478285888,1095,0.40601831699876284,474,1,0,6,22,90.48783773974178,0
98.1606788708542,6.03021992321105,1002,0.4197371815554618,1850,0,0,4,19,33.71440472359144,0
80.6010952070627,13.828449900174537,1074,0.2971037161920922,510,0,0,2,17,34.383543826401336,0
22.1146741942277,10.638863665901749,1042,0.33006149249798167,54,0,0,7,17,18.77361531880561,0
39.23124844461759,8.606665254748098,1011,0.5000098100826262,546,0,0,7,12,86.17535414187589,0
100.98307949026129,4.637663795636811,1073,0.35183806228154646,146,0,0,2,25,45.303583696530644,0
17.047723461123418,2.5197690030032422,1077,0.529002927628179,263,0,0,2,15,66.5677522373016,0
75.87180417148276,14.704044713747505,1085,0.42739647510170165,313,0,0,9,26,42.07992974474537,0
50.59986458619258,1.865087416533373,1061,0.39469086320228014,1921,0,0,9,13,103.50452228413255,0
43.2056332429542,0.22093601737543178,1019,0.29803643294431426,803,0,0,2,19,67.62215706929862,0
-28.74451169122335,5.945667936842779,1002,0.3607575303579851,1024,0,0,2,23,72.32234377188179,0
54.66534811290683,20.712189155980823,1094,0.4868366217254936,1979,0,0,5,25,44.82840469556522,0
200.45372574880096,23.145978414032808,1012,1.0491185296244223,392,1,0,5,3,197.78805038690882,1
52.639206413875065,18.548278661632047,1038,0.5305740220269287,841,0,0,2,21,13.729319005977288,0
-1.7731337443771977,13.440104737854213,1021,0.3393373081008806,1177,0,0,6,21,50.59775718410372,0
53.858523512149,13.483533128119408,1087,0.5943703081222841,511,0,0,8,15,63.415455714519396,0
-13.621004579051984,1.8261449123898306,1041,0.46152831043063397,715,0,0,4,22,67.65786854930748,0
95.63948155767355,17.642779796169503,1059,0.6236747786054332,1711,1,0,2,27,68.94831801488488,0
35.774654746881055,6.777703892300743,1093,0.41326566602935616,841,0,1,1,19,78.54192298157365,0
66.66813398010345,8.784369302205022,1028,0.5605176055366945,1834,0,0,6,16,77.49002187887277,0
38.19983563017918,1.2138135858962489,1029,0.5787567448490261,1921,0,0,6,21,106.91069545618575,0
47.76964010724427,22.357863672445838,1071,0.4972022279190821,1892,0,0,6,14,71.81234080157584,0
56.757923517426484,13.265029684000751,1084,0.6296712898461814,535,0,0,1,22,19.464775270265278,0
62.55194662666051,14.72382652444751,1066,0.5255232038944203,1827,0,0,5,15,65.25028022267655,0
51.575791046459486,22.641113255874025,1068,0.4405616837222377,1266,0,0,5,22,80.34490878442413,0
39.955910376664946,1.1226516045627193,1054,0.38672576609523,1821,0,0,3,21,12.813240812416339,0
76.98799626299751,13.44648181432735,1065,0.5071868059691549,818,0,0,5,22,77.65364856196064,0
84.71733643193076,20.71521510055587,1087,0.3825515070455827,1838,0,0,5,24,79.7425262364498,0
40.723628724463566,20.47467333976887,1068,0.3920582298089016,1051,0,0,1,19,82.21689972064769,0
24.385307374868688,11.434697671051886,1087,0.5599164340867826,1861,1,0,1,19,82.1879830633425,0
37.86914021929932,1.6960365673938833,1088,0.46526764435750023,188,0,0,7,17,62.081960257552325,0
0.3533769131511164,7.626849806084733,1080,0.5815818351736799,1887,0,0,5,12,81.6308863424964,0
61.270940550370156,18.76133438371103,1009,0.4861970329754561,1642,0,0,9,21,86.40849342523603,0
38.45171334769756,0.6956863222501939,1070,0.313702907938081,898,0,0,3,22,30.824052602081306,0
209.11945735531262,11.08098580097184,1081,0.8847495796588105,1432,0,0,7,7,183.98005918667326,1
60.48950141899081,11.180921493784208,1064,0.55302239571008,1789,0,0,4,18,65.59701927373472,0
107.7885756456618,12.104939835339653,1021,0.6374855721316512,1060,0,0,8,28,85.87606589781075,0
58.172641899608294,3.7624664960400542,1094,0.7473989441857005,1349,0,0,9,14,31.382886273379363,0
14.103262141499407,18.907996516451924,1037,0.6074686147069372,1256,0,0,1,24,75.80678977789599,0
1.2352318940050182,10.337807397151087,1004,0.42111319091164545,1025,0,0,3,20,48.569048043320464,0
56.86989177378021,4.746423062820442,1015,0.4589865064799156,271,0,0,1,16,53.70171037787935,0
71.49768019278955,13.774018655029893,1031,0.5063817734704666,1390,0,0,2,17,54.192243796615536,0
48.0776670755385,8.845840652115303,1018,0.441369200614534,1700,0,0,4,23,34.3790574566267,0
69.88523279064897,1.6095750849930157,1070,0.4811693033501799,1378,0,0,1,24,25.68211623056977,0
29.212712142180372,1.4023437805098036,1051,0.5249588631720139,1437,0,0,8,21,26.17205521073017,0
63.677125855121076,6.932426959959154,1004,0.49442917240118844,1481,0,0,6,25,49.3635726312753,0
61.16316417820589,4.4539256828053295,1028,0.5482648267147441,146,0,0,1,14,36.22386433465926,0
8.293342245396119,6.206850511451428,1038,0.4634666422099364,742,0,0,9,23,117.88022696381415,0
6.463211032965248,6.500064904695979,1026,0.4860686237845284,1849,0,0,1,15,80.8887062279397,0
46.244767148505076,2.5611593248410127,1098,0.5164745225016756,846,0,0,2,19,42.47915504187282,0
6.050757616853332,18.65695510105317,1045,0.41228001897807787,32,0,0,1,18,98.22460275628612,0
43.07196409373966,4.345509578783146,1057,0.42680747449545114,243,0,0,7,21,39.47190656302524,0
44.81161820229731,21.035654714096772,1086,0.5691841531631014,302,0,0,5,13,98.74701685471598,0
195.07347941057554,4.441472636809055,1016,0.8477515254001742,385,0,0,3,4,168.78766506061476,1
78.37664469663918,6.821420415301019,1077,0.5529463421283503,405,0,0,6,22,82.71866709613919,0
89.46524872820311,7.75792281465617,1028,0.5755591892588521,917,0,0,9,23,86.55948760808512,0
60.87349644783579,17.463054973704217,1057,0.45723342045979026,482,0,0,7,16,76.66180480517501,0
26.796324678997095,9.847334725437964,1017,0.5088121484336902,305,0,0,9,20,17.389397850965956,0
16.218381172668494,2.3034167207067107,1006,0.41803154526970454,1567,0,0,2,11,89.53715690268797,0
16.12844686348312,15.238836378263562,1048,0.6647124166636144,154,0,0,9,18,68.0942059756431,0
95.07071156288085,11.23357105022955,1043,0.5510586123503267,874,0,0,5,24,48.183099642987045,0
80.9716819437919,23.270168074910416,1014,0.5933821852439287,1772,0,0,2,21,94.49992879437663,0
48.12055333634535,19.677171150226744,1044,0.5619290092722934,1439,1,0,4,22,23.82883832210959,0
24.2767271135835,8.897125527497057,1057,0.4267907656739521,1659,0,0,6,18,67.92080023428665,0
59.3955342159494,13.221903358749259,1080,0.4760609857754816,632,0,0,4,22,101.05945522989695,0
87.87752310281546,21.31459005627533,1035,0.4772588786942422,96,0,0,7,22,36.31711683627699,0
52.80117122829954,13.363562831265433,1049,0.5814041476086639,1569,0,0,3,22,52.570686580470266,0
93.409336530612,5.686268676268375,1037,0.5702880616161158,607,0,0,6,20,86.71539108365569,0
12.969533843602342,3.500859046893506,1086,0.4454784137603643,1935,0,0,8,12,39.59337248245507,0
-7.7793345533530385,17.774260787428485,1018,0.4530265432563989,1767,1,0,8,29,50.417829723132044,0
50.0944318071898,13.571331157206007,1068,0.5152704662856892,1909,0,0,5,19,85.31569958897703,0
214.2721436293566,23.34843726781691,1045,0.9887254566896309,1145,1,0,5,3,199.58332478472892,1
59.24151618512307,1.8154723357763913,1045,0.4170794540749909,347,0,0,3,16,83.08298808866587,0
100.29179081624609,9.641884930199485,1047,0.2263626988166902,613,0,0,8,20,48.14810146686136,0
112.87530505427478,12.906498667070629,1091,0.5444931923467402,260,0,0,7,20,33.79831042092234,0
84.32879205679816,8.376449101018634,1044,0.5834388767226424,972,0,0,1,15,33.772022273485305,0
-19.484315889066295,7.140324122730668,1044,0.6300260966366237,492,0,0,9,22,69.63430522718241,0
62.14470226424804,21.23591268349612,1008,0.5798478559350297,1246,0,0,7,21,57.561361452885016,0
76.49329331441477,6.931906318070609,1044,0.6572937753889554,267,0,0,1,20,43.29865847750595,0
91.76006859033798,3.5509137305752967,1003,0.48443220646630714,241,0,1,8,24,58.528547919929046,0
43.720289685444016,19.40431855824986,1082,0.4810259691356049,1012,0,0,9,27,52.220109651138614,0
5.172094128012837,22.746624755219308,1013,0.6239014726285483,744,0,1,6,15,49.05766363429888,0
66.12889708849639,14.114226996334974,1022,0.5510704095538743,1693,0,0,5,22,40.82726018854683,0
121.02243092081365,9.767332677866197,1062,0.5655089838576812,1592,0,0,2,17,82.33083027451052,0
17.644617759062086,10.986704430375356,1078,0.5664924922908139,747,0,0,3,12,73.90488218662497,0
14.113801277579874,1.5392460536971981,1042,0.6221859250482061,352,0,0,7,15,43.65590546721663,0
20.311855392242574,22.263319180563535,1095,0.5338241178575701,52,0,0,3,22,53.77810031982361,0
17.418362536457423,16.287048119718044,1007,0.45066945725444985,1254,0,0,4,20,37.074885410277986,0
66.40200704604138,23.25364121073691,1029,0.5755540170209014,874,0,0,8,13,66.4979801573553,0
51.227575261871635,14.676758270754574,1037,0.5959377233324229,1264,0,0,2,22,61.724174485217986,0
85.31554889553017,18.83222353749306,1051,0.5212202597294624,317,0,0,1,14,88.87614263104933,0
59.757784946887455,10.395797264332735,1034,0.44032743951531916,509,0,0,9,19,59.86664355084927,0
15.465387903413927,16.195114310437344,1007,0.598262431569791,1828,0,0,3,13,79.64050581500193,0
38.92043689525433,11.557463226656305,1021,0.34437074207973867,1413,0,0,4,13,39.92417449718607,0
79.27470011865691,18.960642279414834,1062,0.4524823084736196,1284,1,0,3,23,8.062901068475306,0
25.745191913204373,4.834715559499052,1045,0.5494121506670749,699,0,0,4,14,64.84457997889064,0
47.145556307680394,1.1771973184773064,1061,0.5522005051902873,1314,0,0,9,18,24.79336405990368,0
43.729302281419244,16.07862272073039,1037,0.47226428657481556,420,0,0,1,26,49.50790967058697,0
20.565034065809552,11.319667231881326,1098,0.4299065901619109,836,0,0,9,24,84.00918480590832,0
91.65013334625343,16.769446168893097,1079,0.4763319619711272,365,0,0,2,19,23.277107455757836,0
55.529271922343106,18.380783686531394,1051,0.570004308182632,876,0,0,5,14,42.243889806313476,0
13.336165733241636,23.26878099684048,1079,0.5996341870984246,1007,0,0,3,24,63.459394912010254,0
61.621144418989694,19.921568932698705,1052,0.437254379672514,1869,0,0,5,12,46.27181791688888,0
85.37891552191479,10.920264775366974,1056,0.44600666493574614,1261,1,0,1,16,36.889924816533096,0
68.00638897232832,13.629373159329724,1099,0.6587454828353142,719,0,0,9,17,26.007430008599144,0
17.25124483522692,8.198785499216035,1016,0.5545793505482661,1909,0,0,6,20,67.66712483198805,0
96.90240076496325,0.6958258799755166,1020,0.602623135126177,1691,0,0,1,18,47.44719123537867,0
54.301654020267534,22.949428729827694,1070,0.46402913020213066,1372,0,0,7,8,96.10056489782698,0
20.254188766861034,11.608560630354855,1097,0.12189737251787047,1224,0,0,9,16,66.26520664178551,0
49.18086381470204,6.019299180021513,1014,0.41221844629782634,662,0,0,2,21,28.515779914764863,0
44.49415483528541,20.327966394174442,1065,0.6566414521693045,1891,0,0,6,21,34.134424365090965,0
47.37694013668457,0.03421747890078297,1031,0.41548952525723926,1127,0,0,3,21,16.59145779294105,0
75.48806291063073,17.850416336965058,1036,0.5443026073109992,1528,0,0,1,18,26.64035218058757,0
61.93781149840427,5.753860150518203,1070,0.4060582201214422,1111,0,0,4,19,58.743028069211974,0
81.36380721446758,22.13943681074351,1035,0.4341796008660507,1064,0,0,5,24,84.77793965424043,0
70.89162342370146,8.594047245441075,1071,0.4950104891725456,714,0,0,4,15,78.82649691480282,0
90.40823733166987,15.828478912078918,1009,0.7469973824750968,1727,0,0,7,23,65.94832208134166,0
39.6468770954243,22.327954396714922,1015,0.45992550798378484,175,0,0,4,17,26.70134773405124,0
39.95674003680377,9.74430086851726,1079,0.4810226140556809,984,0,0,6,15,37.80418900703282,0
57.18213501606131,4.806387713231907,1038,0.5178922385109221,1409,0,0,9,24,45.81963419803119,0
170.69638468119163,5.86496666126005,1025,1.0039075347391997,527,0,1,7,6,170.02825733776208,1
49.12350782438044,17.371888363750685,1097,0.5374897305536437,1524,0,0,3,14,68.54991163478944,0
54.30252892044428,15.3860708150318,1024,0.43291073555752924,1120,0,0,1,19,58.462235290640265,0
81.55842853168755,21.97240148920072,1093,0.46947451140011276,370,0,0,5,23,66.58488143689553,0
40.899497975685975,18.388233587277874,1004,0.5146565660525645,311,0,0,2,23,67.62120115361064,0
0.8154751242369755,3.273249430408243,1071,0.5147131873757782,1657,0,0,6,18,59.381069033416296,0
76.52136189083149,6.812307560307277,1025,0.43503362752082303,552,0,0,7,14,117.76005731863197,0
44.952225965373756,12.476048811723235,1047,0.747628285249273,714,1,0,2,25,35.29645696958265,0
52.049663898194524,7.330500055076573,1011,0.3203353525356846,590,0,0,2,26,71.54676608888644,0
42.579788389245294,13.809160886638605,1095,0.45109913439616023,881,0,0,4,19,51.75262379771685,0
62.211568613736056,18.939454831029888,1078,0.6633885679602175,1706,0,1,7,20,43.76161475202619,0
32.226072225413176,4.445359939942509,1010,0.6111377770498223,1201,0,0,6,20,73.72195370545346,0
54.78387520412387,21.672312940034217,1050,0.562737579249465,927,0,0,2,18,34.55175337088631,0
-1.1014731806546365,12.482158502540024,1057,0.522379537054979,1725,0,0,4,19,61.19879564507804,0
-37.42767969450823,1.8578801814070331,1012,0.5396065471107366,115,1,0,9,19,70.38082855922265,0
48.40679594909268,15.44739294908943,1072,0.7471992035575437,187,0,0,9,22,103.38626811696126,0
72.64199894203428,10.253932709560905,1027,0.4460713315730957,1416,0,0,7,19,54.43605750837558,0
55.82155830817622,17.212485353406514,1061,0.5017327450742809,407,0,0,7,29,101.91241853905156,0
95.60275222973303,7.792053069443003,1004,0.42745801867505867,729,0,0,8,24,55.38805849279618,0
25.39014616602598,15.814820328130722,1032,0.38183768482212466,605,0,0,7,24,41.63882053167152,0
23.766930549802456,12.852880267132676,1061,0.44057586867885873,824,0,0,2,26,56.54072374553743,0
40.21298886675921,10.294168985763825,1069,0.5594459035775856,436,0,0,3,13,79.40212013842269,0
46.31873199212828,17.949414096626,1026,0.524006960987652,137,0,0,2,14,3.8719430562762227,0
41.721456449115855,12.534249708696384,1061,0.38834250280674093,82,0,0,5,24,74.52814926998883,0
3.3011247942828845,16.88018290845438,1038,0.6070142336687349,985,0,0,7,23,83.05196908478783,0
-1.7742018637178987,21.941010952339486,1056,0.5317331660261341,1138,0,0,5,17,42.57433476916056,0
2.9183121387594895,23.92371479750838,1036,0.42317590051168813,859,0,0,8,15,78.75007602766993,0
47.15527306157383,4.386573663923913,1005,0.5431117962482266,241,0,0,4,20,69.35246561528474,0
27.074396400864607,1.287651936232578,1058,0.4227736492822173,1685,0,0,9,21,-1.8336774750915055,0
78.7781247825562,11.545227059431639,1003,0.6040879250349527,590,0,0,9,31,15.324124835089592,0
90.1090722066788,15.423352095960635,1037,0.5844159064064011,1135,1,0,5,25,68.33264973261664,0
4.106777596719915,0.6297309307758985,1000,0.48918045681322736,1119,0,0,6,18,47.73450950316357,0
31.22968137511363,4.875840920741014,1062,0.4207832204744795,805,0,0,4,24,39.684927747437044,0
43.59671387209376,7.874483420203722,1084,0.4715672725959666,1447,0,0,2,21,101.20516778368204,0
35.317572965167386,16.47441916566097,1044,0.5651637775005524,1383,0,0,9,31,70.41933779142327,0
80.80683854773743,17.65777079744278,1027,0.5936249811759657,251,0,0,1,30,38.07476045358067,0
110.40662883946099,6.738609774245837,1037,0.4102003334816815,573,0,0,7,18,21.636607187481403,0
73.07407337930098,5.1149472025334015,1078,0.6115561328606232,1488,0,0,2,25,49.99096335982254,0
186.94301978504345,10.78732194791381,1054,0.8635070538556794,984,0,1,3,4,160.4418407724495,1
52.4731925880351,22.224178022478014,1070,0.7309216875452509,1497,0,0,7,19,63.080019368749355,0
16.88990514408892,18.81400629231716,1038,0.5026173488630841,571,0,0,2,24,93.24183968888104,0
95.69372231808973,1.3431733742881686,1089,0.42414152868276656,1530,0,0,5,23,99.72425098761013,0
33.34158509284012,1.7348695812076045,1093,0.5307446306935872,1909,0,0,6,15,54.413472825326565,0
34.063571161772046,12.87432952294781,1066,0.3482645728141356,1015,0,0,6,20,88.27774145480538,0
5.46185624241042,14.443435412567535,1065,0.6239126898541227,1311,0,0,6,16,86.71536126431154,0
72.97634838441844,1.6428760662250257,1073,0.45258497753687393,1843,0,0,8,18,68.57907913835325,0
37.56108473557909,13.104162036806098,1037,0.5425700137179083,811,0,0,9,17,94.23654213146264,0
101.74089949283325,17.90761209184291,1074,0.4515557075059832,1949,0,0,7,14,88.91532381487269,0
56.7227744543125,7.025386508154525,1086,0.35040565621916464,1564,0,0,9,26,72.70994103580938,0
34.07009134994547,14.431400731552898,1001,0.35796477149460637,1808,0,0,9,24,70.10359089834242,0
102.94741416652315,18.563548881085005,1049,0.5763561791603102,862,0,0,3,16,72.32786054113663,0
73.33392892633145,23.09712785344894,1017,0.43878328923204274,93,0,0,2,19,103.44951292029567,0
9.031477874295518,19.546165609899646,1064,0.48179218183069167,518,0,0,1,16,66.61955300482578,0
80.91741756872172,8.219999832195297,1034,0.5167269202971395,1738,0,0,7,21,38.35993335501158,0
51.53593705643256,20.675395496224663,1063,0.4579700654172386,501,0,0,9,19,65.09132603814845,0
103.16754790009233,17.34545467307105,1007,0.6500401154816856,505,0,0,6,17,56.436091710849375,0
73.81455401431447,8.746243472046027,1003,0.3141573641888378,788,0,0,1,24,47.76630155221541,0
58.33947320656767,22.962437213156406,1065,0.4286303807175258,789,1,0,3,12,52.200321586330055,0
25.453379502995823,2.191413061875858,1008,0.4486955901488209,685,0,0,3,19,34.507135656721886,0
20.79361400886594,8.9177546043888,1059,0.4994504611144612,1652,0,0,4,22,102.37462811725706,0
55.89664329534724,16.647236177463554,1036,0.616421179855456,374,0,0,8,23,32.29405945005773,0
45.40218339802084,6.966029284581762,1041,0.6224412417523962,1125,0,0,3,16,27.951578336790263,0
19.228298150761777,9.936670170128659,1036,0.6107984989400461,1634,0,0,9,21,64.12695018679162,0
75.50665226340479,1.3435268366804731,1084,0.4216303104549015,1648,0,0,1,17,41.376865718137296,0
92.58809013540912,5.242517879728329,1097,0.44004493481296314,1596,0,0,6,15,60.49434458540709,0
44.20753777980162,17.952087575252857,1090,0.6199433759335062,754,0,0,2,20,39.27291680324238,0
86.96985815643993,4.106938127533598,1006,0.49699916764176444,1151,0,0,9,18,43.31373811464501,0
81.35265422254261,8.21716238422052,1087,0.6226097498125549,1398,0,0,1,16,75.7189953119665,0
72.47847670638353,22.878633378689518,1098,0.43379411125449574,497,0,0,2,21,58.83877393785389,0
89.41346529715423,21.35904291876764,1043,0.5146575619994173,653,0,0,5,20,69.8275910227703,0
80.67711296028921,0.22939646755364596,1044,0.37391370723169026,1872,0,0,6,19,44.10917928638494,0
51.380082417598224,18.93545250845505,1071,0.47546314465694073,588,0,0,1,18,75.67147051938922,0
21.498095076016185,15.136492519495594,1011,0.6168933559062986,773,0,0,9,20,50.57529152931552,0
59.264990377968914,9.65161142867829,1079,0.5846933467859007,263,0,0,3,22,35.90463749856629,0
49.78865043558336,23.826888438326073,1036,0.577574208515823,1086,0,0,4,30,65.1881471011691,0
60.49771145748178,4.583253546221986,1053,0.4857183065483309,1337,0,0,7,21,51.50712131982443,0
86.06747010083512,5.756977416865237,1038,0.514912908036138,760,0,0,2,18,40.987356238267665,0
36.92630811129092,23.97182542834196,1021,0.42757962553117823,1855,0,0,3,17,78.41225574904004,0
76.40197888872027,10.653542063821572,1094,0.4620033803655571,1986,0,0,4,23,47.47236184794038,0
-11.774814510769609,13.759818333337524,1082,0.4522770318804199,457,0,0,8,13,60.06867306294316,0
23.19214958842639,19.852288959792304,1060,0.4583665407279849,413,0,0,4,23,70.86127041505897,0
41.21726243682636,3.8690979340408784,1010,0.4811877369360168,675,0,0,3,17,102.9640125138472,0
34.6239766806035,15.37760062337869,1074,0.5472616857478698,1146,0,0,3,14,25.14568146720032,0
93.86587816152911,8.93816870820017,1030,0.4623370135464244,1447,0,0,6,21,72.54880760073357,0
19.405959989162188,5.038258254707832,1036,0.5771511968061792,269,0,0,5,17,81.46583559406689,0
45.34222853525754,17.02537788602709,1087,0.47800417616680213,1554,0,0,9,19,48.56051389599492,0
51.41896229386184,20.875776213288752,1060,0.5364352760294231,1063,0,0,3,21,69.43186869471606,0
8.905910612627665,23.329175154617143,1056,0.5123558510759907,181,0,0,3,22,56.916706031596405,0
47.51957942471902,10.304226800898586,1017,0.46502423276919364,1694,0,0,7,20,54.52249778002108,0
64.93229267274182,21.313929174211324,1092,0.40211309023294434,163,0,0,6,24,57.241058706872316,0
101.06644833905713,1.5989300968190747,1041,0.4931466477038135,1301,0,0,9,22,71.95406130700079,0
33.56284087379195,6.909334305116219,1019,0.4212198183653732,766,0,0,8,18,15.361533439363832,0
33.57777431699381,23.860171000361625,1060,0.6714460814637305,217,0,0,4,16,82.75547137148932,0
6.718556419918627,23.294900296484297,1034,0.3159087173768431,328,0,0,7,18,56.05594864406037,0
13.76721822369943,22.571705687261996,1026,0.6320101301968801,139,0,0,7,22,91.790867459923,0
79.52967195429751,16.03768840745625,1059,0.46081075865036325,1634,0,0,1,15,84.50770236084927,0
228.65894090110862,18.708779001935937,1031,0.9148641673781825,984,1,0,5,2,177.89084729600037,1
101.55091987291627,12.552992030756936,1080,0.44993297303652524,213,0,0,3,18,51.54175061168223,0
60.93684432066371,22.747320440699237,1062,0.49661025663825054,1517,1,0,6,24,75.59009286299982,0
8.82770787316079,1.1639368534545165,1014,0.6162119110339725,1867,0,0,2,27,19.718633283568096,0
82.22954038146685,9.44353321412703,1080,0.22671994167669063,369,0,0,7,11,62.60146849830093,0
22.00642733941575,15.638253938731047,1063,0.46074941124173663,1951,0,0,5,17,62.59610190597643,0
86.5691236938099,18.67501587087652,1027,0.5692918334857391,585,0,0,8,16,54.062693437205844,0
55.54575962181094,8.443629970083386,1028,0.4891329268054219,1358,0,0,2,29,92.9856799699219,0
33.94015442138232,16.4837091838151,1058,0.37731782001642344,1630,0,0,1,25,27.826126592313813,0
33.08826341588076,14.718800324205567,1087,0.41716363663686684,143,0,0,8,25,9.692274720826745,0
91.71930787849871,9.40963327325694,1065,0.5210941613186728,1741,0,0,1,18,61.33142535299679,0
50.03329834061879,22.600675956039826,1037,0.6326474378566374,1686,0,0,2,27,82.15258280440597,0
243.75621608741346,1.6538158093236905,1057,0.8165838332726936,845,0,1,8,2,213.29047003482032,1
35.58276760392577,23.44467525111753,1084,0.5452334236010719,121,0,0,9,16,60.37067245340465,0
67.1342372611422,17.682254273570397,1092,0.278934767348083,869,0,0,5,14,113.52889220069846,0
74.91007449632737,17.746029927980775,1025,0.6353847836749082,1614,0,0,8,22,71.18088563076762,0
108.59777412579705,23.02377370819713,1086,0.46220787961996795,605,0,0,8,20,39.61240021000147,0
29.096845447112752,14.228448117413318,1067,0.3367824038280639,1956,0,0,8,22,112.80030942910798,0
38.1131096569472,23.75811579059856,1006,0.5285470980884446,1063,0,0,5,28,20.509116216619226,0
74.67634736309567,10.196830249632264,1051,0.5541639262094996,1044,1,0,7,11,63.05771908711231,0
31.98083930243585,0.3699639858369421,1022,0.4315329554851704,1365,0,0,5,29,45.097298133208724,0
50.226805411823996,21.599196475108577,1062,0.6563645052998092,902,0,0,8,17,64.2972988535393,0
60.16927681004785,1.5041312328471808,1094,0.5729089447892499,649,0,0,1,11,54.273926368038666,0
79.62003549767306,11.633792577592608,1031,0.5348806942255345,638,0,0,4,15,69.80813198732235,0
22.152024840320124,21.36999537972091,1081,0.5104657770132556,144,0,0,1,21,34.53323827777882,0
40.388448216896165,20.269353017091845,1072,0.47620192535299616,1856,0,0,6,18,77.01791108166995,0
83.26110741748724,15.272263567634145,1043,0.47325979247096134,358,0,0,2,29,31.082266661663095,0
89.6298736862213,15.460274164065055,1036,0.5100735474644814,1939,0,0,4,19,49.540857921167444,0
3.5311842483957463,15.3833117789313,1000,0.5422886843981001,1358,0,0,2,18,25.05100443791217,0
69.10724237008957,0.06410384082391918,1091,0.3755404464442372,1399,1,0,8,16,48.95331920852148,0
63.043101936706734,6.053241438440929,1027,0.5625597720373486,1004,0,0,6,22,77.78166966957995,0
91.09103322962554,15.202368750767043,1049,0.6309509216052092,1681,0,0,9,22,84.9766715238522,0
33.298463064285116,23.83116004366373,1092,0.44161820760175896,465,0,0,1,15,6.530526113316654,0
53.4230447667956,6.835007737601141,1029,0.41439475067886344,753,0,0,3,13,10.61240923761114,0
54.35191237878145,1.6124447165736315,1034,0.5363442702442424,477,0,0,1,14,18.85543519751856,0
57.7679128467707,16.806826369663135,1092,0.4272729324121878,1034,0,0,4,15,22.18687935132853,0
87.3040738503789,0.023975814406623996,1070,0.42684930657710496,1337,0,0,1,15,47.7143958293241,0
60.15451530385074,7.823497050451492,1093,0.4997740853185299,1815,0,0,8,15,41.730389877061015,0
71.93001880356444,22.719161903168107,1076,0.4731980502800475,1912,0,0,5,21,53.72907764822942,0
1.618523864310447,4.8977534016433655,1023,0.3590366908911444,868,0,0,4,12,49.98195103140368,0
56.3362819767337,0.5610618094906599,1046,0.6252256518282382,1522,0,0,4,25,53.846866192963205,0
-31.378376914313137,9.050809540120326,1058,0.43777278180815377,1161,0,0,5,22,64.9054285772169,0
17.83582964043179,6.371357399943574,1042,0.6098051731712221,346,0,0,5,20,68.15412771777162,0
109.74111255250713,21.195671672923964,1026,0.43539903370163674,1948,0,0,8,23,74.3294046300325,0
23.56794990016123,19.6806677343702,1028,0.7382006954054793,242,1,0,5,11,109.6481437680431,0
40.542009982512326,11.030680122566494,1020,0.41891856242747993,865,0,0,3,15,64.82127913753055,0
50.455488276212996,3.5669791312777193,1056,0.5846477940970647,1528,1,0,9,12,13.613002738619208,0
39.27663731568718,20.47018459628279,1012,0.44770273536022787,1822,0,0,3,16,57.153354293889436,0
100.18604605695589,11.872038773456241,1048,0.6347844519178243,297,0,0,1,29,96.131081027509,0
54.73922936754355,6.323601051429673,1095,0.41426239209677174,1990,0,0,5,17,81.5775023770735,0
79.29294131594204,0.8500553587407298,1002,0.35232028843400937,1531,0,0,1,20,55.85632578179077,0
44.89225259612284,1.9277545365488011,1039,0.5943434001846342,1385,0,0,3,15,34.10541825599103,0
102.48730229560817,15.864649397624811,1096,0.4354182398858446,1287,0,0,3,16,23.60265033942423,0
102.66022527329613,6.68380808057728,1027,0.34083900410677825,1687,0,0,8,18,66.0052520863165,0
27.45963591189889,14.938844987768285,1011,0.5093783820819984,216,0,0,3,28,85.71956064833122,0
70.17721103608194,0.6912328936640044,1008,0.5849292459133459,998,0,0,1,14,114.72132154655282,0
79.45296460974782,4.902354199992129,1028,0.27776840867517033,921,0,0,3,15,68.92208975048345,0
68.20169177408548,23.26392300843985,1084,0.5868333445743037,1163,0,0,7,16,94.46443276474565,0
50.30699183058761,20.06277866187764,1096,0.5910196789758408,799,0,0,3,20,74.00657301277099,0
25.525691451036852,0.754972685904626,1032,0.4965891334431906,683,0,0,9,24,23.577846214326264,0
47.211673801592354,1.7575561026536137,1094,0.3594456118213944,1097,0,0,7,13,56.1074451653863,0
79.91178069360924,3.667876265421415,1011,0.40244322013239,1501,0,0,1,21,46.5346506638241,0
76.78861610326308,6.480059546908687,1063,0.27434240984335123,1013,0,0,4,25,18.119203776614413,0
58.43576053730826,9.693205605266108,1008,0.5358014236278286,375,0,0,3,14,65.9861486899821,0
92.8191609286765,17.48902196340846,1010,0.5511495060981721,1329,0,0,6,22,106.38938925559975,0
73.32788185376816,4.445177235613465,1041,0.5976643438464051,1524,0,0,1,33,38.83482160180529,0
72.105316912773,2.863189934443499,1088,0.4551769902365865,801,0,0,5,22,69.56667193409636,0
4.858388779069934,10.9923509835827,1082,0.5039780115510606,490,0,0,8,21,30.034287372837028,0
61.47229238552152,17.72766361411541,1068,0.5012940567670394,732,0,0,8,20,58.98367864343481,0
45.14698156502993,11.86637281989572,1069,0.5091078259261813,656,0,0,4,19,120.8921045083004,0
105.48086424159143,10.255345037627759,1040,0.43028419136322577,1785,0,0,7,18,20.737033151118112,0
55.7329720405971,7.828441470669822,1019,0.6521722899508566,839,0,0,6,26,78.13939640168009,0
47.39896591555374,23.039637797704206,1024,0.3572479262363625,1441,0,0,3,18,54.96827188182928,0
203.16475500427617,19.933720601152004,1021,0.7588615592283078,41,0,0,5,9,154.31883506278052,1
28.699536713253433,7.956664584755926,1096,0.5820961760429655,288,0,0,2,22,63.54734733199967,0
59.05375699458398,13.085657239813784,1099,0.5138310298524281,76,0,0,5,18,71.44668666128877,0
50.01583876569792,0.7880502980130624,1052,0.40433072766702016,1775,0,0,8,22,53.84243122577603,0
222.1760706055062,23.85208552060449,1070,0.9035306989994283,1588,1,0,6,3,156.258025559174,1
-12.46296109566962,21.6066486510646,1042,0.6081652600865716,819,0,0,8,20,78.371639437852,0
72.64876298425894,1.704663792030746,1097,0.5024904875592352,1922,0,0,8,18,21.261665538188133,0
7.1328618046481935,15.918735284587637,1079,0.4621542936845997,696,0,0,3,22,100.16191671241899,0
27.09604090072665,8.642162299525218,1011,0.2942617903062291,880,0,0,9,13,49.47146212906395,0
44.19717114256383,0.3625786941049052,1011,0.47742006695210565,1082,0,0,6,23,23.789761754110565,0
68.36809430316178,19.565806585669463,1017,0.5765851894173739,212,0,0,8,20,93.21899238247406,0
38.003028136065886,13.021684881793629,1031,0.49526933540043766,1553,0,1,5,15,13.873693960476544,0
38.88475704229913,22.394257754636502,1037,0.49490640904088434,1319,0,0,7,16,108.42780418788105,0
88.02954533563921,5.455257773724571,1001,0.4478697274602959,508,0,0,8,28,85.2251618858442,0
37.90802395889834,12.367090503154694,1074,0.4960575953365235,240,0,0,4,17,58.04772891106957,0
79.0086993603445,20.10757417944271,1063,0.511870559012128,1994,0,0,1,15,-33.03319735633396,0
36.91210903459913,8.18505924456502,1087,0.32155215404981985,130,0,0,8,23,67.91285263916578,0
73.9550401372166,0.8996627310081662,1008,0.5332575043583925,1565,0,0,2,12,24.595563696544872,0
4.743320953614308,21.341445398039692,1086,0.5220614810229447,604,0,0,2,23,47.513656632100286,0
31.509157758815675,5.272192271872978,1090,0.6100177389883741,89,0,0,5,26,88.44965773950491,0
93.02929008056228,6.617910254040873,1009,0.4983480773549558,1399,0,0,2,18,34.124966607205224,0
45.25538466883039,2.6977130706707717,1015,0.47166836364945475,444,0,0,4,17,2.4792027303434665,0
63.45907293543582,18.957880805347322,1094,0.586579054622479,432,0,0,3,16,57.427783330730755,0
28.502795347276844,19.942948261356317,1028,0.5778478988003948,547,0,0,4,25,52.965957849915114,0
99.48442682971762,19.141573260828526,1068,0.4137890360153985,556,0,0,7,14,88.58773332972113,0
61.833564271348905,2.2382428843399618,1066,0.41563317493905055,685,0,0,8,19,71.1577216619462,0
52.03515541750813,11.604169789863967,1018,0.32952907940450576,1153,0,0,7,24,94.58243486452386,0
96.80766588592792,13.693697019129312,1071,0.43292745904352486,363,0,0,7,17,54.33724743995625,0
42.53926621449359,7.4323335444349405,1076,0.6087511107602092,1372,0,0,7,21,49.45544184430451,0
24.08027690960552,19.619542442163368,1070,0.2978663780433062,1538,0,0,9,18,58.58531603527025,0
37.67557136136246,1.5632937281015025,1070,0.42607014747883465,386,0,0,8,15,65.97355347997197,0
128.97146194512172,11.292995665103405,1059,0.5704133292129905,1642,0,0,9,13,69.93955125488239,0
14.626753569114555,8.19389406305876,1088,0.5716133812960926,67,0,0,9,27,89.74537726817091,0
27.858287490158254,19.57492250496928,1069,0.429624802974046,382,0,0,1,22,55.82142828002854,0
34.37094346306713,15.650600172382479,1039,0.5080841482226112,1683,1,0,6,27,83.56041260740679,0
87.12961272535995,10.540611976384007,1032,0.41699269145503093,856,0,0,9,18,74.39710873707881,0
-26.870009763859315,4.405509794877809,1035,0.5262475014741621,393,0,0,3,20,46.27733653396376,0
26.80910871191891,16.614129350301713,1098,0.46664378498648196,1844,0,0,3,20,13.525039336302818,0
99.17769550225256,19.852915202081647,1012,0.2991648612168081,178,0,0,6,17,79.04168147569312,0
107.28249921410392,8.60082317597756,1087,0.4371565472840372,1351,0,0,7,20,6.796959086042712,0
40.059431027364525,2.197241658029906,1043,0.5425716457975263,1324,0,0,4,21,40.11194502298796,0
55.6382532929827,9.821462258018345,1051,0.41483672703061114,1967,0,0,3,12,70.01519099954227,0
-36.167866398449476,0.8395649643876855,1047,0.6337273588953063,1744,0,0,6,15,-5.985198488838719,0
48.62213513779518,21.14910557917233,1046,0.4092538029190935,92,0,0,7,16,70.62250801758127,0
29.21284406612278,20.35017989468186,1040,0.4855588159274267,269,0,0,9,14,51.769695798606136,0
70.44902671005167,16.998643815773665,1073,0.4458054613201492,718,0,0,8,15,50.30161213016103,0
39.719372177589534,3.9387465502989674,1073,0.4607011526004481,877,0,0,3,18,44.23164432067173,0
21.06386615269426,6.6338529862481925,1006,0.3168425800838318,1062,0,0,7,29,36.05998005234956,0
15.060099544628159,17.32248665562743,1065,0.46060318407810596,151,0,0,4,19,26.262469017188337,0
32.58429650585832,4.911011341416477,1052,0.35425480288294164,1973,0,0,7,23,47.4106683221614,0
31.95897068146359,2.6366341692656023,1098,0.4393058208968614,1630,0,0,6,20,68.73101412175262,0
12.375170390131885,12.180919802209813,1094,0.506995697574817,904,0,0,5,16,77.3977883194067,0
40.75897147442776,19.527264571243936,1008,0.43580774364526215,625,1,0,3,18,61.62466973551378,0
82.0513800108205,4.989260926065011,1079,0.7079678694842312,1953,0,0,9,22,58.54272520457184,0
25.77225979705112,12.546857593234012,1086,0.4695166362058444,1614,0,0,7,21,32.47103038245136,0
35.38623848705912,19.21662722200155,1029,0.3835425284898092,1061,0,0,3,28,69.0085579879329,0
43.03179491601581,23.153701430447228,1060,0.6843445460729258,532,0,0,6,25,96.70450251863545,0
32.228182272833926,10.850452938343542,1015,0.5957277141382697,1784,0,0,7,16,82.81205886272423,0
72.20376992315732,2.3448712243955576,1093,0.5658063367868382,373,0,0,7,14,29.71049192915949,0
44.46345673442165,11.892936308500829,1019,0.4338260617086046,1755,0,0,1,18,63.68078380068472,0
69.5699101453004,14.68170974021932,1034,0.5591781954490674,866,0,0,9,22,93.57293529982402,0
60.16980541428259,1.273746772112811,1074,0.47676956897406303,154,0,0,5,15,71.03658460971535,0
55.83822365711728,18.345602673343347,1024,0.586457690398575,534,0,0,4,23,73.93228158830338,0
50.67017717955824,1.0826638924894532,1098,0.43798565319443505,1572,0,0,4,18,47.78231241716003,0
35.104047935540926,17.59276274270157,1062,0.3238327344098405,1294,0,0,8,30,78.72339753412578,0
70.44502092117872,23.56602682803394,1021,0.490338672611961,1886,0,0,1,20,81.27278022615127,0
56.75770045950799,0.6765675719168707,1044,0.5287973529876351,454,0,0,3,21,17.43602263977963,0
86.1745526214813,9.68369940673212,1042,0.5279549467849415,350,0,0,3,16,52.912691420775424,0
39.00478938895844,18.188311030379307,1083,0.7111257784224922,1199,0,0,6,21,10.877189921881715,0
17.054408486655504,13.249840710749947,1057,0.5195045766193538,1871,0,0,9,21,60.97442303399337,0
42.82180558544446,1.8708016663420501,1028,0.5227049029155798,1598,0,0,5,17,25.358184294488645,0
74.7624904696409,5.593202364590773,1031,0.4592171576989733,779,0,0,8,13,42.88618420605043,0
55.60300293431235,12.770876644912956,1010,0.6562097624891824,286,1,0,4,25,48.17970624107914,0
77.12052664283944,13.720375826382504,1023,0.5004227783558667,1229,0,0,9,9,25.7187117033902,0
62.88854657397758,0.773168650808949,1044,0.44441136616664806,1993,0,0,2,22,64.49904175902657,0
43.07400878465693,3.2932135586415825,1043,0.5033934966568884,833,0,0,2,21,9.031280933654529,0
60.857428121915795,6.255036320089816,1013,0.3865992765724712,48,0,0,2,21,63.15911971204777,0
51.14713984880085,18.199337124319037,1088,0.6206734694547305,676,0,0,6,20,64.95638543745788,0
13.493098689794984,3.3725693803220604,1053,0.6003924562461788,1104,0,0,7,18,136.00241999283094,0
65.12863560152817,19.74368301720886,1084,0.28632378120918206,198,0,0,4,19,46.29797371708198,0
84.204471155638,4.338478063221675,1060,0.657863362220015,642,0,0,1,18,6.815908006404996,0
19.763962603336093,4.911684711511848,1081,0.4529601395954112,1822,0,1,5,29,59.82768073052848,0
59.971169996719546,14.300037525617338,1026,0.5074162114396507,507,0,0,8,24,49.558429992678086,0
24.808344734576718,19.610038726071586,1075,0.4501391204542686,1352,0,0,6,25,69.48717372780865,0
31.989840229805388,15.211866886654626,1053,0.6377377567621019,272,0,0,2,15,62.6412232710676,0
49.8178726538032,13.365375318554264,1071,0.6214200097362071,199,0,0,5,23,113.06373612882527,0
69.14153304322272,13.883358024045258,1040,0.6122523142553117,1129,0,1,8,15,61.58931422110687,0
61.319014791345566,16.20851104820782,1012,0.5265711533617374,406,0,0,6,15,55.43788498897059,0
26.001784798941976,10.312819369035836,1006,0.3961123723823241,876,0,0,5,15,47.80729467767431,0
99.15079196812823,21.802708936569637,1008,0.38936785034458254,604,0,0,6,19,66.73481129207326,0
55.83152904732008,14.23090255025768,1002,0.5049258876816044,647,0,1,7,15,52.529916049466344,0
138.06973706983337,8.341917704580005,1069,0.36707924386063373,1394,0,0,4,21,24.099665761207838,0
46.711705882225075,1.1721989596978544,1008,0.4908529956678674,383,0,0,5,11,79.0658925516493,0
68.64715669568153,23.089809072893352,1021,0.6885477677052734,1350,0,0,4,16,53.24070170944817,0
8.42036172803006,4.615001357545915,1016,0.372332377151046,1212,0,0,5,19,66.4732042447373,0
82.96950072325893,0.5035919108712763,1087,0.4593711498088964,1027,0,0,6,24,61.72963417485017,0
-3.2132539660755555,6.325533340452418,1045,0.6091048971915989,1445,0,0,2,18,64.46382476984672,0
26.979573113358516,10.43962030009111,1074,0.4928442603562402,1443,0,0,4,25,52.203851688474394,0
44.079847390780216,0.20531448283608444,1095,0.44911045598893834,1680,0,0,1,16,43.921647120533706,0
42.81494233934751,14.396831355721131,1077,0.5051021324383383,1215,0,0,1,28,65.78293168977042,0
65.48432118759139,8.11190475148615,1088,0.3024543436577608,1466,0,0,1,21,28.303974213916096,0
107.55819001628623,3.1310966740734267,1058,0.6418804250672911,499,0,0,8,26,102.9770964946095,0
61.382161928153295,19.090822996262098,1010,0.5381479876874686,923,1,0,7,22,44.45378434813474,0
93.9932717356574,15.12107329539248,1047,0.5530173995609502,960,0,0,1,23,53.12726901163741,0
31.84531293182008,20.759245426331525,1028,0.29870690771304065,251,0,0,6,12,59.44474706747058,0
31.706512870418535,16.71693653730943,1045,0.5420532522694268,1792,0,0,5,22,53.92563775506963,0
41.46846051180472,8.906872589249568,1060,0.5875195644003965,1462,0,0,8,12,25.32668126319014,0
59.056201421630355,22.72875352616226,1022,0.6495821528731317,854,0,0,9,18,87.1621509081803,0
56.616242810416004,15.613794986624306,1095,0.4107038733955797,534,0,0,2,20,26.48280310413999,0
95.73551543347709,17.587121272587673,1069,0.7615058361540953,257,0,0,7,14,57.58602988399438,0
97.6220180724661,6.98063937463034,1062,0.5054359989541113,875,0,0,9,16,81.47435095381624,0
53.72527054233841,7.972301997679518,1018,0.5976124027144356,1781,0,0,4,24,33.915756106790596,0
21.47267810938304,23.190630045537503,1025,0.4546361281060852,612,0,0,7,22,66.71383388173886,0
-3.8176333957588895,23.382533772670705,1022,0.4310055315482308,112,0,0,7,20,117.17177775439683,0
31.09925061398317,13.875376170290888,1093,0.5126556719787584,122,0,0,1,16,61.861903981097186,0
62.96650072277762,13.137066083993911,1034,0.5470579239136447,1809,0,0,4,24,64.42349834858099,0
5.866207838794459,14.34437107266738,1082,0.5543391880672266,1443,0,0,3,30,22.338083872831398,0
70.96759055242367,19.1183097937898,1098,0.43608305055789287,117,0,0,9,19,43.189124975589124,0
-0.6754911390178506,13.534186990103118,1012,0.5257859806727613,893,0,0,8,20,101.98678131094857,0
91.40274062442354,8.012209544241259,1033,0.41920582649121463,111,0,0,5,21,56.98851752482291,0
42.10076579366252,6.702899899059976,1039,0.39318934704824315,1756,0,0,8,17,94.01509611650484,0
50.63278243551762,0.7330074755937206,1030,0.28798328433158793,858,0,0,4,15,64.75745594162244,0
36.23369464925009,10.092248593836775,1065,0.3215138489661876,1913,0,0,3,15,77.99263604934274,0
132.7898011673323,18.480731248836396,1043,0.5380415542510892,338,0,0,1,27,87.70139471619572,0
29.333433722737833,16.736593604010494,1039,0.5985118751901914,405,0,0,7,21,30.39542661825559,0
23.03600569268487,20.145680253468132,1023,0.3944924156251808,557,0,0,2,16,55.20506832480312,0
-14.839116589070855,4.378240451738728,1076,0.4776959908942834,1948,0,0,3,19,58.49848711463698,0
69.67702329589284,22.24110828738656,1017,0.8413525979299941,1339,0,0,3,18,59.98295697177038,0
68.28578135625804,11.518216536105456,1041,0.7110684469484356,488,0,0,1,28,76.15581039512703,0
74.53668974075086,5.008022988278204,1005,0.5349411590539566,1092,0,0,1,15,12.643512416714316,0
67.7758084760355,3.4367400931258105,1080,0.6351145507523139,301,0,0,2,14,51.98589467133924,0
35.02257156516035,12.522945869867181,1011,0.4914471047331209,76,0,0,8,19,78.02376164033075,0
41.93333928335508,19.60724281139703,1059,0.4693023249863141,1807,0,0,1,22,59.4012223839293,0
23.3145671112343,1.807714372017716,1076,0.5174263784921265,1093,0,0,4,14,43.57429870507903,0
43.270430873656856,2.7951059733991706,1021,0.5634169461474531,1937,0,0,5,20,71.07029837907473,0
65.14961836941372,20.062177752667523,1076,0.4523154639382827,653,0,0,1,21,66.50672669544386,0
52.6104944117716,8.805495884769002,1095,0.5883322713454178,995,0,0,3,23,119.90853662403538,0
107.36016407158093,18.860919014234533,1083,0.3777641880830124,1159,1,0,9,22,37.51751100400952,0
55.850749520843806,2.824236303487176,1011,0.4084086592416207,1839,0,0,5,22,41.05067744839095,0
55.40884641510333,21.50121208962113,1086,0.5235447799279944,592,0,0,1,12,54.49281709476587,0
9.50680791856307,1.0755914560993745,1037,0.6005629455072892,1817,0,0,3,20,102.20902549943807,0
68.47313449313424,17.96541565609624,1059,0.5578432111004017,1263,0,0,6,27,46.37437794041554,0
76.58573565754386,16.324778963613696,1032,0.5306924732305606,318,0,0,3,30,54.29843396004439,0
39.926641467787334,14.49161325523852,1074,0.632942982694465,1363,0,0,1,24,86.8565211946275,0
50.89388495364273,21.04892709703931,1037,0.6392099923853944,773,0,0,4,18,48.77483320914699,0
93.00900826453633,22.837011522131963,1082,0.4564093251556262,123,0,0,5,21,32.82031725381771,0
18.073399795479535,21.546577638121224,1083,0.45136039902324687,1752,0,0,4,23,68.79509755956133,0
42.86578887722181,6.6235928081085795,1067,0.5213264772350099,474,0,0,4,24,71.83705144636896,0
33.860644135341346,4.814016721997768,1035,0.4109931915004441,1493,1,0,2,20,50.50764890672714,0
-15.339031965840633,6.460474564120494,1082,0.7182630936074202,246,0,0,6,21,35.169712514011934,0
59.9311670845164,22.247365699002437,1071,0.5425120133281401,57,0,0,9,27,36.182571999129976,0
33.04223782368789,16.23979930787963,1002,0.3881418289273757,661,0,0,6,22,14.04487795113571,0
68.39796633983431,6.187816702462554,1028,0.47258394336388293,1776,0,0,6,21,53.22396124549796,0
14.164311807018947,16.373433040943787,1091,0.5029129083208914,910,0,0,5,20,20.626619262981734,0
45.19776540175086,21.488677028462043,1050,0.6078503685713084,1161,0,0,5,27,46.12334521986308,0
38.34959185096525,14.689129911786136,1022,0.552267721371861,1212,0,0,3,10,13.74443140634903,0
39.926459021296154,8.67948786612047,1039,0.5161113560280554,537,0,0,4,24,81.00404544927692,0
82.73930361782807,15.155365611186003,1087,0.5077202517480983,1101,0,0,2,11,36.28718198032628,0
48.147074004196135,10.417833460726069,1081,0.43832168757790585,1357,1,0,3,22,53.662375160756426,0
71.81503966676301,19.352423419330407,1088,0.33039555742493676,1381,0,0,6,21,59.75714535689108,0
26.31984482840977,15.522599065966382,1020,0.3845175495098678,756,0,0,9,21,76.01620216211664,0
40.934582390521356,4.699801172523785,1045,0.5865361847421975,137,0,0,6,20,55.835840213687895,0
36.018904943952734,15.51833481125929,1049,0.49847314958943983,1126,0,0,1,26,57.68549131713269,0
13.574341616368038,8.925503988988226,1063,0.7045433238353189,1357,0,0,8,25,21.845744637152897,0
50.2118947588453,0.4173298302104138,1095,0.30917778791578754,761,0,0,3,15,75.43365316097457,0
90.87688558137356,21.103835976379766,1047,0.41244026957260466,1433,0,0,7,14,60.314492259616216,0
27.995537999651617,17.30119378819498,1031,0.46521041486581016,1136,0,0,9,19,33.72790753229581,0
19.4091404087343,10.185042408333075,1079,0.5601834070037596,1008,0,0,3,22,76.00066834604826,0
21.381817418100656,18.93611722945667,1071,0.6050164300823909,109,0,0,4,25,85.90175539171597,0
-8.048923517214128,18.971816549959932,1040,0.5652253236610087,1463,0,0,6,23,49.41449609728408,0
22.252225528421782,10.19614075462249,1041,0.4852629562701046,890,0,0,5,27,61.81641808034245,0
41.44717228873958,6.499971368159023,1046,0.3987169570529423,1949,0,0,8,17,124.69272834399162,0
31.616339285468413,6.9963326002644814,1028,0.6133929999190566,249,0,0,3,18,79.36554586568411,0
106.02386012484052,5.091121700894663,1083,0.3816353500338426,1072,0,0,5,16,74.5969341071256,0
43.18681976657222,13.731305931968484,1093,0.4844394708917766,821,0,0,1,10,56.77997097585363,0
3.2914673988056578,12.716714180080263,1024,0.4904452863395744,299,0,0,5,16,62.20300304822787,0
64.9399487373635,22.85809667408295,1045,0.5011756770558102,396,0,0,3,20,45.46732980739117,0
22.125909784707254,22.22547294688207,1070,0.5023672874939467,1595,0,0,3,25,76.45987835818535,0
62.19866102668022,4.7659914774260015,1080,0.4323584680720763,1767,0,0,3,25,42.4175196257474,0
31.884851075204402,7.8470020864842365,1018,0.6005055133980985,1289,0,0,6,17,53.16383273605086,0
82.75416017223937,5.736862635595347,1013,0.4734937181861246,434,0,0,3,25,12.103679836260127,0
61.75486123148305,9.4432012497667,1067,0.6328907852575955,1115,0,0,2,18,59.26000864191097,0
107.0767461568868,3.760131224340433,1015,0.6808889801844464,1337,0,0,2,13,110.23550259173,0
31.122098189216338,2.095856941403259,1011,0.5349076691821218,1379,0,0,6,28,92.49364573957267,0
95.69715865136774,2.305823415320547,1090,0.46598416762243655,1634,0,0,7,25,49.10722413981587,0
56.57450982991817,17.852766741316106,1060,0.6424829787171475,1178,0,0,1,30,25.72302936312407,0
48.17451439991217,1.5835416747891164,1015,0.5692848142980399,1244,0,0,1,18,71.41486622964352,0
74.68047279722431,21.116562452223704,1000,0.499002454291974,1233,0,0,4,17,14.868157744141293,0
49.53310733389118,0.08121567777545824,1030,0.6370611956370658,142,0,0,5,16,-5.026772613352065,0
219.6174822812564,19.715929140763933,1006,0.8002614787712358,1630,1,1,4,3,161.7903697093343,1
21.47139850716585,15.279098842681169,1019,0.5825555606023428,363,0,0,7,16,63.499077832285245,0
68.54205481790126,8.52519873915743,1000,0.5128869662530514,1519,0,1,5,24,36.31399056899112,0
24.823709979829808,10.949761057280053,1092,0.35909517801168794,410,0,0,7,22,32.35232778923076,0
169.51506324381262,23.702771067897874,1001,0.9899308060678214,561,0,0,7,5,166.72273449635586,1
83.5872473430373,20.346966488708986,1049,0.46804520292516605,90,0,0,6,23,111.58120984877947,0
49.017401893520045,8.230442780080928,1004,0.5062111131716431,1299,0,0,9,21,86.94574506637915,0
36.16490803896143,6.853030508868803,1057,0.4368787542128544,601,0,0,5,14,70.69947326376719,0
47.03837316632981,20.57083081497364,1058,0.6506856325062668,42,1,0,3,15,46.66596981010696,0
84.08574123927627,11.723267573998445,1013,0.4889156867609954,928,0,0,7,21,32.10294507420463,0
16.093888259782283,21.190858940339933,1065,0.65149860127901,1780,0,0,3,19,98.13189789362228,0
81.51963188022836,21.33947908789885,1046,0.3897807686142574,988,0,0,1,16,75.29673703438097,0
42.3146074251386,15.285575331971527,1029,0.32812373793495586,1027,0,0,7,15,68.56508852125502,0
182.19731158976566,13.577223149789098,1045,0.8489823309941374,1166,1,0,2,5,214.58400523490013,1
40.097294248956885,0.6321288419652484,1083,0.4949879232611662,930,0,0,8,28,63.93188611248859,0
56.02096082866635,11.223794980512984,1032,0.5205580828691599,1234,0,0,5,17,67.53623563154589,0
71.57505999066312,0.4459280173223803,1033,0.38609116279945543,662,0,0,5,24,48.589162051822825,0
24.67027888450787,0.4109300591318856,1044,0.30834948739271983,954,0,0,2,23,69.95933070651654,0
7.3136927656533715,19.104891716725497,1025,0.4649397921266313,1093,0,0,7,24,54.32082789197368,0
99.21843690464863,21.50242791100565,1005,0.418315453560327,466,0,0,9,18,130.16379690202263,0
18.860259350323105,17.898771792030523,1011,0.6795221565926289,1754,0,0,2,18,70.59309047270435,0
56.46189516368864,5.595535286834077,1064,0.527103297183606,820,0,0,8,22,93.10655196762687,0
68.76892800938003,9.603491214829418,1053,0.4262729143482415,1571,0,0,7,16,83.0810699604857,0
93.4191709817542,19.09746515927612,1087,0.5389114561358014,518,0,0,2,15,98.4847032293251,0
110.67770691708444,2.853672424271841,1006,0.5799004981303874,1398,0,0,8,18,32.533706602830165,0
38.44059209414719,17.3191112641128,1076,0.5936237701429884,361,0,0,7,25,63.634777272476256,0
100.44477372254046,23.00444659635423,1015,0.7787346563753801,705,0,0,8,24,85.73744135170844,0
23.139368790224,12.45589095437196,1018,0.42565411702722744,843,0,0,3,16,82.07656109480061,0
111.46124773096551,5.644085738990682,1083,0.48629991966665936,890,0,0,4,23,85.64774995495608,0
53.79138738639236,23.663080425634018,1037,0.5523021525803448,1653,0,0,5,18,69.58845733903705,0
43.309229562007935,16.465823142292077,1045,0.4768916948750386,944,0,0,4,24,11.83628594655422,0
91.5904819178853,5.310479967021142,1073,0.6051991648992838,100,0,0,5,19,111.42328367687033,0
57.862004272601766,21.750417534955925,1034,0.4742210380500888,1399,0,0,4,18,68.17480984900861,0
27.335033505981524,17.803509822396364,1093,0.44494309887718136,1066,0,0,6,22,37.13131044784723,0
77.5961454786329,8.237524199221236,1051,0.294513604965352,755,0,0,1,21,68.24525787716333,0
79.10948605364844,18.51937769268724,1002,0.5398261738795632,1241,0,0,6,21,20.782711389593693,0
97.53483125471176,23.99762344822156,1005,0.6266736200711618,67,0,0,5,8,27.106997107605544,0
38.41661671741575,20.82501474678905,1072,0.6191170487548876,250,0,0,5,20,96.38422132949137,0
18.347318954699148,7.540017907007126,1031,0.44886441524391185,1682,0,0,2,21,-5.690442839341699,0
-15.147142142813422,2.238116874848899,1066,0.578395096145526,1534,0,0,7,20,48.98593363249244,0
84.99111637007756,7.66106486129454,1006,0.3700680935775452,155,0,0,2,18,38.737836127091256,0
49.97874216270062,16.65647869978957,1086,0.39989796349105944,575,1,0,6,16,41.185182457618154,0
28.062362935611294,2.5793136952483504,1077,0.6152745984816196,1776,0,0,2,17,45.96107862819253,0
65.99621953697938,18.76786285226545,1029,0.5947731357543571,1463,0,0,6,15,37.23459579114663,0
43.29611644022447,20.78960694861414,1036,0.35337171856758276,94,0,0,5,17,58.424487779143874,0
65.2106081640607,23.319614510867837,1086,0.397431523012868,1773,0,0,5,22,21.197247972754013,0
65.92926985892271,10.181693887086562,1042,0.47815474578285583,776,0,0,5,14,85.25319398425967,0
81.79809152139865,20.059352870828064,1026,0.4666886598417716,1357,0,0,7,26,20.74670834248066,0
57.63262529903639,0.8438571189273283,1059,0.5893482825573209,1694,0,0,4,18,97.27640815063774,0
20.851578844680454,5.9321938702684225,1027,0.4144697936163997,1399,0,0,2,20,31.915678301921165,0
72.26286116027921,6.999810492022489,1069,0.498365623937154,844,0,0,2,19,40.492123739193495,0
43.5199573528066,11.75174058892076,1019,0.5416223301169507,119,0,0,3,12,71.1779393708094,0
214.91991469926793,9.857250903034014,1034,1.0452285982459233,1315,0,0,6,5,206.39858224084338,1
59.21898562629828,2.0322277258245576,1062,0.4671029881881293,1457,0,0,9,22,49.45849624622316,0
47.32639881461635,4.288946902382612,1096,0.4321540447969449,1399,0,0,8,17,48.68017509267388,0
50.541417574046726,21.527114921054803,1055,0.5141824718579285,1872,0,0,4,26,62.566953804198526,0
86.11653311506448,21.653286876968977,1036,0.5307953709688396,1860,0,0,2,26,63.350370398663685,0
54.54222188216056,7.0850160210806985,1013,0.4600643983121129,947,0,0,9,14,13.836943279665263,0
80.22541069510766,16.739976864890266,1065,0.48890461151531905,41,0,0,5,23,16.440715754691624,0
94.30803278354824,4.382331146090383,1037,0.4264417485477229,1544,0,0,1,22,89.51067347461088,0
77.55363331827242,18.449635041091263,1098,0.5387643694287397,1401,1,0,4,17,56.46842533288758,0
49.244339494115614,7.542482357302141,1082,0.6825742519906617,229,0,0,6,17,117.77573432851679,0
26.053817709255377,1.8047173010298998,1075,0.44650017233513184,627,0,0,7,31,57.58493776968444,0
77.05186091420822,19.031573657396105,1049,0.48308911159089113,1024,0,0,7,19,40.910574130881116,0
55.33250318804094,11.005170515505602,1046,0.47314926055004153,1978,0,0,3,21,44.23573122207399,0
62.62098893055436,22.86638153167999,1013,0.35205631403055493,917,0,0,4,12,19.097927254430246,0
58.41909213470409,13.504002735751996,1089,0.44013949316185436,1180,0,0,7,26,4.682824500712471,0
62.657622627058544,9.591323579854457,1040,0.4807596861424325,1524,0,0,8,18,29.990907706919508,0
68.82818892685493,7.500534511783354,1036,0.5477850850888957,888,0,0,6,17,4.127263849549259,0
52.90987894978154,21.473050930244774,1029,0.4187521467449614,1510,0,0,3,14,23.969249827768955,0
101.3512544042703,20.451349532507418,1034,0.3792116026406609,911,0,0,9,23,86.37628118378908,0
1.5233963776858204,11.555848285185462,1032,0.6310313079827824,685,0,0,7,20,23.631957448174923,0
51.93222567295826,16.203898298344004,1058,0.37229027801691045,1450,0,0,7,19,46.6296545501776,0
53.704394274937826,18.741966051708626,1048,0.4738405011515708,1397,0,0,5,19,82.71240767197374,0
72.38760698081663,7.469886061886326,1059,0.4002665423758304,650,0,0,6,17,57.26531540684656,0
20.661834933420838,1.0795473058921932,1060,0.2893956494887864,1600,0,0,9,25,60.56261985834788,0
65.45882964873402,2.1187799660379945,1087,0.5805787529598307,1209,0,0,6,22,18.19774321302966,0
43.39658806235514,12.169044886481032,1075,0.41822743750924035,1895,0,0,7,20,38.245359513715556,0
60.16274486841098,13.257851204832207,1009,0.625569664257817,844,0,0,8,14,68.83348120690836,0
17.61401443501883,20.226370467607225,1006,0.5862595958097782,106,0,0,9,17,65.8470815837185,0
53.47473761680838,18.08106108591284,1005,0.43834955610045884,1405,1,0,1,29,91.04580158771,0
45.11888895292725,17.215179640500825,1084,0.5199402348529661,767,0,0,4,22,46.101230368361655,0
31.18721525683112,23.76898855121309,1002,0.6569199698385562,461,1,0,3,26,38.653560818664175,0
33.232344581852345,21.62853892691044,1084,0.5409643688488542,51,0,1,4,16,80.898177876245,0
70.49973534548275,18.180882883133503,1073,0.37352973893209973,126,0,0,3,29,73.60638383787041,0
33.13137412277082,5.86685304615989,1013,0.7632691479462288,432,1,0,4,19,87.52307304313157,0
55.539015755969125,1.4286287249237395,1019,0.6049769949778754,963,0,0,9,17,66.10489710320367,0
83.38065124969776,12.915442321954906,1065,0.5390039619339686,1827,0,0,4,17,73.78436891441538,0
34.895730376514024,15.898319362112442,1038,0.43118690568068774,1696,0,0,1,18,19.43708244849362,0
118.72827717772225,0.5133323202019149,1007,0.557280512702717,1656,0,0,6,16,26.597766842714208,0
107.5177744527837,20.84581516889889,1064,0.4753223900789146,287,0,0,2,16,24.169090501976896,0
6.348361847283442,11.764868500935078,1001,0.4707345354575998,582,0,0,1,29,81.33767600595824,0
45.267590503055445,23.05151403746346,1024,0.7685781600910657,1296,0,0,7,22,55.02222812735747,0
48.356649189835245,19.810485974519963,1078,0.4916118451237762,539,0,0,6,26,59.36004344796665,0
38.57709788414587,20.081216771390945,1056,0.6017849689753165,868,0,0,9,24,94.52914907487994,0
33.13495920265093,3.729627089736371,1012,0.5645854990344307,1914,0,0,6,20,45.982885824394984,0
50.76165261627231,17.74922756963983,1034,0.6140763010064265,416,0,0,7,17,58.43978681855319,0
56.53407019246178,7.053998325373577,1090,0.6447203176363598,1131,0,0,9,24,67.28322096774265,0
92.41308944873776,13.395425482575726,1068,0.5406057517575408,125,0,0,8,20,47.72942831505386,0
77.54949818006939,9.075715645457802,1057,0.36670022638192973,730,0,0,4,22,86.62239601577319,0
15.585214669648657,22.423920197206666,1026,0.4731969322083077,955,0,0,7,28,48.845267412187034,0
51.93517918587715,19.938260803517437,1019,0.5607014343031981,1862,0,0,1,20,89.99280779270765,0
72.76785769360296,10.96546931957827,1075,0.4270798711146864,957,0,0,6,17,55.163904569137785,0
44.58824954712777,18.69342348246172,1052,0.6224071388297144,1278,0,0,7,10,51.90316389536439,0
14.141187092022662,5.051093211408082,1046,0.4165043172900552,438,0,0,1,27,35.464377120158936,0
43.929832793897376,23.512035130137576,1053,0.6141604149066288,441,0,0,3,24,52.85664966678375,0
57.809655163136625,16.022573513448076,1076,0.49457454652096905,1549,0,0,6,20,89.67426349404865,0
35.726136679852964,7.779705671092155,1017,0.4733745091615817,1167,0,0,6,16,24.528993245141393,0
35.738232733563734,1.4609439669936215,1037,0.39393706502391473,702,1,0,4,11,64.84034905254057,0
59.97130500558829,3.2828002540924652,1011,0.5797238594602441,579,0,0,9,22,13.626802198906887,0
11.371841490408165,22.24657495488261,1094,0.460148207163926,374,0,0,7,21,49.58133540136784,0
47.7238564794493,17.248689291540934,1022,0.5476085441993563,1822,0,0,6,15,41.64028857147469,0
219.50753182090122,7.066299923977099,1029,0.804986170370715,1783,0,1,6,4,174.97300982921314,1
75.27541689365013,6.053741257846854,1037,0.3133195447058179,1417,0,0,6,26,36.82942038133504,0
31.634992485355376,16.097417761889357,1017,0.6140814410894433,1820,0,0,6,20,70.08166101129447,0
106.28512517647658,14.219673711166202,1039,0.4532133464168004,848,0,0,2,14,69.03260681415787,0
51.79075641739209,4.611428368717306,1054,0.6269127875765806,1212,0,0,2,24,34.34293358223625,0
61.97669367815838,0.4615608829622442,1037,0.5569193923525706,1444,0,0,2,22,87.90380340311695,0
60.80678111232286,6.344282825440709,1060,0.5015502243458538,430,0,0,5,22,25.70960045597615,0
32.89057796640601,23.19406360331036,1027,0.48642129202314516,446,0,0,5,20,35.99613553274477,0
106.4347120832177,17.391152085585446,1050,0.5964690420806184,642,0,0,4,22,97.27667440723071,0
47.3572626791278,16.621857105525734,1003,0.43393839162261044,787,0,0,5,17,29.65839185438792,0
84.77989410092744,12.529765707295994,1063,0.5577579671723518,1224,0,0,1,20,37.02107631244247,0
70.8896858624097,4.48066313907389,1040,0.4246362521055078,1200,0,0,7,20,62.90274760121316,0
46.66043453606598,5.170125686574754,1081,0.28277088314500554,869,0,0,7,20,34.98006210976954,0
41.54646173418478,7.043485856616345,1062,0.46903125800620304,1536,0,0,5,22,60.80275800930002,0
44.50548586840116,5.714929714265989,1078,0.4387930271430903,1236,1,0,9,27,88.79585454072961,0
68.03620246787344,11.241829080584608,1011,0.5578439606354987,342,0,0,2,21,43.7228518153318,0
-2.7462662996630556,12.505912706496396,1077,0.5750282320288307,1952,0,0,8,25,83.58717858431169,0
5.644340288977176,13.23193319261523,1004,0.5084613973567765,944,0,0,6,18,91.00003141813606,0
26.82293753731278,8.991674199678265,1093,0.46132551293458757,1477,0,0,5,24,30.51571812748922,0
27.839075050113117,18.55976526489784,1084,0.4114131877373256,1238,0,0,6,22,117.02800535666886,0
55.84865277236562,10.724190107167125,1073,0.45679226681039875,1908,0,1,6,23,41.61151648897928,0
39.9034223036548,21.817740632671068,1025,0.6251657771327574,1736,0,0,8,20,51.46024337712554,0
42.23436798890505,21.547945910434066,1050,0.4787256821219107,648,0,0,4,25,59.14914024734845,0
88.71933382767642,4.14205905718253,1019,0.29710539862947527,1558,0,1,2,11,80.641670048281,0
43.26100550008926,21.326219870959008,1078,0.6429181468077839,1490,0,0,2,21,66.17316029049425,0
113.99100123968799,10.967528631072117,1079,0.4044015947224614,1508,0,0,7,14,89.09001132337264,0
40.97976918668952,9.944354602359038,1019,0.30772278913628914,593,0,0,9,23,59.22127605006063,0
52.52504690557088,19.62897752617134,1025,0.32348469947701597,1932,0,0,4,29,15.886250693177274,0
47.16623856673992,1.3667507687627571,1025,0.4274361525739664,774,0,1,1,27,58.070692740057154,0
19.831958729316028,18.986057316672717,1026,0.38128582111328335,227,1,0,4,17,56.60880165233112,0
44.352159947410804,22.387488359286163,1054,0.4365866225409806,1388,0,0,2,15,12.0655102161545,0
17.699626175869597,2.6675478592106145,1076,0.4537638850843959,1954,0,0,8,11,32.666729332309146,0
35.491485813336894,9.492406634581371,1089,0.44876185202521945,1049,0,0,1,17,59.47055712202282,0
71.95694207703143,10.052895893905132,1085,0.5745449570797997,956,0,0,3,26,45.89759014672792,0
28.729371271085288,8.197154806156231,1079,0.4204823951913178,517,0,0,1,20,66.87691820628336,0
45.890312669181725,22.125499261839423,1089,0.43897668595493006,1248,0,0,4,17,64.25571945570655,0
-6.400301017232913,10.446991955887967,1087,0.6082951185520488,988,0,0,2,17,51.506690796314956,0
54.3276056684612,17.40997513887483,1002,0.36329565285926235,1075,0,0,5,8,56.76695717250401,0
7.076746936458555,21.335799325351978,1017,0.5728301410479955,1543,0,0,6,21,43.4829256469746,0
73.79527064656031,6.064988633018998,1018,0.40404079201216825,1850,0,0,7,20,39.8367675854648,0
4.304392856486757,12.040871620232377,1036,0.5254045931355206,626,0,0,5,23,103.50912356154984,0
87.28480679980483,3.623416356333138,1067,0.4340746889371748,212,0,0,9,15,65.14994069533839,0
79.10525247703578,21.827977030577184,1026,0.41391606317942087,1844,0,0,4,19,82.16381041024238,0
76.92967314949232,18.018916234896015,1096,0.5821568695211551,675,0,0,8,20,67.76983202598021,0
75.00001735340922,11.664082757717441,1015,0.49896490226568296,285,0,0,7,26,43.52506610187107,0
56.55977920271893,0.44952700945007695,1062,0.4763094728809136,630,0,0,2,18,23.49819694211383,0
-24.784314981860604,21.363752701761463,1053,0.465185201727604,795,0,0,1,13,13.981352929279936,0
52.90264755316401,7.001884037788022,1078,0.4586759728011271,1144,0,0,8,21,89.48170735321456,0
67.31216551505419,6.759259040482963,1065,0.4365510451242551,1265,0,0,9,14,52.96688642953638,0
88.51450579560684,15.883902952274484,1092,0.4095993543762413,1252,0,0,4,16,22.617236079051303,0
27.016375081679872,5.503654807383694,1058,0.4048097821107002,1577,0,0,6,28,86.42287531428289,0
21.788032505469403,15.569603578689554,1055,0.5277979195281601,458,0,0,9,21,84.99702004180938,0
14.783800210819138,18.21885829402224,1035,0.520361301966578,1579,0,0,6,21,79.49196869586984,0
24.970308635252536,18.182011985257375,1081,0.5298029834528323,96,0,0,9,22,85.74247954629689,0
90.21351338069434,20.96086655158605,1025,0.5193119974588559,595,0,0,9,12,94.09752005666182,0
115.7125100356527,9.718025120851337,1063,0.49046770030010567,200,0,0,9,26,55.994516746589426,0
55.80769734102633,9.885559142638478,1018,0.36840962295436386,1418,0,0,5,24,69.45716593410816,0
55.96040028642221,16.898392425538802,1088,0.5112248405989196,1662,0,0,3,20,89.12325073728918,0
85.19373912759923,9.860236259541832,1079,0.5952032640267362,1140,0,0,9,15,50.44754766066795,0
38.76397547749247,17.4166043739539,1012,0.5865906909889599,1139,0,0,3,14,57.94690283651916,0
10.353326404668472,23.933641718102084,1022,0.4160627316400923,1310,0,0,8,26,101.5423176755429,0
74.65707513125672,20.161851832505377,1081,0.6870806978918613,1903,0,0,8,15,81.80648475057905,0
82.91458135261087,1.5661245390001426,1016,0.5968489000789015,1977,0,0,1,21,89.62053561242381,0
-21.529203663572375,13.885441324778878,1070,0.5493536329877418,977,0,0,7,24,47.72691548199204,0
14.502244620026744,8.021167040898236,1075,0.4773380493336178,791,0,0,8,19,106.67509629491379,0
80.64546178345591,22.277888314513817,1038,0.44778468550255107,1732,0,0,9,16,95.43521928544362,0
54.99455817731441,18.374117703448356,1097,0.6290657888678629,498,0,0,7,22,84.75249969449584,0
50.70155643975523,15.081779914525285,1008,0.37932481146170693,333,0,0,4,23,54.925725610991115,0
55.46294737447586,19.778498972525323,1026,0.3666135918278193,1654,0,0,9,23,29.345235403539252,0
19.620666756707315,16.782595088049362,1096,0.49505732854000917,1233,0,0,9,14,69.68178727667427,0
25.193589378804198,7.972163028752568,1083,0.5972166109503197,908,0,0,3,19,8.348152431304811,0
26.22437784701898,10.700391220769225,1035,0.5318320188336219,91,0,0,1,18,56.80113155657287,0
68.3175723585147,20.168069717305997,1054,0.6831533055063144,1326,0,0,3,23,51.40394533101242,0
102.64799214941725,11.966070897389091,1027,0.5377464753912766,1618,0,0,2,19,35.995450689627,0
-22.7163797988687,15.812032808612116,1046,0.7288475007571338,910,0,0,5,20,40.18656171335923,0
36.00513862315406,0.2545781608876654,1057,0.5096368035136223,563,1,0,1,14,98.5299725444163,0
-17.48297362602291,22.642256790006797,1003,0.7082617594516926,680,0,0,7,23,37.84489737661417,0
14.331097413951142,18.87467575666616,1082,0.4555957804147396,1294,0,0,1,13,57.308612270780856,0
53.39811231613293,4.552712756403079,1050,0.48877722303173665,1915,0,0,2,22,17.77492384086125,0
1.9728806457045351,4.412297445343147,1034,0.5199148939882131,743,0,0,3,23,42.02749163191524,0
48.18017558556138,12.946424531710466,1019,0.603663915849819,1749,0,0,3,27,61.197408955560384,0
47.7270714039362,10.409469189503465,1071,0.4268390813659091,1250,0,0,6,19,56.495176843306226,0
101.21989428677668,3.118917697846104,1029,0.4346763289627265,1915,0,0,3,22,69.70228429053849,0
49.60086093864094,13.667804124480234,1026,0.5182827615829735,1622,0,0,8,26,43.04604210646416,0
61.7541201620764,0.32826362651145935,1046,0.631273860187044,1084,0,0,5,23,74.22206790289437,0
79.87081263111085,18.038516839755427,1016,0.32940456114886313,1332,0,0,8,22,30.392154325960266,0
91.31542809513684,21.728421655848887,1062,0.47642262313752076,1203,0,0,1,17,60.7653719397975,0
98.79292203826577,14.779653594956887,1003,0.5617023247850313,1030,0,0,8,18,90.76745889016705,0
55.830003900147,3.692711266892089,1066,0.48381651079613675,1868,0,0,6,18,105.40309137739305,0
206.48680813586213,21.937819878030602,1024,0.9336693804327655,1482,1,1,2,3,191.56942682744594,1
73.39485922265149,13.480640996435394,1094,0.3208483909523513,634,1,0,8,23,103.6690803109476,0
52.99478945299304,6.290253532318888,1042,0.6469825190460083,917,0,0,7,27,38.18775101623566,0
42.429394936211374,5.875457761461618,1028,0.5637951389329466,408,0,0,7,14,29.339864742546887,0
81.25173992176553,0.15574851328793304,1062,0.40015792438765646,1276,0,0,2,15,102.29852201810863,0
58.513640835142404,15.804154732617508,1089,0.427239523644184,641,0,0,5,17,27.463024931195733,0
58.14485932476944,8.126063326597766,1060,0.46273918428773636,432,0,0,8,17,92.17464077929088,0
-10.115870932202604,10.186413332581896,1015,0.3761154798604232,1860,0,0,7,20,63.105419163866955,0
45.57979320135481,23.433974982571886,1068,0.3558455659496867,1582,0,0,3,25,82.51132609826854,0
17.134418334633132,2.1939971787484245,1039,0.4956340872182529,618,0,0,1,17,89.3082059373222,0
184.74311177379604,6.690152488883721,1082,0.9392838279183594,131,1,1,8,7,200.90906919815365,1
63.23921455097737,14.792551766376597,1089,0.5494084467741758,1740,0,0,1,23,39.14149120649918,0
67.60571281400811,15.430348995858239,1066,0.4686985504604321,1886,0,0,8,12,16.802292456214467,0
65.29067693673969,16.45623927200866,1048,0.47839996969987236,96,0,0,1,21,86.26287926095588,0
27.230879032899658,4.329114453001712,1078,0.38753028113432,1635,0,0,8,17,37.687207801374285,0
15.449566728969693,17.94412248192379,1018,0.4515051792658994,1930,0,0,8,13,6.441039232073557,0
67.21301329705702,15.015409645245066,1073,0.5908585862124178,1097,0,0,3,16,60.72186858435297,0
42.719561695639,4.345936855390585,1006,0.42829713918302137,534,1,0,8,19,53.64009504936214,0
36.67120219771665,22.87901751279096,1080,0.6968553237289785,126,0,0,3,27,91.79648942213689,0
42.11327512375197,14.39136345765519,1029,0.6021766988989758,580,0,0,2,18,68.7497615882161,0
51.9767482580672,11.056932646112918,1076,0.4894618363514238,328,0,0,4,18,59.31366774340213,0
77.06814199830357,11.001931963012746,1087,0.48749708775341277,375,0,0,8,13,54.823537940861534,0
15.407470047806534,8.181257387260429,1038,0.5675181870008256,1982,0,0,7,25,94.0299227185127,0
58.44045042468731,14.977402626656367,1099,0.44378789260840923,386,0,0,1,26,89.62763701283139,0
50.574433322472565,8.313583674308456,1018,0.4015693247528556,1037,0,0,2,22,42.310114895849935,0
55.43753487806151,4.301036389464617,1068,0.32063232296840616,383,0,0,2,19,53.51338729384045,0
60.236475274761,14.585345948091032,1081,0.6073624311849634,250,0,0,8,23,76.61844812388259,0
-3.8167749360367083,6.013105414347078,1008,0.6414227899874264,167,0,0,6,12,60.790052230204836,0
27.35401410284237,10.794670597576875,1092,0.5075267961132759,640,0,0,9,18,130.8083820407697,0
44.48049990941963,18.287273870331685,1076,0.4554518332519738,1024,0,0,5,18,69.90928542156948,0
36.20706152508571,19.328584083882618,1039,0.7431558639094165,1233,0,0,2,17,59.44311999320114,0
2.482915295428299,8.769747141637364,1019,0.5032421128596529,1623,0,0,5,24,28.13749720542023,0
87.67268376720563,19.858697663510718,1016,0.5510422614596342,1708,0,0,2,18,30.016268495457712,0
38.61126509969498,12.69107068328997,1057,0.5999575821788464,559,0,0,2,17,84.4281962254862,0
69.44841301531577,2.9490139174596637,1054,0.4228044480624776,147,0,0,7,23,46.73074186202715,0
63.252402091326715,3.0738842156371025,1063,0.6041490693775178,1557,1,0,4,25,73.40548998014475,0
50.990699215791,17.285889618599565,1074,0.545661085737659,1652,0,0,5,21,0.808437742311277,0
59.04221209343352,7.564288692381335,1086,0.5854057002780346,1015,0,1,3,22,70.03201715424235,0
51.47924994560668,0.978558584192915,1094,0.4606124585928728,1566,0,0,2,25,95.55956299016431,0
89.07771190358694,18.621529977340426,1092,0.7608043045667991,728,0,0,1,24,84.50455335601964,0
77.84737074032974,6.473208097980932,1040,0.4217745314846312,333,0,0,8,19,64.56538859380733,0
99.17350416332202,1.6928230856957258,1094,0.49992551849434835,1214,0,0,7,16,52.05387304471799,0
46.105379007997215,16.363123470825276,1021,0.5452506160592903,1838,0,0,4,21,46.36160390229453,0
52.51617505282801,1.2487163267962806,1063,0.4155351166810642,358,0,0,6,20,76.13867820984552,0
36.11790056010986,21.888824808799264,1000,0.4459508937885884,339,0,0,3,15,7.842200791974932,0
97.08885760818478,0.23985059660569874,1084,0.6422435980532606,1227,0,0,2,14,48.34517525127423,0
78.73796165647052,20.0430279202369,1070,0.4874261182615177,1134,0,0,6,18,55.1022700026486,0
10.026549563163023,16.983705194834883,1076,0.45377370682358764,704,0,0,1,21,73.98536721066002,0
34.266555912120445,10.301058709000793,1032,0.4941770691375906,1968,0,0,5,20,50.16479609344986,0
67.6495161945373,4.022742147519105,1002,0.48191641742282193,792,0,0,1,21,121.49332317015349,0
2.0181571341706643,12.302015206421595,1098,0.5763232202054925,699,0,0,4,11,83.39083859998114,0
60.575149050706386,3.590343747541401,1010,0.3475235124773386,1463,0,0,3,18,47.48461511787291,0
15.369119953010468,2.669197800053169,1031,0.4790402548068211,994,0,0,1,11,43.78991143300099,0
33.56012543776586,8.978537695596133,1049,0.285552626997161,1225,0,0,1,28,94.92645223303204,0
46.14805202247173,20.99928490746869,1028,0.6137323793288161,1994,0,0,4,11,72.75408309071709,0
89.5279260682388,19.21496775390757,1098,0.5298013605597782,450,0,0,1,20,64.03548632334807,0
38.34444640733342,1.249257560815371,1041,0.3991440531389351,1608,0,0,4,14,56.490001296263486,0
19.881278837555044,0.0316768556239122,1009,0.5028467740316276,147,0,0,8,20,57.71221296708385,0
20.428218609933687,14.95818023215515,1027,0.4178818350731166,789,0,0,5,18,105.36384265636562,0
37.55251165639018,15.000551974355808,1000,0.6235525136237807,884,0,0,6,19,55.691100786693596,0
65.30472406745551,5.309648350029651,1092,0.6165767621308091,889,0,0,4,18,125.20457884309747,0
38.19410432090814,7.8794945650191295,1068,0.7300406423295658,67,0,0,7,17,77.48178278597945,0
42.53107554562779,22.63591506848038,1027,0.5354274517796255,1609,0,0,1,17,50.71227097632845,0
41.013517664024235,10.929667285191943,1035,0.5668260365947747,1882,0,0,6,26,36.66217064267167,0
49.2762473866999,4.071865950161253,1024,0.4437498533834654,779,0,0,9,23,62.16624205791734,0
21.862232703908035,1.223376858999873,1087,0.45004914471632523,1200,0,0,7,19,82.95597910044565,0
22.915732191116007,5.379172311841889,1012,0.4259468617869781,1114,0,0,6,16,30.248739950643063,0
17.08092417101468,1.9179626243185615,1038,0.45786441478773804,277,0,0,1,26,39.83386506251901,0
116.32069178047293,17.850304182069365,1075,0.4184862194833603,412,0,0,4,19,117.78977505619469,0
113.73668689487042,8.515234062752963,1074,0.6121365403467165,450,0,0,7,15,80.89698846184756,0
77.73901048738307,19.125877577823115,1014,0.47334927911120356,1439,0,0,1,26,31.754446043102803,0
-40.22897019081272,10.15483674114553,1099,0.5815572859614727,1053,0,0,3,18,79.39315935263032,0
61.720877627844324,5.528995736784577,1045,0.5589547862982158,1854,0,0,4,19,58.757341118503234,0
33.23612543345128,7.7007610805752735,1030,0.4787293396923282,706,0,0,5,17,98.41921838351959,0
79.21178692557103,11.882218799835748,1017,0.631437044960689,916,0,0,3,19,51.29521280142576,0
36.111814639242255,17.631707948473533,1080,0.5808077343594071,834,0,0,8,24,78.87814999925719,0
89.87457590397294,7.406584359250479,1067,0.5736346053614005,1092,0,0,4,20,47.77831538592599,0
56.017075916928285,18.969966007661046,1018,0.4107752568173666,1378,0,0,8,21,29.8968620256169,0
64.63324463253015,23.901270618233177,1067,0.2961870415641519,790,0,0,8,21,34.35431733770472,0
94.52348085607895,21.102543388389822,1032,0.4772252523568418,382,0,0,3,29,66.05342024770194,0
12.812359624249154,10.897566151968292,1003,0.1456681077894471,1424,0,0,7,20,60.31744453949137,0
67.13672630708719,21.962397782588706,1099,0.26463599445559716,1185,0,0,1,23,46.53437962183664,0
90.66718807131045,12.274628014022952,1030,0.5541545929510148,157,0,0,7,29,61.61786479779643,0
55.545083710846214,1.1023207734981595,1056,0.5130831852919898,440,0,0,4,16,69.90556509767477,0
36.06787213071837,6.453703309475554,1044,0.43556965547478615,875,0,0,8,14,60.340110705588536,0
-31.226315661435322,21.487075539752134,1060,0.6406123851310541,187,0,0,8,17,68.7800345032314,0
58.84914367126465,19.97968259087148,1004,0.3898312996994483,824,1,0,5,13,51.28403875707548,0
69.24624934808035,9.389235960994105,1006,0.5036600432554316,556,0,0,9,26,18.08364314563837,0
35.63754135009568,10.376345720115157,1044,0.6524305750419597,1199,0,0,9,14,26.303708819990433,0
84.6802000835338,19.268792937541107,1013,0.4477374431968141,159,0,0,8,25,39.313341862305556,0
12.928909338517734,16.51289120527509,1080,0.2862435665093918,913,0,0,2,22,54.700318351767116,0
-14.070226419360864,22.45572310582907,1066,0.5937226832734421,843,0,0,4,25,39.57803339340347,0
57.90461645993179,10.077781144763222,1062,0.6041944149602155,166,0,0,8,22,48.33499446007765,0
20.598130944781577,17.893630841648424,1099,0.4962095179870134,102,0,0,4,14,66.32603514937567,0
49.33909782449179,8.987205339133281,1017,0.3788637759191104,212,0,0,1,21,88.43435328464776,0
51.31486398381285,2.803495603490944,1092,0.4544269281264772,1183,0,0,4,16,11.097414025204785,0
33.599597462382036,12.184411791242027,1088,0.23553041057905882,1248,0,0,8,16,61.867879546996534,0
11.510233274342909,2.26696923044926,1043,0.4262621449207948,270,0,0,1,10,47.668639027668405,0
83.36301857664016,19.738185229915402,1057,0.5334726925908286,1813,0,0,2,15,94.04058042290745,0
-5.256933188735722,5.50604823637712,1012,0.5103273972654774,1135,0,0,7,22,25.036533579883894,0
67.80618296879572,17.21479132637056,1075,0.37817775320608915,1143,0,0,5,22,69.57410961720066,0
59.01423078832485,4.0825651682898245,1071,0.47489505989763875,124,0,0,4,25,69.97752708277044,0
72.91581054900269,1.9958815951791573,1066,0.6403759321545646,1183,0,0,5,23,43.08393043011468,0
74.39841218193779,4.414744947854919,1053,0.4805132942104335,272,0,0,5,12,77.91698770671294,0
91.97683850213478,3.810630870894294,1016,0.6999180231603012,576,0,0,2,24,39.272637246449705,0
58.32657540480595,1.8140422177307354,1061,0.4059875250812408,605,0,0,9,25,83.28542470337881,0
15.974865641666284,3.783221561203627,1028,0.5890111919234424,42,0,0,9,19,38.73683849967087,0
20.19220988205656,5.624918073691338,1065,0.48504110617758267,116,0,0,9,14,2.42483992735346,0
77.84271832973243,9.673813024805472,1071,0.6742738197275664,521,0,0,6,19,80.30273545930842,0
30.59189666883278,18.585564888414133,1011,0.3905621485415198,1337,0,0,6,18,70.71054098089316,0
35.00386896484903,2.647735125097875,1009,0.46971847788100457,1202,0,0,2,19,45.01444429434393,0
44.20087320656091,20.648408035405357,1098,0.5772563621236577,1093,0,0,5,16,75.20106898666573,0
34.670324894128186,17.688621738968497,1059,0.687421593070235,1118,0,0,3,20,37.60914777662375,0
68.79840911789212,5.679729107513132,1006,0.47551104686441614,956,0,0,7,19,47.211401122923384,0
55.654272830543086,10.82859073329215,1092,0.49184688548399075,1192,0,0,4,25,80.7899310228346,0
77.9777249561927,5.539626844506759,1063,0.5139559294665395,1951,0,0,9,29,69.55905258231553,0
30.87537695524965,2.6999509875332492,1016,0.37210532196726764,300,0,0,1,24,66.77496670169111,0
66.68690028201979,14.989407262017467,1018,0.4504000571770934,1959,0,0,8,22,70.23572648591703,0
-3.052462769142174,21.831310135359743,1057,0.30837048638729947,933,0,0,9,18,105.6512384828221,0
100.89369104870114,9.887032317499173,1004,0.46555248631692475,49,0,0,9,19,34.95509713889317,0
205.03790831495837,21.89097542887992,1044,0.8342423193312215,1318,1,0,5,4,187.84563261174904,1
6.742689316645723,6.204593725078908,1036,0.5058811107247017,1920,0,0,9,25,76.32745690137023,0
38.66705337432569,14.131797437959037,1031,0.5355066810987923,630,0,0,2,13,77.54196303459048,0
73.25466482104349,23.05441944030051,1004,0.3657676974128341,222,0,0,2,17,54.72004795108198,0
75.91770649887337,6.25044560216406,1059,0.5528334959144823,329,0,1,4,22,41.192953780698616,0
26.634888715386957,15.166391108434668,1023,0.5258151110090054,1991,0,0,6,21,64.1928453169843,0
45.97459367969226,22.760729544515527,1006,0.42230110012663,501,0,0,7,18,-1.2062755080739507,0
18.232772388301985,17.043405181500674,1010,0.4560090424643036,1555,0,0,9,12,128.06325275512086,0
59.27140505072104,22.688831395488062,1071,0.5308731352530855,1117,0,0,1,16,75.55586278245384,0
27.934101722307002,18.312465547576018,1059,0.5696814029439013,1896,0,0,1,20,49.783114900668565,0
64.46746858041972,10.496670997502754,1037,0.5588684136527147,670,0,0,3,12,19.11123471516651,0
-9.019751926779833,18.739820001862277,1080,0.6489210542182205,1936,0,0,3,26,73.45861819136637,0
36.79866539909049,12.358736436346675,1047,0.3193541169833835,1275,0,0,2,21,136.76138785300623,0
113.74314209050885,23.38878128789699,1077,0.6426577827152301,940,0,0,7,26,27.88401092766044,0
51.02088759040043,4.442609530268286,1066,0.5816851622569716,483,0,0,6,23,120.037858851245,0
-38.62746823726094,9.642845883906215,1068,0.6224298601291038,1285,0,0,2,24,51.63786029263478,0
137.54520665180277,8.853550644494245,1019,0.5400617408864077,1830,0,0,1,18,62.220482112114965,0
51.753484421169496,16.251478495899917,1045,0.4016392962610527,1911,0,0,9,15,53.06429037526703,0
75.35473913552966,4.541702461085958,1013,0.39761255250801175,232,0,0,6,26,-5.386184488655331,0
39.16972330242291,14.160299238568701,1092,0.4033982627785686,746,0,0,4,15,45.208115601477104,0
24.317485222733982,4.34520865133154,1028,0.5816277700182567,1255,0,0,7,10,75.66577656372439,0
75.74417212802048,15.571821036014738,1094,0.4669570819858007,223,0,0,9,19,47.939372115589,0
25.469528101845988,15.036079374386313,1060,0.3555714458446123,1117,0,0,6,14,78.77989110306325,0
31.09252114986691,15.251592373115717,1028,0.4297733703477069,1222,0,0,9,22,50.32566500418951,0
95.59856017742898,16.716739046501335,1060,0.5690796521028734,1386,0,0,8,14,57.877648166956206,0
38.67729796609011,6.5062786339171925,1089,0.7015601544867188,78,0,0,2,22,76.88506725949212,0
28.3936393697963,11.438116294071232,1013,0.515712444461512,1034,0,1,9,18,61.39058935519131,0
93.4083243916094,14.377716248045772,1056,0.579541920279442,446,0,0,2,22,11.345613840976569,0
56.289782458238776,11.357160718034521,1051,0.660629664296155,995,0,0,3,23,24.419028059471373,0
49.928932516015756,12.889781181679826,1075,0.47798548130128815,466,0,0,1,19,50.93390116095789,0
102.56811330270868,7.234197883165403,1082,0.6051161042531408,87,0,0,9,11,39.89983094624398,0
7.855491682174794,18.134585124043156,1089,0.4427777393746845,381,0,0,7,22,26.3449987630339,0
47.351538549462354,8.675480018262613,1033,0.5621704172231715,380,0,0,3,15,18.844799472601615,0
52.38720604826497,21.609727645561613,1084,0.589149703452082,1477,0,0,8,24,82.01124707462128,0
41.066115313281195,6.995208578336089,1068,0.48635032424024294,754,0,0,1,16,89.74317886562781,0
71.47202723512521,1.5577607091520758,1024,0.46018940279926623,1963,0,0,4,24,89.17202600374483,0
101.1377627989213,5.699440680134978,1016,0.6726148218116985,1238,0,0,9,29,91.08021348173244,0
49.29343547377286,12.096912183090176,1079,0.39565711772705947,708,0,0,1,26,66.82949035158147,0
46.81728093975739,23.88074940014485,1022,0.660018735654148,1900,0,0,1,27,42.50792045127682,0
39.67705915213001,14.780052371146372,1060,0.5923807420117193,1468,0,0,3,18,85.19599879531357,0
91.93532921094496,4.415483942661811,1055,0.5560688003063844,233,0,0,8,13,77.02741596234664,0
190.02652859528885,1.4971825821420204,1082,1.0297986577445317,1961,1,1,3,3,202.1234235769206,1
44.98645759049437,16.3568400050033,1020,0.4649334126173343,1080,1,0,6,20,5.992923760209017,0
3.104275739100288,18.44075982462241,1052,0.591414770632165,969,0,0,9,23,55.17488098060085,0
-4.890454456242487,2.730281321061039,1014,0.5389952104696839,774,0,0,2,24,70.82967350250944,0
54.26133436491636,12.597366786123615,1059,0.5081444006989742,1202,0,0,8,16,52.68335050264908,0
31.82960000192606,14.491218432292534,1023,0.5113661645093648,715,0,0,5,19,38.28615624546627,0
51.04141246257686,3.647100621077163,1037,0.35479044320004005,596,0,0,7,22,38.22192477900677,0
38.34295338526391,15.919628248187543,1048,0.5047006559872903,1977,0,0,6,27,-19.366093827701647,0
62.474081771613356,1.9549011536256096,1058,0.5130458522114987,1699,0,0,7,27,52.608517373260675,0
6.643842067633237,13.772706575103605,1026,0.48211885720857045,1460,0,0,4,19,110.08316475123411,0
106.71322055467348,4.932923296691675,1094,0.4327450027880229,539,0,0,2,17,47.28333323190548,0
-9.278898996748588,0.22998450511573498,1066,0.5390187894677834,1696,0,0,9,24,63.941102332926086,0
74.61446543592092,12.002216058773598,1011,0.520419501287656,1744,0,0,6,21,41.21364209993891,0
24.55803205908474,23.418944072258753,1052,0.3726717737007455,1678,0,0,6,14,58.00991712897488,0
56.16367061108909,6.459687383306154,1098,0.5526935704852428,544,0,0,1,18,92.33305232184239,0
42.83742193809697,17.214520540496064,1083,0.4030712139835424,1657,0,0,3,17,65.84724457979445,0
39.62242012858488,11.482484112981037,1081,0.6816666501198463,1893,0,0,2,20,82.89086684466722,0
57.42441642920314,17.68751029730764,1028,0.3292896644504498,893,0,0,5,19,70.14140376232432,0
14.845060985824247,15.249589379498694,1040,0.42357745368078675,385,0,0,9,12,42.09155380532145,0
59.03322017575226,23.020643675004518,1039,0.5378941427479795,917,0,0,7,23,68.6421867411173,0
55.45598765175485,3.8624882688580424,1087,0.3551646407554171,478,0,0,5,23,81.94125098746603,0
56.94337767576717,12.731112000979568,1037,0.6615270906698966,736,0,0,5,28,55.38129660152227,0
76.62511902242179,1.3919417393450022,1052,0.4968981647986376,1648,0,0,7,26,59.17758755522095,0
66.74980737565167,18.94652157157092,1089,0.5202302782340837,530,0,0,3,28,113.57682943181916,0
97.46350253910703,17.43517329104475,1066,0.5931961831913218,1073,0,0,7,16,45.03890555200898,0
43.46956390318339,6.207365679295719,1067,0.3787608003335657,1397,0,0,6,22,17.522966205593853,0
83.83364081334938,8.29064662705234,1063,0.32571900232025686,480,0,0,6,26,91.6021263889822,0
29.052144537458233,15.115439656946824,1046,0.6534725155232627,491,0,0,2,25,41.545418572131766,0
38.01603528581441,21.961083027471677,1031,0.5057364454834802,1806,0,0,3,22,90.16537140423195,0
70.16880224121206,12.097704092560157,1002,0.4691714119929783,1181,0,0,2,18,66.34802576814513,0
24.314904780147497,23.09433787284413,1099,0.3932989017430856,760,0,0,2,16,57.27775595795897,0
20.460356454582126,14.895286850898229,1073,0.5120534229785659,76,0,0,8,22,74.54382961035253,0
14.832987396900798,6.946780663304864,1013,0.5945637987903081,1678,0,0,4,22,30.687753917635465,0
81.48658145958005,6.984080721606757,1087,0.5604365315869471,129,0,0,8,28,59.25992549303008,0
115.80348650865157,17.08001224765629,1038,0.5380379927671038,1707,0,0,6,15,16.522066738962522,0
96.00301103888977,17.008902941127516,1031,0.49605592310183205,731,0,0,2,25,38.793474280207846,0
51.40804706181109,3.640958772093562,1078,0.5070063330153196,196,0,0,9,27,76.94626793211943,0
26.522259123556005,14.66226294691269,1066,0.4344722719972331,1254,0,0,6,19,59.47752842025613,0
67.62175099418036,10.554444093315446,1093,0.5426073269397624,695,1,0,9,13,54.106477395395565,0
1.9645640356528133,14.659732971934236,1075,0.6966306765439781,45,0,0,1,23,73.4722903630934,0
7.534277992588805,10.36620291230214,1089,0.5521329061827925,321,0,0,5,22,65.88899986520828,0
26.65715642501857,1.204052243968528,1030,0.309915604262874,145,0,0,5,13,78.92364808555888,0
5.082270644640666,23.40718892759712,1066,0.6019267921442816,1867,0,0,7,23,55.722955666853586,0
56.025352793471285,11.50670948968814,1029,0.4981300795763999,896,0,0,3,31,7.295209281330173,0
52.91232648044121,19.02826881209093,1087,0.5855486325018558,999,0,0,9,12,55.812479679238265,0
63.409451510295554,19.847445053302735,1067,0.3965584727347239,961,0,0,9,26,22.121417721132424,0
64.74336532683206,21.171415541420664,1004,0.5082130225604145,1001,1,0,2,16,46.08729392948055,0
98.51134773565047,14.364313907202606,1070,0.534545902912456,1000,0,0,1,18,98.9936288227541,0
65.3160613535371,0.15478663115282032,1014,0.6527769146258143,670,1,0,1,25,78.91769867603377,0
20.169518761744634,14.356653084429444,1087,0.5245603886319095,1882,0,0,5,22,73.14757976322994,0
43.11354033918959,1.1818656337989388,1068,0.376661440764433,829,0,0,6,16,30.275451282963864,0
106.13223446924343,0.7737688799173066,1042,0.4828850205440889,1512,0,1,4,18,61.609773389645426,0
48.568659315740604,21.187483172816897,1015,0.5219544009624872,44,0,0,6,15,23.747458736069007,0
109.50900957308059,2.304264290727633,1027,0.49670320099669146,193,0,0,6,19,80.92276541764357,0
203.02394344116263,22.17200208307002,1039,0.8223860791851976,1552,0,1,8,5,153.7114887333432,1
57.56721189280032,14.932743510723194,1082,0.34039884690275296,1298,1,0,5,25,51.16686267933521,0
71.67340955662938,11.089435245471126,1070,0.5564103228514199,883,0,0,3,15,68.02719920063603,0
72.0686599173724,20.026798976346313,1097,0.4793295829757597,268,0,0,5,22,98.05113277763701,0
36.161988485050784,8.323377583629693,1010,0.6134085930192912,469,0,0,7,19,47.66573580567913,0
45.07551761834678,1.0432415837691558,1017,0.589116913316257,1924,0,0,9,24,53.137694682778026,0
-18.573317334848497,17.19106393168412,1065,0.4511098087470731,1988,0,0,4,16,53.444186728574465,0
5.643591890036035,5.754713732257139,1077,0.6455247219182058,813,0,0,3,19,1.5194680020558806,0
46.22639239701056,9.776038092078256,1093,0.5788032637286389,355,0,0,9,16,63.34744960539312,0
40.61490580845434,11.2454730272019,1004,0.29974112900242833,589,0,0,4,17,55.66542499661769,0
29.49097153140837,13.107710188972714,1099,0.5595517583147117,1341,0,0,7,12,35.711357049309804,0
57.48644568794231,4.732941533544019,1050,0.44758082862537196,612,0,0,6,24,60.34760541324904,0
36.04772161396982,8.151487753728354,1004,0.4981834248490893,1998,0,0,5,19,79.93203001914273,0
53.09353777151615,23.041398618354563,1082,0.46063679214783143,1056,0,0,1,13,46.43907070164986,0
87.08279525631312,4.045659465410707,1092,0.5351784802489353,136,0,0,4,19,72.80001871290158,0
52.989540952629234,6.945723136905904,1074,0.5085871767490829,1169,0,0,8,19,85.70059373001041,0
64.41760275283139,3.848618534493605,1016,0.6660891417849305,1709,0,0,7,20,62.36621607018073,0
46.38856508139205,7.412251419419019,1019,0.41993325056800457,892,0,0,5,25,58.797973092866755,0
7.511934219781779,21.450180198649115,1075,0.5759752763107358,1735,1,0,3,25,69.97515491009302,0
14.616210064766591,0.5945790464252099,1098,0.6024340743109398,516,0,0,8,10,73.53328603631357,0
66.68066290526872,10.157746595764475,1043,0.4275529505978976,1517,0,0,1,19,59.557006620771475,0
56.21801988196832,7.3906489838863685,1046,0.5543245910574207,508,0,0,7,11,78.77795376947994,0
70.63798916154285,9.761817292591473,1093,0.5907853568807877,816,0,0,4,22,130.78867634270264,0
80.76896341617747,23.776693581580332,1078,0.5897033666534552,1512,0,0,8,31,56.653698593807555,0
36.08436711482163,9.498499972008918,1080,0.4888036005006744,1331,0,0,3,10,22.89826909021697,0
20.525378193850713,13.376281553195204,1050,0.5676762495997665,945,0,0,5,20,81.46061281789298,0
82.82538642564427,14.561944567812736,1092,0.4418970255905438,1740,0,0,5,26,33.25382896639442,0
21.315928911243823,17.757809078133192,1044,0.5550209902468957,1977,0,0,9,24,67.72552132397007,0
64.37009430178277,10.86601564459286,1006,0.6441208799273878,640,0,0,9,21,104.28628467692752,0
78.42579386368574,10.315624755393166,1088,0.500498650367355,970,0,0,3,26,79.0922357962663,0
174.63840693549145,4.471646758676001,1069,0.9290964193858358,1429,0,0,1,3,142.9814868466809,1
115.88669426458398,7.458280688938113,1086,0.5219390402682448,1534,0,0,9,22,89.53170652561408,0
60.0298116366051,10.11748214680607,1057,0.39891348611473526,1059,0,0,3,17,75.024184467325,0
58.370645773110176,8.557349368520551,1079,0.5663212810060283,1867,0,0,9,20,120.1915360756424,0
23.045960546268883,5.087556499182273,1027,0.36707710937300436,987,0,0,2,18,66.22497772777406,0
91.9845928091703,10.061686595936642,1016,0.5055320654408942,686,0,0,1,19,88.36182161146513,0
85.91740770935684,1.6681871163646376,1050,0.48534962009920235,1387,0,0,8,20,52.26882997271985,0
109.47411350506783,0.001154973463481923,1016,0.49054055057606005,1556,0,0,1,17,94.93052460017336,0
40.50774650915594,7.001373292328662,1038,0.49927816126373564,1339,0,0,3,24,53.08814589707517,0
63.99333790520784,8.253452238056795,1063,0.35675664642058086,1717,0,0,2,22,120.34814597937,0
67.193834397236,20.780195410078612,1067,0.5908612215167,1148,0,0,9,17,58.13568387641659,0
86.01241723833276,23.369957138831055,1089,0.5668886091699052,1884,0,0,1,15,73.78459180065865,0
63.74504344366096,6.068068873794961,1058,0.45106156846198103,1278,1,0,3,18,40.97217735295715,0
64.47417245729557,21.492482889139826,1077,0.4312358305780485,1174,0,0,8,19,40.86170312347275,0
25.820248068217538,23.917361741633982,1012,0.4870043153538102,1319,0,0,4,15,85.85681508493188,0
65.71881536230204,19.57478196832866,1035,0.4182466589451589,725,0,0,5,15,83.90185560387116,0
49.42633460438878,23.5016062519247,1051,0.5278882451447707,1937,0,0,6,13,96.13816210300385,0
55.5488776202626,19.23620094560342,1084,0.519073071664363,1095,0,0,6,24,90.4558201263205,0
23.48003429760678,17.7101744994924,1031,0.28467532146491925,911,0,0,8,13,56.44751581321242,0
112.73282818197431,1.2831773790150827,1097,0.4570180295209495,364,0,0,3,22,83.42954157592523,0
13.12449206598751,11.311075884799601,1095,0.44011770549219575,1610,0,0,8,20,36.27686170887181,0
81.5232287141634,22.158942437670873,1010,0.5073419031410008,1067,0,0,7,21,77.88726158134892,0
17.241982988140606,16.078232211871754,1002,0.42571103539391836,394,0,0,7,18,85.34060752036218,0
42.04805009334262,10.779324891467162,1014,0.6409787112419028,1268,1,0,1,26,73.83698879760985,0
41.21943623074169,23.171782522506835,1012,0.46634395069066026,543,0,0,4,17,88.67403977012897,0
58.566622245729704,20.07648466674189,1080,0.6883357591142344,92,0,0,3,22,47.171501632132475,0
46.20443309138149,6.152201480334189,1000,0.7129427121953776,778,0,0,1,15,36.997822317072774,0
-10.05220502428785,14.278436243936952,1051,0.432198489588206,1859,0,0,1,18,77.97341243252345,0
179.89766795239746,22.534186620645535,1015,0.9148123096902687,84,0,1,2,5,188.29061611335874,1
75.00586884826774,13.404387675859802,1018,0.5028937871213284,197,0,0,3,20,44.00976765927022,0
5.996444281529691,8.191421771757442,1063,0.5171170323412102,682,0,0,5,30,20.040338432091296,0
89.42679727110738,11.930357848256861,1037,0.3423173618706653,378,0,0,6,21,66.08631351088269,0
42.86950049117047,14.548255338762424,1033,0.3356083886196062,1298,0,0,5,21,23.97542797400181,0
25.73108321222599,9.548592437694147,1064,0.3584968911584533,1342,0,0,8,16,55.834771477764974,0
19.302403298732468,4.592274304844943,1055,0.5397138416653171,422,0,0,6,20,43.86502114635812,0
41.35883378233771,20.516019629696068,1018,0.555249358492037,1772,0,0,6,22,28.346621724826882,0
-17.583801841940172,16.77555366265811,1016,0.5616304145103607,287,0,0,5,23,72.19175776243164,0
144.73313849132893,16.872686796910703,1090,0.4941149834335142,349,0,0,5,12,94.31751179967691,0
-60.65095874285332,19.50552118635806,1092,0.44235320541839224,756,0,0,2,29,51.095481036523616,0
52.535809513529735,17.83957184772651,1010,0.5430224717771259,1931,0,0,6,18,90.0266821623848,0
104.16723298060447,13.088279616037077,1021,0.5084120900271731,1058,0,0,1,21,57.748026144856254,0
61.87410600312227,0.6424940568750683,1073,0.4800116939828644,1669,0,0,2,21,50.069615392421035,0
81.61957313548629,7.592013820525253,1030,0.6615182883132795,1370,0,0,6,27,40.39971398266501,0
124.7655199580206,7.896302730814384,1011,0.2912240145573557,830,0,0,5,19,30.368206548553736,0
44.82112597127496,12.948550644303591,1073,0.21858112809268954,146,0,0,5,25,133.87631159234644,0
84.89491256464879,3.6190275799764358,1082,0.40083575198060467,241,0,0,9,19,86.98306968818194,0
34.27734806196223,7.487317018378098,1008,0.5248658505822255,1484,0,0,8,18,51.6909692064655,0
61.52606216017689,23.802872526910313,1017,0.513670474222166,1295,0,0,8,18,45.18558712984798,0
97.65341528720336,4.830326454261419,1051,0.6807822595865458,527,0,0,8,19,101.34857718097763,0
121.45140595197638,15.218113382738835,1032,0.6195459526109007,881,0,1,1,15,51.22943333496973,0
74.87447105178626,16.50845244101169,1022,0.5785369099029545,758,0,0,8,30,58.54147003516516,0
80.90850362095526,11.878851208919798,1005,0.5798228269654366,1807,0,0,7,19,53.655419990420455,0
-23.221120443252516,8.826592131702327,1030,0.4825253576825871,1529,0,0,6,14,38.132519725442265,0
37.87528521562092,11.01125556859901,1017,0.5180579247058203,1169,0,0,7,17,67.68183758227167,0
64.05620484638207,4.0248666237534465,1085,0.3039217686127694,1814,0,0,3,14,79.76798593853027,0
30.411495325037574,14.329488502629298,1024,0.36572507184428826,1282,0,0,1,27,65.57592088814248,0
86.60848689253152,20.21933108624059,1060,0.44991606285975755,990,0,0,3,19,39.74063516088675,0
-5.155558698162125,0.9373108419013461,1083,0.43859840475724843,483,0,0,1,12,88.66450623135717,0
58.8005610896895,1.728639977528072,1035,0.38537761168545814,418,0,0,7,28,30.003617815846496,0
-16.527732380763126,4.253133798458256,1003,0.5614506409589105,202,0,0,5,16,86.50323744366906,0
12.813131417592814,14.832534688356297,1070,0.7058760786359182,1547,0,0,7,15,57.815737337462544,0
32.316428001838446,18.6982861395119,1009,0.4498501609937915,657,0,0,6,16,84.39823567171281,0
76.30142559158348,15.424665997153193,1080,0.44552659789864224,1427,0,0,8,22,88.74452845517246,0
48.83771315031371,5.842952586527942,1005,0.46316371670665696,1096,0,0,2,17,35.92764106518482,0
14.593047973988895,18.63281908317734,1033,0.544286982079026,1929,0,0,2,22,39.586407159835034,0
32.23277465561556,10.985984817172783,1064,0.31498403153565546,1044,0,0,1,18,115.01892082122778,0
70.53351432909284,10.1272651346098,1081,0.6001929884145019,902,0,0,1,25,26.203598119905386,0
84.60771029950777,6.358341269337744,1035,0.3253034426657859,320,0,0,1,12,48.168065811494486,0
32.65363705340738,18.25095454463679,1024,0.5382361072014392,1098,0,0,7,21,1.0605123170304722,0
42.12021439051497,13.49877459051405,1038,0.550084608686268,1470,0,0,2,17,102.13412033206892,0
55.6874484979623,16.150809605912848,1054,0.5651139903053687,766,0,0,7,19,60.810564959022855,0
62.24758267143416,4.308679019848002,1062,0.331946497463087,1029,0,0,8,18,63.24209033041822,0
61.68842532112711,4.92561424272742,1059,0.40255025361299757,1028,0,0,1,15,50.64660619985186,0
18.910722578786892,11.555110023297239,1087,0.4807893672827983,1901,0,0,7,26,75.35391211104039,0
22.680647384525304,22.9825049067881,1026,0.5576949251099566,72,1,0,6,14,99.90559493735798,0
67.91684654760155,19.379969559759857,1068,0.7080903732077469,414,0,0,7,14,85.48147281821323,0
34.010188417221386,8.486526629675662,1004,0.6050243149758495,1863,0,0,5,23,39.00090310275537,0
19.871283095172405,2.018440107158545,1068,0.44465130882776494,413,0,0,6,16,20.798629884064823,0
13.715691937435842,15.694648132318232,1050,0.39859897697026525,1963,0,0,1,25,23.48940020349238,0
19.227419490791682,17.352826340419096,1092,0.6991365928882677,486,0,0,4,17,67.4098267740497,0
78.48662406323972,18.21033001684506,1055,0.4481625036797191,1676,0,0,4,20,61.460096901115364,0
67.60081404425824,6.779972084336171,1098,0.6701799027006599,1905,0,0,1,27,41.12533728213093,0
59.433337726245576,23.958042964470145,1013,0.6269028166739319,1695,0,0,5,12,34.99915609224236,0
39.25761661462043,1.1193948222194656,1007,0.6659538246187607,337,0,0,6,26,110.48204446060373,0
102.83564374602122,22.144679614904813,1041,0.4499888880457896,443,0,0,9,22,32.676890300805525,0
44.89446132425215,19.95766796075668,1052,0.5375790009572445,597,0,0,5,23,18.510241644529508,0
58.0137995303445,2.437358482300292,1096,0.5074899994628426,183,0,0,7,16,94.1872945333823,0
33.02188607322783,22.033141677154763,1060,0.4913677297955328,657,0,0,4,26,39.698843676545025,0
97.66820985332248,17.372904919553214,1081,0.5380736648770558,1280,0,0,3,31,29.75899311661521,0
37.62758545350559,15.492815781123568,1025,0.6196445086772849,827,0,1,3,19,55.9327771914404,0
80.88813084259078,16.566948718406,1026,0.45121162487854666,937,0,0,7,20,65.08457958163717,0
35.79063627046427,13.899004444892622,1020,0.4824238177981658,1487,0,0,9,20,56.948580311969394,0
22.958729603084766,10.369025124635433,1031,0.6418539972546823,1627,0,0,9,25,28.619048680055865,0
32.0756342592679,14.70386993164798,1072,0.7134318789503835,346,0,0,5,22,59.78571522129969,0
90.77892798094418,9.844920126804777,1056,0.46146421142176675,1913,0,0,2,22,58.441817324062825,0
79.08371601580211,4.124029366005988,1004,0.5671476544462191,1908,0,0,6,31,65.72949775467842,0
32.32663601656619,5.932247256254548,1046,0.59165802786123,551,0,0,1,19,14.258096630361415,0
19.41006983923653,20.683875139790466,1061,0.3332017311513198,1798,0,0,8,24,109.01948565808534,0
94.45882305309607,13.646501125678427,1012,0.5435245133923946,584,0,0,7,21,42.0065238320734,0
62.86903845645551,19.66554827293299,1038,0.46412919697741273,229,0,0,6,21,52.08383523763887,0
85.02529468959338,13.88428301782669,1057,0.5746575698605607,1702,0,0,6,22,82.17173496599796,0
1.7755029631631771,17.39494322869045,1062,0.5676097289762735,1993,0,0,6,22,102.10839211587606,0
79.1423707301708,7.353189451816905,1005,0.603446114549437,1409,0,0,1,20,57.895266024709024,0
22.271947922147852,1.6043332756242252,1039,0.4285098521716701,1006,0,0,3,20,75.7654112996104,0
85.73257564320431,16.861153933290645,1026,0.641343006385868,1540,0,0,1,18,62.91883599837434,0
111.40586587158674,3.0639992395753284,1006,0.53100089081041,1940,0,0,6,18,66.5322650402035,0
48.27143608899244,20.971674630721253,1059,0.5199830095880847,246,0,0,4,22,43.2912063917654,0
45.87654456116925,2.2613370899401772,1047,0.5016020147396443,1689,0,0,8,16,42.79738587517865,0
44.289839657491754,5.123076387335251,1090,0.347177675561456,297,0,0,4,20,32.11182501580329,0
95.05858895565787,14.947654148596735,1002,0.39322631267985664,566,0,0,3,26,81.90617887274135,0
44.69158317517852,7.772391137900276,1020,0.5997564552374245,1132,0,0,9,29,96.7999289588115,0
-13.86202283244436,16.383403234681456,1041,0.48819273470814684,1652,0,0,6,23,6.784401775966309,0
57.481510511322654,20.552978357155258,1039,0.543773017401477,1388,0,0,8,22,99.87716294905977,0
-1.3050517796987648,17.44177356550367,1038,0.41429664185146703,364,0,0,1,17,83.26269143595114,0
-3.2873900039935506,21.423748688051532,1005,0.54994438410162,800,0,0,1,22,79.98916953520255,0
215.8528203877707,9.624913048519893,1069,0.9272361035189416,1768,0,0,1,8,133.58918579520565,1
67.51784555977892,7.338227691444106,1049,0.39443531935813625,1847,0,0,2,19,77.04250768767783,0
87.57039086894025,19.13295772094478,1055,0.4725733991142078,77,0,0,9,18,97.69475547080236,0
42.19891249458666,17.310439043650014,1031,0.435930134604488,1129,0,0,7,19,60.181872801839795,0
-21.882468649912482,19.65476098347213,1032,0.48635972838559605,1688,1,0,1,22,65.2119511920351,0
86.63101086576059,5.729491485867481,1073,0.5956444504074004,826,0,0,1,11,50.748207229492515,0
54.412304823379216,1.7676104305282063,1082,0.5066314303792125,1489,0,0,6,24,104.49325210610935,0
57.23965804750343,4.061942338629469,1007,0.5638535074513759,1130,0,0,9,20,55.874214110396814,0
85.73272049438575,19.890193769840145,1029,0.4588201175082366,450,0,0,7,24,44.539412783785245,0
10.914657094257642,10.779133581443784,1033,0.44619285179127827,1543,0,0,3,22,55.83690523925325,0
89.16436421462987,22.156224682951915,1050,0.7483576181108712,1627,0,0,7,22,80.6863959366719,0
50.639349460158265,12.436438616234636,1059,0.6022323224118915,1183,0,0,7,19,79.45591385804414,0
73.74988081888807,3.2896306209707538,1021,0.6313887815914492,274,0,0,4,22,71.04363094948162,0
-34.990908704282205,4.864125751375313,1054,0.37001127487062124,1670,0,0,9,21,65.20779589018578,0
53.316059524218204,13.599745862449497,1043,0.5286540016877059,1089,0,0,1,18,92.54436556061056,0
37.655205663134595,1.5053181816333217,1067,0.6636387964471373,232,0,0,4,18,70.39010961263966,0
25.225016802858573,17.1180727500305,1040,0.5772981132688517,1725,0,0,8,10,12.04256388898419,0
222.86038100843444,5.803293516671287,1086,0.9618109864245535,1471,1,0,5,4,165.20069208363606,1
110.4582533138192,14.804121042821809,1066,0.5786747631524257,1408,0,0,1,22,93.32192240003347,0
6.02978427973715,13.657756694161769,1059,0.35806891295727594,120,0,0,5,22,64.36338655204258,0
7.219456486386441,8.062110758973752,1012,0.4259025380869543,212,0,0,5,22,45.17908956731694,0
55.84208584156325,0.7587602705098107,1063,0.4788846924796634,161,0,1,3,20,60.807091135195414,0
25.235084096224654,3.6176878327480413,1043,0.5044863037752362,852,0,0,1,12,60.234021660628876,0
57.59495714113943,5.138789841910453,1002,0.41560379624334953,146,0,0,3,18,44.95638143765964,0
91.16813949823974,2.021122897696489,1044,0.36772609140573687,624,0,0,5,14,31.878657237298345,0
63.86310422789812,3.2871629714230757,1064,0.48793291554854157,1801,0,0,9,19,37.04521735356628,0
21.198611141616087,7.440044466775327,1098,0.6024635132623516,1814,0,0,4,19,61.37450354092663,0
31.772936246613323,19.93902534813778,1014,0.5305344842510425,161,0,0,8,18,95.18151375527921,0
33.038210891437956,18.773496011330963,1064,0.4024430579457363,229,0,0,5,24,50.43506195740095,0
-13.169408255209738,5.586712426499496,1088,0.471035924626285,1391,0,0,4,18,62.24181835357915,0
23.960737324150042,20.39311306992946,1047,0.4959201574165371,1288,0,0,5,14,54.623383356774305,0
46.60615842452779,21.418228260864943,1002,0.5334340473737713,1261,0,0,9,17,47.75562668121039,0
33.51379176213395,11.129561662351698,1065,0.46229000980928514,457,0,0,3,21,87.13774511541072,0
40.294551596466285,0.9373482915945379,1067,0.5193683832043431,883,0,0,3,18,65.48291107966656,0
25.21664024856374,12.045556329663953,1067,0.4350693910724151,141,0,0,5,20,73.14291150590392,0
92.93456353285222,18.128208370419216,1052,0.39954013686290657,757,0,0,2,20,95.81109352709119,0
75.22203446388647,13.835036555021613,1043,0.35776750828903425,542,0,0,6,18,93.84894122830558,0
32.2528583349251,7.8528005289343,1082,0.29962616202181624,1977,0,0,3,22,53.267868455070506,0
67.57712603493948,17.91503422132266,1030,0.2583720773001059,1000,0,0,8,21,72.06169255147394,0
28.44667336242692,4.284789708953156,1032,0.7071038667574994,239,1,0,4,21,65.05266374704169,0
97.38716437192137,17.49201953093528,1038,0.3101960824488794,1922,0,0,5,17,37.561031768941696,0
89.68109659966939,7.004447181998152,1024,0.5245726091398372,129,0,0,6,16,33.50667906328996,0
24.645381247215234,8.712034799581474,1030,0.4470159890696949,126,0,0,8,18,60.353080132952485,0
31.745182888063944,9.277388969555822,1039,0.6538692120363512,77,0,0,1,13,62.45460669708485,0
55.360841504314266,11.328179570815905,1098,0.48105650671544015,123,0,0,4,20,73.02656535920445,0
1.4659815855398861,15.267276730275144,1026,0.5085344290510101,1994,0,0,9,21,36.267285414888974,0
61.11020801986537,13.407672286320228,1006,0.44425428696467556,101,1,0,5,11,73.34708871964828,0
40.88821913670006,23.36110069860281,1072,0.2275744234816945,554,0,0,1,13,66.36825011446075,0
96.14109699397908,23.812121146761825,1079,0.5999791285060236,716,0,0,2,28,45.40725279107636,0
-25.953079487524406,12.411743291734993,1085,0.6595883105294111,950,0,0,7,27,40.11564083076833,0
37.03096442571377,1.8076810210692997,1026,0.4666093226395127,863,0,0,6,19,57.301641317962336,0
102.34584219870482,19.138079310931822,1092,0.5815739989253474,613,0,0,7,24,38.757341358115916,0
33.67111561057124,14.625790007911313,1041,0.4255021224356074,1021,0,0,4,21,66.14635539959332,0
20.020933031152676,22.958413626415382,1014,0.5545248098219213,674,0,0,4,18,13.926580534583849,0
54.43462217109581,20.702834442226333,1062,0.5922197845932764,229,0,0,9,27,35.51561941802818,0
85.73519134820287,13.501945290351909,1061,0.6816825601219012,1526,0,0,6,17,76.05599094015612,0
11.955895850740625,1.1164439122816479,1084,0.4891042809127128,1388,0,0,1,18,38.28979665679093,0
30.45929318624513,11.041589734990822,1086,0.4396687924600747,106,0,0,5,22,58.44146285656526,0
62.47510508858181,5.729722688702398,1060,0.6404644256514729,1607,0,0,4,25,41.06653084151341,0
41.69331932693589,3.5230502264871104,1084,0.43652533124758874,1221,0,0,5,19,76.46057954208722,0
108.16786997174854,0.7568310751493783,1038,0.34715441941186803,200,0,0,3,22,74.83222771666672,0
73.04621649895212,0.5193437986839298,1058,0.4374700519920988,145,0,0,7,22,60.42205090411817,0
63.99289947300579,9.572078756154138,1014,0.46372374284559453,128,0,0,2,16,50.36155666040885,0
88.3659743994018,21.02935903515938,1030,0.5068021971071449,1125,0,0,6,24,56.62492368732104,0
75.40646311654741,13.199939651696589,1046,0.659562982076248,1771,1,0,7,18,70.57415936435387,0
64.54198451883424,5.363970104511463,1013,0.5232372965825796,298,0,0,3,25,70.3456626133545,0
53.05365001121982,12.918653749075922,1037,0.6141556393605841,1131,0,0,9,20,32.75696074113537,0
98.46748470644695,15.68556366434645,1009,0.5021584531664169,1861,0,0,9,28,39.273088105901934,0
90.28165584053556,22.77611488014656,1061,0.6306955619100713,413,1,0,1,20,62.586436278557265,0
67.97309995590784,17.623431998606513,1044,0.3918357177368944,1918,0,0,8,23,63.20656925069778,0
30.867800472460523,4.1388441570351695,1046,0.3751638537032843,653,0,0,6,17,29.124089932539906,0
198.34345052754205,12.709705514487183,1007,0.8303371713275423,1645,1,0,1,2,189.68609942974552,1
49.308483317436014,14.509503950501703,1056,0.4629089716938983,1701,0,0,6,18,30.090712263322136,0
38.40375152306721,11.065279932652517,1079,0.391860186651906,1906,0,0,1,16,45.67138437229853,0
29.966613305933414,11.491987579960359,1076,0.48832543547231866,299,0,0,2,16,66.52858910830692,0
64.19712873720634,6.480119915160335,1097,0.6002034914907264,325,0,0,8,18,51.51590239832934,0
47.41790921627321,23.409563462525423,1036,0.5100922763737188,708,0,0,7,30,34.04674754566266,0
71.24643269769672,19.611054772083477,1033,0.5542688729595348,1788,0,0,3,21,122.6118117531698,0
99.88794341569513,11.299185958459393,1098,0.600467614549156,1038,0,0,7,22,88.92535029734663,0
48.03769299213818,20.16975973352914,1091,0.5906650324972798,528,0,0,5,19,73.05409322723396,0
77.1963247132989,10.254760995055864,1054,0.5647601885649131,930,0,0,9,16,52.39434807145055,0
25.889762960908076,4.843189952212565,1008,0.6332328273841404,121,0,0,6,19,43.64142680591111,0
55.852307762678066,9.978105304214445,1019,0.6046373058769305,1833,0,0,7,22,42.558768961603604,0
47.244657069951344,9.20404514678177,1018,0.43583192122255554,103,0,0,8,20,42.127198311560434,0
60.99794738290545,17.10523207100519,1015,0.5153708415388598,96,1,0,3,16,80.97353687768484,0
54.99356624639168,23.010879454569793,1061,0.5664383059456829,569,0,0,8,21,95.27904349537309,0
4.908594219275585,8.132230837992498,1067,0.48855523046050425,1824,0,0,2,17,34.894935898335746,0
66.0309469590915,5.226302845176427,1017,0.5139020402207091,646,0,0,7,24,84.88671146961858,0
102.48751712616263,17.56722812046509,1005,0.4844170713505851,754,0,0,3,17,69.55766804311065,0
82.11831679937558,17.035849798077024,1005,0.3860931323612448,478,0,0,5,22,61.74721937912368,0
66.70624167104437,3.7572161982685364,1069,0.44377978784566624,1286,0,0,3,18,39.73874760260705,0
36.38325751540615,3.1092897062518947,1058,0.3651505401685935,1589,0,0,4,23,90.8269203160607,0
44.71662698120412,1.5293598405292386,1022,0.34474314512986937,1041,0,0,7,17,75.8323885098489,0
52.45488075642695,7.543557089392613,1039,0.3583634779956836,850,0,0,8,22,76.14751733865144,0
94.34215695069332,1.8417483298861494,1058,0.563470325573233,1244,0,0,2,11,58.14497362014331,0
-1.018817489541334,11.411611348398882,1087,0.4048978949732287,1278,0,0,9,22,68.4936430418332,0
98.22734919198531,0.19090035068497535,1091,0.16362739268027487,1441,0,0,6,28,126.62920563491006,0
54.2294809883618,19.19739130245161,1033,0.5907018971448739,604,0,0,3,18,48.91514842520654,0
63.61715688324041,7.799697829370068,1002,0.5285747118404488,121,0,0,1,15,17.971183084291987,0
43.22579752771875,16.4901233304889,1028,0.4953672898814014,496,0,0,7,30,57.329789500912966,0
81.8856107909965,16.140272863137742,1093,0.7073956984329219,84,0,0,9,20,74.92496327555358,0
28.185884725253942,0.11519579561689763,1085,0.4961691940264246,1554,0,0,6,19,44.23752940763697,0
57.766625471381175,12.212439485997155,1035,0.3897293651188389,1596,0,0,4,15,19.34893363955979,0
56.9210271715605,12.523993163876394,1022,0.5922686216978571,524,0,0,7,16,54.35698997362983,0
99.9119849643042,10.66404400999128,1032,0.4837863557032819,1415,0,0,5,12,66.90274824178661,0
48.61216348200973,5.663413850866833,1088,0.7451751885161,471,0,0,4,19,54.484517315929445,0
45.69255233863597,16.753808849558077,1019,0.6040475799089696,1948,0,0,5,18,104.22748668268562,0
68.07740803935022,5.232395964766527,1025,0.3556209379319669,1117,0,0,8,14,58.81292157755079,0
80.19233120079664,9.734309050459354,1070,0.39713151801955177,1848,0,0,2,18,70.25480595924267,0
30.894643571888313,12.370138752165914,1056,0.5556470893777515,1013,0,0,8,17,33.46141810811341,0
40.076323270173276,16.460938925554565,1001,0.5915456497684035,1438,0,0,7,20,82.00432509350347,0
76.7017319742638,20.918331622837464,1071,0.3810697619672311,111,0,0,7,14,70.76043293865092,0
63.11939561116882,17.545821161629163,1053,0.4558305821509767,214,0,0,8,20,70.87591367539693,0
61.077913329497136,20.064072931407107,1073,0.38829844459624274,263,0,0,7,25,46.857560922795955,0
-14.58671778857449,2.9292904099515837,1055,0.4615939085518822,658,0,0,4,18,65.81652768805891,0
20.46397848554096,20.77857893654581,1031,0.24830095930790047,80,0,0,6,22,71.76102487219026,0
29.786296830215708,11.868370966999642,1098,0.5722355862394951,1560,1,0,1,24,64.1417149015435,0
48.53703044470654,20.998799795766725,1048,0.3493181325183212,1643,0,0,9,18,74.29945223209099,0
27.867898859454773,10.915914538527595,1069,0.4253359846357997,1568,0,0,9,20,41.254008955600135,0
232.42669947962474,2.51107175999433,1060,0.9266695202023297,259,0,1,6,4,197.7865476284252,1
41.17272483090627,18.00371577107812,1056,0.3635189778308307,1795,0,0,9,17,84.5625700765382,0
23.577377311918095,3.83485349072569,1026,0.4684200575748878,1626,0,0,7,26,120.96710883772141,0
93.61520711365654,0.9183394797432314,1027,0.5672894892844633,1711,1,0,8,12,28.546520234889456,0
59.333299734295856,6.0329761749699315,1000,0.5188146324290601,1150,0,0,8,28,63.93533657296403,0
25.823898005114337,4.351820546503516,1061,0.43167353221179006,900,0,0,7,19,85.24400873802634,0
66.063762422289,22.61281587543712,1094,0.48850578889958796,1659,0,0,9,19,59.184129477173364,0
18.108911814388456,18.443549502895344,1099,0.582482215181946,864,1,0,2,17,59.32799915575045,0
14.915581123909497,17.978519073593947,1036,0.4058250698689936,1583,0,0,9,18,47.18481669578241,0
22.456190497502753,8.042982400709395,1002,0.5105352145646002,1737,0,0,3,17,61.61949958126555,0
38.196863111763484,17.976193301963477,1054,0.6161692225464721,1299,0,0,3,13,45.52131639968125,0
28.146151349589715,0.41505541840998195,1052,0.51368295547049,1759,0,0,6,16,72.23453125012847,0
20.46098938946134,23.825695307411685,1097,0.4767032335334849,1658,0,0,4,22,49.35976184421124,0
50.06863808430512,8.066631509294492,1037,0.3032435423026705,1512,0,0,3,16,67.4424632320692,0
13.227030109929764,23.41303664937488,1012,0.4225649012940692,1406,0,0,4,19,55.76398955101294,0
74.69511751885744,19.117165297115964,1096,0.3339559582048037,1413,0,0,3,29,26.81569189303687,0
23.87816685068776,11.023307495790934,1019,0.3096669827037679,1050,0,0,9,22,51.752303821872,0
46.67562319162737,19.574087532378446,1095,0.5608448451106618,399,0,0,5,15,42.306148313277546,0
39.58440514663212,8.387387902996062,1026,0.6310811172492305,1346,0,0,1,15,64.24980859888,0
112.30243950682522,19.112298611511576,1027,0.4270127021242532,1620,0,0,1,27,102.15114467810214,0
4.527676550083044,22.96532262319119,1025,0.5362138220894583,294,0,0,4,24,82.96009175866098,0
88.35355587821897,7.103823003455207,1074,0.6182015569708867,1075,0,0,9,26,15.290075284194337,0
75.69196382970418,15.581825588111295,1056,0.42380811016063413,1331,0,0,2,24,65.14173810496506,0
47.76662252701498,7.521733475389352,1064,0.5166796621074322,1024,0,0,6,23,73.81234660332159,0
58.66184009029509,6.101400721980218,1032,0.6328985410575226,1511,0,0,1,17,79.29072799672288,0
58.07380823735322,23.74214972676141,1079,0.4901343485483069,708,0,0,5,28,123.88518762302701,0
-16.707225038115908,22.862063551618057,1079,0.5847482319812508,1800,0,0,5,19,51.835947084837876,0
15.389231559804244,15.212469621205017,1066,0.5431118367505693,515,0,0,2,15,41.9961491010566,0
9.138698874357274,8.083026929419514,1012,0.3961962903790153,1986,0,0,1,15,82.13578473911224,0
29.158606067328254,23.650497224871845,1071,0.3847263389148333,804,0,0,7,20,26.66973172315913,0
71.73473181145184,10.022525935257523,1095,0.5149647556218254,988,0,0,6,27,24.765620607972842,0
87.30284834308775,8.968732073669353,1079,0.4934484391235111,1847,0,0,8,17,64.9649326426385,0
21.799522036287378,3.5152982418796066,1074,0.37974984747175766,1733,0,0,3,17,71.09120112978803,0
25.931599185813695,21.70713020525589,1037,0.5540249980359753,1419,0,0,2,21,75.14563488626392,0
-8.39575859076593,16.6056555380069,1033,0.5759003893459834,1230,0,0,5,23,84.07945416235665,0
41.453735198909875,13.030798510754707,1048,0.46589484188866626,600,0,0,6,23,39.32191023113975,0
-28.9219041048719,7.17168563547402,1088,0.6705937962191486,1906,0,0,7,14,60.29064654073267,0
100.23477300042612,13.222660652174472,1022,0.5052580353402398,1343,0,0,1,14,87.14131648263273,0
126.80253614806384,5.655415967992488,1074,0.6211846834174357,866,0,0,6,17,34.65599569640108,0
52.45986669240681,0.4846781540239897,1039,0.4921366118404323,619,0,0,5,20,48.83005964879587,0
96.13795755237658,10.430456849231804,1058,0.530625802661623,1138,0,0,3,21,52.70698408306353,0
71.97920231646738,6.176207716548774,1012,0.3337496386300745,1311,0,0,7,22,39.28069796522112,0
10.385196697849054,0.27735074434045437,1061,0.3894751906735377,1047,0,0,3,11,64.55741722996511,0
11.853544373231486,3.3241626678038205,1000,0.6935834361264115,1907,0,0,7,19,61.09453423501031,0
19.969713665515574,12.415115901361757,1002,0.5982626076840614,140,0,0,7,18,54.808362863957726,0
63.29006391342126,21.785408235104224,1004,0.48364851641318485,1491,0,0,7,22,88.86778138197775,0
30.865739214201923,1.1363617139176636,1096,0.3712044775111388,1879,0,0,1,24,35.56348255106819,0
64.97287448413249,11.153370150000896,1009,0.4242821908077811,1589,0,0,9,14,25.48445093824762,0
65.40843392693289,19.742998264285443,1088,0.46035093455549436,845,0,0,8,27,38.15890765427656,0
70.45674468878934,22.36566442609448,1064,0.40685722033709165,134,0,0,9,21,53.02273520335329,0
30.264963384435887,1.8443870846696209,1059,0.42894100026629156,1129,0,0,1,12,50.76158040078599,0
54.83898627988086,20.50630528276153,1068,0.7098144666182038,1308,0,0,8,25,55.44369820291229,0
85.01362364009893,4.985521972842675,1025,0.5120858808976373,147,0,0,8,22,48.635960773864014,0
57.05405898098566,6.024148290584958,1065,0.5229328494390664,998,0,0,1,19,67.17934207002774,0
2.960352033191974,0.5181578674242093,1023,0.26299309212319866,969,0,0,5,18,73.79661652532806,0
83.05213585358626,1.0451178682410083,1026,0.6284369882544751,69,0,0,7,20,41.89827374577405,0
21.464468888361317,9.111035193905073,1087,0.4857537878932964,911,0,0,6,17,34.7586428329019,0
90.60360942863609,2.0589861182888765,1054,0.45349235177580355,993,0,0,9,22,72.24150453009561,0
-6.489503400151797,8.919062842521651,1096,0.7115485927079522,1915,0,0,1,25,42.39804134888222,0
71.59273826444546,7.986329168056305,1024,0.5419807920951037,1105,0,0,9,21,63.915932126595756,0
24.17729594894541,5.305580761133201,1051,0.5052769649864028,148,0,0,1,20,64.96104437081726,0
94.27637451511896,22.893659067102,1047,0.47609187979263096,1176,0,0,3,21,30.360554011640396,0
66.16267977339108,13.757350981349848,1017,0.4814166037960064,128,0,0,2,19,23.714607925948826,0
56.92135247224888,6.7706785464863435,1027,0.5630741753058397,666,0,0,1,18,34.38203043339317,0
-6.686221928365931,0.17405827236346738,1010,0.6573733068333032,33,0,0,3,22,23.89281002161038,0
46.41141126893686,2.373380159575607,1050,0.5295680583388134,853,0,1,2,14,76.50413244861528,0
34.96297676629362,2.7515472725322354,1003,0.4621656062854563,1639,0,0,2,19,44.178251272663616,0
76.17371984840435,14.907201764359954,1096,0.5023214059917064,1646,0,0,4,17,43.74753766146835,0
40.893070242022546,5.6200484687194185,1040,0.5185598048501603,205,0,0,6,21,69.9336982769375,0
22.27300567195087,11.658818744525577,1058,0.5666461707585401,1309,0,0,6,17,51.19178034937504,0
36.124011010598636,23.054214908548303,1023,0.4455019706430861,298,0,0,9,21,135.70582679047135,0
27.946495978262362,2.5756478513763614,1083,0.5836699162414468,1203,0,0,2,24,56.344667986279276,0
74.59775757905703,0.29250122428182035,1044,0.588244204254148,1629,0,0,8,14,75.29078784250589,0
72.3983409380647,13.95078556706543,1084,0.4329131821059819,1989,0,0,9,24,58.87859836307264,0
72.72485448012456,22.54073838781829,1063,0.5894856328734382,557,0,0,3,16,54.70641210327823,0
-5.313807504422371,7.044670900030791,1027,0.6547179862460926,1981,0,0,7,19,96.46090027333247,0
74.80515892127343,12.375404817618781,1032,0.4537002554105996,523,0,0,9,22,33.244246470891454,0
30.363992870050705,9.811473897415567,1069,0.6883535857658974,184,0,0,7,18,58.08758330630559,0
69.37671260827678,19.44303924028702,1052,0.6760878535076946,1301,0,0,7,17,36.747499312626076,0
55.44279860341914,1.3956268935936276,1035,0.6457340073832651,1704,0,0,5,11,70.24160158070843,0
105.39910988142998,19.49765961675157,1054,0.47597861149722426,942,0,0,5,16,54.18627359163175,0
66.94328792942451,5.584276243730043,1096,0.5717619270197456,656,0,1,9,23,48.04912874851722,0
42.49860456203142,15.27706772584138,1003,0.4600747972017611,1431,0,0,4,20,78.71010988530425,0
46.77864144769864,19.970119624339937,1032,0.49662395811911203,1495,0,0,5,19,88.32048235288465,0
43.98942266617508,7.591729368227536,1063,0.40411540054010303,285,0,0,6,23,76.3653472090241,0
64.3887595865472,3.716639940517962,1068,0.582261912952405,648,0,0,6,10,69.55484271871113,0
54.442682593948284,7.695953429348398,1004,0.475780121419305,1659,0,0,7,21,89.71539624248544,0
19.499506142705084,5.200421855736064,1091,0.5574138109214584,642,0,0,5,19,67.59897064341945,0
79.37779232860888,11.750971953844186,1044,0.27087974117363,762,0,0,9,22,67.95499982031583,0
56.962839137856115,21.185684135573872,1042,0.389926787256724,51,0,0,5,16,73.47851015113467,0
44.39086091043662,15.691311825223934,1090,0.5678355222851657,407,0,0,1,12,51.45382643095954,0
79.43449146711059,2.886042563677843,1052,0.5281226970900064,556,1,0,8,23,60.94623716261926,0
202.7008789545494,1.1316424694604104,1040,0.8800811584186314,982,0,1,7,7,168.07555414027271,1
47.24129652187202,15.655660837285222,1005,0.6403815330893682,406,0,0,4,29,96.84094871737628,0
90.86397211055237,11.121685137264828,1055,0.5618169143041533,1490,0,0,1,15,39.6676761445137,0
8.30659570421993,20.551111411175313,1008,0.6065923092243498,99,0,0,3,17,87.44223265655083,0
36.63049090910016,23.07530122859398,1028,0.42995935546650893,1347,0,0,4,16,70.35826505843593,0
88.35304873897145,23.305775958379726,1003,0.34693163564070084,1368,0,0,6,22,38.83810388898458,0
11.46247202900092,1.716931725369034,1081,0.6122711825258746,1054,0,0,3,22,51.52289962069042,0
8.826033563476976,8.835206159547317,1085,0.4750442801931749,1723,0,0,4,24,79.23983779534949,0
52.93439879279922,4.513170075525807,1055,0.6602373769022594,844,0,0,6,19,24.132444275116683,0
93.59781989963102,3.85236996673659,1037,0.4735689071786369,1223,0,0,4,15,15.77105753663401,0
56.28046572004067,16.78040099976709,1088,0.5593267182666745,1844,1,0,4,23,57.55942012718129,0
49.94857538992808,0.6105816271785445,1054,0.40915365879482674,1036,0,0,8,15,59.14736174946209,0
62.00000016840699,9.30770612939703,1064,0.5555051172544861,1631,0,0,6,19,39.94536876884423,0
18.823395080277017,9.947441457781661,1016,0.7172794613492425,1311,0,0,6,26,50.27223634211738,0
40.115320993460415,9.624235674551203,1058,0.5942889733831909,1245,1,0,2,12,91.31732326741802,0
198.371436722229,7.81517047317757,1044,0.8942875784364217,784,0,0,7,2,187.82597463788292,1
54.90081064747402,12.29556747015989,1042,0.5101652385295327,114,0,0,9,13,21.916552336990534,0
89.30926238358825,12.029585440281792,1089,0.529128432807108,255,0,0,5,30,46.78228215078106,0
22.17880982912199,19.568075459786378,1042,0.5366511830320418,1355,1,0,3,22,70.66734882530683,0
88.72275272367284,1.5123693766274515,1075,0.5619254115433552,1143,0,0,8,25,70.60736546267206,0
76.67461474363418,13.468935674372865,1096,0.3296636632371319,1011,0,0,4,25,30.7656149462695,0
4.484789099849628,23.429550160823386,1047,0.41849013259429385,1271,1,0,3,19,43.17010900847529,0
50.55255137568655,9.204216587825737,1034,0.47026838932909076,167,1,0,3,19,105.78578140110025,0
87.14849214300907,15.436286804877497,1085,0.6133440663365911,1239,0,0,6,29,137.7612715860335,0
91.04238051465803,17.66970232116283,1047,0.5508860303579552,526,0,0,6,20,94.0706339090734,0
89.97654402995383,14.668962044596642,1003,0.4727686573327625,120,0,0,7,21,63.098665074871676,0
88.18144201913795,18.827075205441098,1012,0.31088917487518497,1587,0,0,8,15,100.33191913583104,0
134.7266127918561,20.510058451427543,1076,0.4411208616634341,560,0,0,2,20,70.84375895021155,0
197.5617672306385,10.506417709471105,1043,0.7847774309104895,815,0,0,7,3,150.87666955688601,1
24.594471016239062,0.6247091956112376,1055,0.41764684269976715,788,0,0,3,20,65.57878154545672,0
67.17414235339207,3.7183124842733593,1093,0.4283437417995389,617,0,0,2,19,28.555525757221215,0
67.04309615385938,10.32942283238581,1038,0.3697709889433086,317,0,0,6,19,66.31447781244046,0
55.93750002026226,22.808051200041373,1050,0.41544631268567916,1058,0,0,6,19,47.00123627288716,0
13.819328857756432,5.524350692910185,1033,0.6648445801485762,1499,0,0,8,21,32.76976630237077,0
45.189197568655075,6.367352882890054,1050,0.4314222407308184,251,0,0,2,17,97.72957934552659,0
19.792179171645678,2.684155316198697,1068,0.38953455198588277,77,1,0,5,17,56.07756177566653,0
48.13987971901905,12.408353373281184,1028,0.5041258039960447,1502,0,0,3,24,44.268581811593414,0
72.79361710859231,5.789355002625521,1086,0.4703903332995721,1713,0,0,8,16,88.57338820775254,0
71.34231738396485,22.125091040864376,1028,0.5708963583604879,74,0,0,2,19,30.307363525887844,0
38.354695443763134,1.3401173010353853,1010,0.34868965317047973,1081,0,0,7,21,57.00765879291493,0
22.86156875018702,22.320644109315896,1084,0.4752812012796538,1956,0,0,5,21,68.48912568037939,0
49.2680429829153,14.885521260834148,1068,0.5071132392481669,223,0,0,1,23,28.05100947087228,0
79.33616816633413,13.362947446052319,1090,0.42660474351896915,1811,0,0,1,23,53.248964985137206,0
105.46868284836036,22.81320892665015,1047,0.5594009910307324,909,0,0,4,23,15.6538590731585,0
32.90501215283724,15.462915756666693,1023,0.7103972806530194,1189,0,0,1,20,67.62201703445622,0
-28.12641569881403,17.201126630446243,1019,0.43549950858943987,204,0,0,7,19,54.08507574183659,0
46.70407630694193,6.269620824438826,1002,0.3462006018255311,1018,1,0,3,22,33.09340428818233,0
-24.79812460990233,13.109951222469324,1075,0.5946900983191935,1537,0,0,7,18,47.508134521598386,0
86.92623539464205,12.094296185381861,1043,0.44170826444882494,1862,0,0,1,19,61.53861586002489,0
46.14361120244129,1.3189889916015938,1013,0.5067264948613516,1731,0,0,4,20,51.67748415069451,0
8.165147934222148,10.77811097204585,1049,0.5672360808414706,786,0,0,5,15,65.7985664761325,0
68.57462783015593,19.666513963038437,1025,0.5372146426027209,1353,0,0,4,18,86.39397186791112,0
38.46837870221236,22.376445549629853,1053,0.6504723550835334,1332,0,0,1,21,77.7132405301525,0
82.89407701432651,12.095178715809443,1086,0.4270386181179027,385,0,0,2,15,65.99917863267292,0
31.00305809855069,1.4890862501239095,1075,0.505496730174823,1564,0,0,6,20,100.10797081595916,0
71.38136086583994,10.274229038998651,1068,0.522890677585087,167,0,0,9,20,68.20179005178119,0
19.52013706495913,4.395975707853291,1057,0.5024419611148329,1666,0,0,3,19,96.4661348791311,0
43.546585994885305,21.17634268415409,1039,0.5896930137974193,1500,0,0,9,14,34.476449592812976,0
127.15985952484907,23.315449686486573,1062,0.6002529021139302,1553,0,0,3,26,66.74168139887607,0
28.849644327247734,20.248041010066583,1014,0.5132769411690369,565,0,0,2,30,94.80886401481348,0
12.11690672904308,2.6907275601167076,1030,0.41603426217684386,1111,0,0,6,13,45.784976101643764,0
-11.252046052728716,11.026529918841085,1054,0.4190712184126585,1268,0,0,6,20,64.54030617046014,0
34.94647421565404,7.905295727678313,1075,0.6698567929850959,1164,0,0,5,21,59.356071777895714,0
123.89726337455858,17.307260486377047,1047,0.6225893808477512,41,0,0,2,23,64.39648399407527,0
55.82269978694923,16.30580538228312,1003,0.5799596376972056,1647,0,0,6,23,35.15910247433965,0
10.326261297692895,8.106138275846048,1063,0.5774128537631472,1826,0,0,2,18,64.92993957309544,0
68.70577396477576,17.977334693001794,1027,0.6007500361499876,749,0,0,5,20,23.42568243367603,0
62.38342780809495,17.20409296161366,1074,0.5767143824637234,1456,0,0,5,24,0.017590358998297972,0
62.52395269463885,20.469770105409957,1035,0.40623129723437645,1931,0,0,2,21,69.704997157239,0
89.35080347817984,19.26313011840081,1000,0.5537215598042438,1923,0,0,2,15,54.4630404454737,0
57.300183479680754,14.860990200715753,1072,0.49789112261139035,1125,0,0,7,19,102.85547979377469,0
49.75660395164749,16.981280542063676,1057,0.5461940780365441,917,0,0,4,17,88.43316274608918,0
43.08240804429161,21.531131191462475,1070,0.5745824587122996,129,0,0,7,15,45.22433466411455,0
80.05474561045811,23.85748760119465,1029,0.38562531146030743,1067,1,0,8,22,59.36521586373188,0
138.47283275926176,3.049278005712095,1049,0.4067491920403785,1663,0,0,2,22,63.3969087551602,0
51.38237664899454,9.461705667103224,1089,0.4584557023868442,650,0,0,9,23,83.05647760173972,0
33.55193615224769,9.004233559514459,1010,0.4023310967957818,471,0,0,2,17,12.924949961716806,0
124.95291451164485,5.994456308623567,1084,0.7064401522504943,687,0,0,3,13,2.5276117344357303,0
51.856500586614054,2.684638712311739,1093,0.42623115700252023,1179,0,0,6,21,77.98465139398273,0
52.73504439999318,8.666173895887026,1055,0.4986296980019124,433,0,1,1,20,49.988836789990685,0
23.652102415296,16.08768157993876,1028,0.381304621429797,1186,0,0,3,31,24.585087620267544,0
85.65790469261024,12.94603662608321,1029,0.4783767431979618,1849,0,0,4,23,75.9086895833752,0
42.51033385343242,2.1428615740304595,1014,0.5930444462160966,299,0,0,3,21,44.69247024908739,0
25.237684100631345,10.384917951037199,1095,0.5741120466613603,1184,0,0,9,16,54.383252739680216,0
54.51256715430729,20.022132086044124,1070,0.4599102637431932,1515,0,0,2,18,51.77389660898967,0
55.059541028305865,1.295343181221912,1054,0.5490029015016836,917,0,0,9,23,62.8581754999133,0
74.3858635651688,21.6898984946146,1006,0.5644832564250836,1840,0,0,2,14,62.191406536055084,0
40.330385923659804,21.480786038524066,1042,0.5020251156656922,1322,0,0,3,17,103.14978290378748,0
97.71746217853551,2.320553192105833,1090,0.48556391895427853,1455,0,0,1,22,71.55371833464979,0
34.07087306564107,8.002968492759535,1098,0.4300994809792512,638,0,0,9,26,71.68404290103746,0
57.027777933702964,18.699294163142397,1095,0.3794505812677985,1774,0,0,4,17,57.9663840431642,0
55.77790756193915,3.9024098016887665,1096,0.3730966635581673,1601,0,0,9,29,43.01844911537647,0
198.71806346195999,5.591301008615669,1008,0.7733163419369339,1441,0,0,3,3,144.93809664068078,1
55.28451355663076,8.601653728651598,1098,0.49877877545639704,659,0,0,1,22,30.774383174440487,0
81.08908676217439,4.391361201956867,1099,0.5743315467847632,1303,0,0,5,14,65.26543243905309,0
75.79500684402373,13.416073681795938,1051,0.5230182676103732,1667,0,1,5,21,70.22866079095229,0
68.88081900286676,9.798804317356728,1074,0.47902627459428276,258,0,0,8,19,38.05477827260217,0
91.79543773804718,3.9705993604530656,1026,0.5593640757957076,130,0,0,8,22,34.66644347390668,0
62.31149830360676,19.765782656431373,1082,0.4970468761242052,474,0,0,4,15,85.00336727096737,0
52.091128082878406,19.743512331511187,1004,0.49653812965894395,1470,0,0,1,22,55.54846916097331,0
83.76304353244308,8.65936382989803,1046,0.5238999802828291,183,0,0,1,17,126.93822066172753,0
24.74535104395543,3.992705383481324,1021,0.6679159789080896,672,0,0,6,20,57.17666341650584,0
20.28130329868227,1.149552515218196,1056,0.5398197049366423,1681,0,0,2,18,77.40710030093688,0
80.64874293199844,8.793201414158043,1005,0.6410679363869352,532,0,0,6,14,91.14819045394492,0
53.256791173295696,19.879751247404222,1028,0.4420858228683912,594,0,0,8,18,25.814691983292875,0
61.6645673079114,2.9378593604776055,1028,0.6150931130965772,414,0,0,6,24,86.9443479432932,0
25.241241175074066,18.328394410793457,1029,0.35908065248320753,253,0,0,3,21,80.6802459996921,0
59.60563564765619,18.57356805520375,1030,0.48543373455349276,665,0,0,7,29,76.78022861974951,0
12.660358900657492,8.641571845217477,1011,0.49743524521507,389,0,0,5,20,51.949818197794826,0
44.47132994501864,16.46440166351892,1019,0.5682140595363747,1488,0,0,8,22,40.29252723723836,0
51.55837657421898,22.26821439854867,1059,0.4033178722565487,452,0,0,3,19,74.49002844480654,0
7.333110514813782,23.032771213224105,1039,0.5664699033555644,992,0,0,9,25,55.739041342701704,0
42.25863453166515,14.804396430622132,1020,0.2623685107771848,1706,0,0,7,19,56.72248083807784,0
70.01196418185063,12.484305645564497,1098,0.38869378890474204,1101,0,0,3,11,48.64756870920364,0
32.66237669501868,15.949906272216955,1000,0.4939445382836445,179,0,0,1,18,77.84701285970002,0
20.759549893180356,5.195773614386817,1036,0.4567225565113996,1751,0,0,7,19,88.90309962541133,0
81.6140615610471,21.951962578169987,1048,0.3742978331260049,1941,0,0,4,16,42.236796312246845,0
72.99165429717198,20.46000585310749,1083,0.4275006666098855,1374,0,0,6,18,25.02013559353213,0
4.391396232781716,23.974631087532426,1070,0.5307580729055803,345,0,0,3,18,38.333213260617285,0
83.67122656109478,5.467446976227155,1055,0.5591568900490718,789,0,0,6,17,99.9240066919468,0
76.28140377589384,9.561064215826335,1068,0.3764876028882185,907,0,0,8,24,24.565536990183695,0
36.33598831250779,21.567753210106694,1003,0.4693022551266993,621,0,0,3,12,63.662435962502535,0
38.91419213499924,20.21656290524117,1068,0.5234144308061499,548,0,0,5,30,23.94481529650716,0
33.27524644976499,14.175725438607383,1012,0.5365116568563207,333,0,0,2,20,55.96051571845041,0
77.06273934764803,15.308947993763434,1082,0.5514573527782602,1972,0,0,3,27,30.74550699879704,0
84.77222194867693,1.313751261838486,1058,0.5322984830750406,1980,0,0,5,23,57.56072492302499,0
62.60805587169685,20.358590416013485,1073,0.49231918773592087,789,0,0,6,18,44.3623439155564,0
34.69808149711753,23.92979704591545,1088,0.571487823862187,1272,0,0,2,12,77.97403941934442,0
19.10911281100819,16.9656216402173,1080,0.41793762216836633,1379,0,0,2,21,23.421931091659275,0
59.19352588890022,12.849540658211446,1043,0.4285598113523616,878,0,0,1,12,18.76857457901788,0
56.320053956093325,10.158219426379901,1052,0.5549242424959031,1352,0,0,1,16,74.7406568209822,0
55.80138355772477,9.65804386216757,1038,0.5151476016734425,914,0,0,2,26,41.21899116548221,0
60.14070443305124,18.187488765410784,1041,0.46311682950691546,1476,0,0,7,22,62.89210049075367,0
25.71857536751738,5.8992925506687826,1083,0.5542357692603289,555,0,0,8,14,69.97872528446365,0
-2.7060609820450594,1.7019194588637854,1076,0.4879409946949191,1300,0,0,7,15,43.777763618388605,0
65.25825119700326,22.935730205796805,1036,0.49126597390902244,895,0,0,5,19,64.43917593196332,0
64.19114846480646,12.462321947708263,1027,0.6596405301314272,813,0,1,2,23,67.84637445860291,0
26.11807586838098,15.066169854278318,1077,0.5198348181561934,745,0,0,8,29,26.7998861793873,0
57.29014166163199,15.144340644108748,1069,0.35995807813406233,1823,0,0,5,22,42.78818741242542,0
26.863991013521282,14.7243523852203,1013,0.5684391207099283,1124,1,0,1,15,9.39014376213462,0
37.79344266486876,7.5017934498685985,1028,0.36174680408728643,156,0,0,3,21,59.89857563388258,0
26.84684127821375,14.016927787838924,1055,0.4538848614862092,1262,0,0,1,18,91.54204788169807,0
64.14246669159212,1.5519730524136959,1026,0.5758646165988813,1121,0,0,5,14,36.00574793863562,0
32.63047340180286,11.683906270498113,1056,0.7941048081165452,1433,0,0,2,18,44.34215685008918,0
43.82480420235968,14.46279064643258,1009,0.5180993600354395,670,0,0,9,20,99.644114850182,0
52.570614842100774,10.86541023911856,1088,0.5283325418575942,238,0,0,8,21,119.27924744297901,0
1.9918668648887063,22.68859522695678,1015,0.5308867674368387,997,0,0,8,24,67.63106843815554,0
104.2791904919933,2.4004341605837345,1065,0.3903248495769315,630,0,0,9,18,35.24228462274084,0
56.81086581166836,21.852384238368153,1003,0.6983310871880122,608,0,0,3,35,118.40536900364603,0
61.86262956164114,0.976795086091383,1058,0.3896151222650276,942,0,0,2,16,106.7726108987063,0
24.116727078706383,20.843168189096843,1070,0.42597406393796694,1303,1,0,6,23,69.79046734176073,0
70.88619094440256,13.061682182650019,1093,0.3024288582113569,1695,0,0,3,14,76.86612454978251,0
30.507043194551986,9.629155865071894,1005,0.4419534469018579,1190,0,0,8,20,30.143423050428254,0
46.072225846216206,14.579481468074835,1025,0.46147356812446194,1714,0,0,1,18,60.980422838134764,0
49.725228843960345,11.589002927344552,1008,0.7085627402830539,1290,0,0,1,21,73.80582555143569,0
63.37033721245771,1.4035023267818731,1065,0.385581159987458,551,1,0,6,16,71.3909707088535,0
9.815906751267313,23.426284298675725,1093,0.40876838999506615,904,0,0,4,14,50.142757731550326,0
53.876635459256825,19.864305772884972,1089,0.5673333394246762,947,0,0,4,24,91.6352763001168,0
26.402837253264497,1.666747825305622,1034,0.546251997094525,1986,0,0,1,21,74.79721355275515,0
16.64098922677509,6.025896576704288,1048,0.5708762179282625,1751,0,0,4,21,69.74136843787632,0
68.35028866522603,8.98406768872175,1060,0.5665857857284728,219,0,0,4,17,83.34684051195796,0
71.18236741445395,3.2694666796427763,1066,0.3287849527565675,1563,0,0,8,22,65.01728343724054,0
22.028862704540384,18.550404968634133,1044,0.31506023031489905,446,0,0,8,20,58.81720082580745,0
42.762270361443726,6.719701186898336,1097,0.45654032704910497,1068,0,0,9,19,21.059437166070758,0
46.93690823325683,21.47088645763361,1006,0.546111378661217,819,0,0,1,18,81.9246701206281,0
19.78415037419065,23.61427684083883,1009,0.46773673127266696,126,0,0,8,15,74.77123931856751,0
55.53653909591111,17.6758610092027,1069,0.36654046726117673,1001,0,1,4,16,83.84391833422738,0
228.20551133963514,15.213822221347092,1003,1.0650764650202444,1164,0,1,1,5,181.97969459059894,1
54.54209143855198,21.338077999844774,1078,0.5173253034356377,305,0,0,1,21,43.639736946709164,0
36.13174133884873,17.186206027956324,1039,0.46604468637093066,445,0,0,3,17,33.195612616134056,0
79.0870707725872,11.518955843119505,1031,0.5367342543677665,1779,0,0,7,21,68.06001494148339,0
49.71006736059958,21.525077803918744,1021,0.5975312764902361,1789,0,0,3,19,91.6479111770665,0
68.9967593034528,22.203715641373044,1016,0.4600816676158553,1776,0,0,4,21,60.30825737435246,0
56.25148423842657,22.015275491137213,1076,0.3271843659677678,220,0,0,3,15,43.86790746073235,0
35.26538758573686,4.85316209901536,1069,0.6091973949472149,1042,0,0,9,22,50.569123682032725,0
78.44428851416149,2.7704073596042207,1084,0.6504617660495765,534,0,0,4,19,84.94225684569372,0
43.127569072348706,13.528033082239169,1090,0.6938899178481601,275,0,0,1,29,63.20673440853383,0
-2.4290952948478477,4.143375378726988,1095,0.5958884874180429,1004,0,0,9,17,9.071352264324375,0
35.53059287191091,21.676960029978947,1048,0.537184660780144,1765,0,0,7,19,98.9726832856781,0
57.01595303027741,14.854715907331613,1064,0.35148979315072715,1655,0,0,7,15,40.31905617395008,0
52.456224181589675,23.80623883939466,1086,0.5352613571041641,562,0,0,1,26,39.87384081885378,0
74.79209951991574,14.647386756962302,1017,0.33554395184289887,644,1,0,8,21,61.67501705920253,0
16.899001814783794,18.847960587330817,1053,0.5687953038422976,1177,0,0,6,24,-6.656950227851766,0
29.16198892510566,9.517529203129943,1085,0.4052562848075717,1612,0,0,7,18,54.7373755061698,0
75.84309576898414,15.185047439188626,1072,0.516153122076652,432,0,0,8,15,51.0886531651223,0
63.71841213845723,3.806352140113015,1094,0.5699809984509758,819,0,0,8,21,38.69233534723929,0
44.62720144951531,9.164922053628011,1074,0.5811991869886264,551,1,0,9,14,80.35681096690362,0
40.966889132321334,3.280681787736871,1052,0.4720456553752506,805,1,0,4,16,52.90990307028774,0
51.256877634628296,23.256044979411673,1004,0.28607629803280654,163,0,0,3,14,59.86421801905004,0
57.48828374629135,22.41357531129526,1087,0.44267753100943,1136,0,0,8,25,73.34241445172667,0
57.71596911067782,3.1453378421200195,1009,0.47956665360452305,723,0,0,3,18,66.01882335583562,0
89.3595121572184,0.18219398817393895,1027,0.41847486445895254,935,0,0,2,25,92.89335687100399,0
198.58723212463974,0.8175630093850641,1034,1.0609257639099658,1827,0,1,4,8,210.75446559979866,1
49.89876627767144,0.8637558928480287,1073,0.5190897877287731,922,1,1,2,20,82.495858013788,0
52.26729118010113,11.086063041855297,1089,0.6395909431557678,1901,0,0,4,11,17.715591400201077,0
250.22304476180037,14.506877217021504,1002,0.7561762866048843,737,1,0,2,4,174.0268648745439,1
58.781464464255606,6.156782822663483,1093,0.2685421856477649,1968,0,0,1,21,89.8778704436497,0
36.90842328420294,3.0366459371778163,1092,0.40511324513718905,1476,0,0,9,16,23.970470701779433,0
1.5575041312600675,10.583409322713809,1016,0.6635817027263289,1751,0,0,8,18,82.68017207666497,0
15.985089295809374,6.738046817912188,1071,0.43728957314886885,110,0,0,4,17,43.98154966367657,0
91.23314279512452,0.8551150893633439,1027,0.49270841406588656,1933,0,0,9,22,57.901748097401416,0
45.48157956110201,19.075926278503843,1000,0.46083884062368446,1926,0,0,7,15,63.95792812226747,0
59.2203685012391,18.627119342745566,1029,0.4260178532160597,967,0,0,9,24,91.20837202939747,0
31.988429213866826,11.225574506747291,1036,0.5779833345785876,276,0,0,9,22,34.50980097027389,0
36.40315852018175,14.194798354632596,1038,0.6214408687031714,247,0,0,9,14,59.653243556347746,0
87.38255577492887,21.761816941741294,1061,0.4645826103460787,709,0,0,3,17,65.30096626915909,0
3.8687657440999246,5.530095968558991,1029,0.4353180387046614,1918,0,0,1,19,82.79677474527513,0
-1.7803185600029963,20.799766176693755,1072,0.6513401550852457,1871,0,0,6,20,56.4292031912815,0
54.40141059299968,8.136685193853832,1007,0.6170262774871118,702,0,0,1,22,46.2009001454515,0
97.74201103288412,2.4579149550431643,1033,0.5493272157603835,1809,0,0,8,21,72.05160607493653,0
75.44522638000004,5.423481231724404,1030,0.30501507700795827,338,0,0,4,16,46.901103057588585,0
31.470749691989102,16.863347136160417,1077,0.5554157622745451,913,0,0,9,16,35.61096394527081,0
54.2377142026239,4.110783271011632,1012,0.5625720888701966,1882,0,0,5,17,34.482173120707614,0
63.324355132617725,2.5311751202260666,1067,0.5180396879094747,520,0,0,1,21,45.31295177918335,0
73.67170062126557,13.982422482827985,1001,0.522803707219428,1984,0,0,4,20,76.93642868717615,0
84.20203539485482,0.029842532786448217,1004,0.34338222911575395,1095,1,0,5,19,49.662128685431796,0
46.30590693943197,1.4015093774196936,1082,0.7355753509178014,1382,0,0,5,17,70.3020041586626,0
69.43065614302077,11.010438958958229,1090,0.4172619556575823,1772,0,0,6,21,28.734676379258126,0
45.323054661899974,5.056510008727234,1069,0.4651460599986165,941,0,0,9,21,80.12653047223536,0
39.8636667357858,13.227950435367664,1040,0.4739237468383003,1462,0,0,4,26,56.20383523772506,0
66.54456128121403,19.5202398970826,1091,0.569482470657372,1793,0,0,2,18,80.35509213481845,0
81.44611903025827,15.098933264135987,1051,0.5624538481078012,706,0,0,5,27,68.59962715350085,0
53.497355360373916,10.799029832846628,1078,0.5750567646607826,1500,0,0,8,26,47.18274380747661,0
0.15439813193120244,16.960665128220352,1037,0.36325505472490044,1934,0,0,4,25,57.10396744770899,0
45.84994153950866,23.38460639078133,1063,0.5678750306150979,447,0,0,9,16,77.73879332961059,0
16.2440651678683,1.7426604623059232,1098,0.463963755157235,88,0,0,6,13,46.22891484392087,0
22.940220516704077,12.944505984165513,1042,0.5177443950996149,1155,0,0,8,25,30.19021537092848,0
40.93191823752421,14.709562487556433,1001,0.5518061280975723,785,0,0,1,13,102.06123738599986,0
35.49315548460389,17.90624309266144,1099,0.31272331585743507,854,0,0,7,23,119.29477504142827,0
18.93187831863817,21.71216250076168,1070,0.45971513104131523,40,1,0,2,19,97.53925744777317,0
20.64881667154904,1.4956254011804555,1001,0.49190861788693835,1586,0,0,3,22,35.197267258435886,0
70.46208470187894,17.538295244479187,1039,0.43947605868041095,464,0,0,5,27,37.75804812993378,0
30.19036581579659,9.724370491223066,1098,0.5089519974457122,1748,0,0,2,24,67.59478272616408,0
86.7156775562778,22.959842122181122,1039,0.4869268698089642,1512,0,0,3,20,36.54158526445005,0
41.36281769396239,18.24113294306346,1013,0.4855555405488174,629,0,0,7,18,67.41975543889198,0
37.75697482519338,20.5146803110939,1009,0.4058498365972693,400,0,0,9,14,66.90174497392908,0
11.432026578416831,1.869450374283769,1008,0.44452014498413744,403,0,0,9,17,45.955864587000924,0
67.96989025052792,14.533888248738275,1002,0.6640434138246408,1540,0,0,3,29,72.70554014001979,0
58.54263780156705,1.2233296516533585,1027,0.518138676168379,1737,0,0,8,20,58.963163325988035,0
41.063995851294166,16.35277381393343,1094,0.6696606770719223,939,0,0,3,20,65.2830125229277,0
88.99962116786402,22.994724693583663,1007,0.5584430285008735,495,0,0,1,20,71.64946337617519,0
52.21590303232641,18.83683948785332,1018,0.5250435445588735,1461,0,0,9,11,69.57007545275806,0
22.59624261103332,17.35140464420689,1031,0.4451359984968142,1002,0,0,2,17,78.80235723148985,0
13.710769439263835,7.565727081624507,1089,0.38728645033100495,1269,0,0,7,12,88.76199369707673,0
14.317643213980162,19.8326210442001,1092,0.47006443261832576,582,0,1,2,17,48.06145058555494,0
68.44833917094134,3.0977679673639082,1091,0.5630399931175937,1572,0,0,7,20,53.722899526230826,0
75.10973463901021,3.023202631312472,1059,0.5497683253115815,1974,0,0,2,32,52.06145960123494,0
65.62268361076134,3.4043957260618107,1042,0.3297734880999118,587,0,0,4,22,96.820625957154,0
69.7589585837153,23.518565725738704,1008,0.5543963180364526,174,0,0,3,24,29.084985541777094,0
30.27882338015827,12.840701106450814,1096,0.3224402744336433,1006,0,0,5,19,78.57766561929348,0
94.78857868261483,20.114213440966836,1045,0.567766804882349,171,0,0,2,23,91.15818124392516,0
42.259743914071734,3.491583590382244,1032,0.31886723979596265,613,1,0,9,14,57.38709206171721,0
50.58374766556649,21.413540638772915,1077,0.543699826580994,974,0,0,8,12,54.05358080749121,0
137.8181027741999,3.728888542483971,1097,0.5350915130781001,1991,0,0,1,16,41.93475460775396,0
33.40730549257603,19.848237159526164,1008,0.42782526625868916,589,0,0,3,13,59.61594698387391,0
19.6820534021326,4.905690594372868,1009,0.62920001205347,1078,0,0,4,19,57.928140888565125,0
61.77368055411561,22.259070725842243,1067,0.5531731997049238,116,0,0,3,17,70.82768952976741,0
44.18883860585114,16.044603322706728,1047,0.6203010768691306,1263,0,1,4,20,-2.603692081824711,0
38.51548431161094,12.024493728375003,1064,0.5577519169656658,1119,0,0,1,18,108.99811183466358,0
48.42484794384043,3.9943698398989698,1027,0.30856516607086637,359,0,0,9,23,-10.564958175530379,0
54.8080657225273,21.675353771380337,1055,0.4188667293584623,445,0,0,1,15,27.40818560760026,0
48.113183993004256,1.553706385835535,1074,0.5082844162403597,1980,0,0,1,19,68.1984258576256,0
237.67010774172016,15.913639491605165,1092,0.9478399165019703,316,0,1,3,3,122.90744102231218,1
6.851660650478998,8.10849325668729,1074,0.38280389433104406,1376,0,0,6,24,64.73367120415038,0
53.44535270833259,16.02740572573277,1056,0.4189419434704707,1590,0,0,5,15,86.52486093702684,0
75.70926610948358,20.68720214777059,1074,0.253631400802807,1701,0,0,1,18,66.41916982278161,0
79.85502995475818,16.98126794736528,1078,0.5514960117467883,439,1,0,4,13,64.66297997690506,0
20.70139052409332,23.25295532838252,1095,0.4016314749004498,539,0,0,4,22,115.08974903783427,0
52.35905570948272,9.87230997315601,1093,0.47341300471132813,862,0,0,6,30,64.38042926198628,0
41.35531908466647,2.108548423836349,1074,0.5204842130364346,1301,0,0,2,21,108.11399297904046,0
36.94255408984495,15.668954231283836,1064,0.5683805433524067,74,0,0,2,22,57.66897445634585,0
12.870127330181063,1.8082588217556177,1089,0.5602587428862178,1189,0,0,9,17,48.94402030941617,0
-7.1870986026814165,12.39158373237883,1050,0.7460144208565513,1109,0,0,8,22,103.39761378199316,0
59.575235312575415,6.6518547322606745,1096,0.5612009235576455,1280,1,0,3,18,93.36025655289369,0
12.173481369948647,8.086244999136921,1056,0.4634968652166467,1678,0,0,9,20,63.53716848541834,0
208.75864447086397,2.883123056915056,1020,0.8403920009546991,737,0,0,2,3,180.5727260304357,1
17.708564377938252,14.541814637119113,1088,0.5696483734480516,1806,0,0,9,18,50.62332905566915,0
83.70281861287285,20.89985544603923,1038,0.5746017337739162,998,0,0,3,24,37.52501912571504,0
56.42281232390612,1.9608950304534902,1057,0.6445570519790169,164,0,0,7,18,51.29878429423052,0
34.481346496988834,17.418213010878613,1092,0.5198857145782624,1964,0,0,4,10,57.57555647822626,0
122.04750983091057,5.605701553121691,1086,0.47869585123815267,1177,0,0,1,22,67.14057325555378,0
61.83739956452658,5.464769122219822,1011,0.43575074637458233,745,0,0,8,20,45.01855418606169,0
58.936285730715355,19.161507576071784,1016,0.5649429059418442,1772,0,0,5,19,41.19824884346855,0
37.22733186045228,21.50181932955578,1037,0.43998379682063427,1951,0,0,3,17,112.50870863969642,0
64.61915711134985,12.263923006424218,1086,0.625894759729198,164,0,0,3,22,59.49395444482714,0
29.828192470204932,18.769111271111765,1084,0.4460462135910411,1626,0,0,5,11,88.56730344802604,0
10.078846060072216,1.5454307151896733,1016,0.5276031585997881,422,0,0,6,17,86.85287620800662,0
41.078717622706804,9.117829075778888,1057,0.6193712183532116,730,0,0,4,22,56.164080456096606,0
87.5939847430473,19.564397575026067,1003,0.43472774060490954,1946,0,0,1,21,45.298511037972375,0
3.9328363037868286,17.86164620249373,1057,0.5252435522121034,1946,0,0,4,21,36.313284309271396,0
65.44650788229117,14.037876006523629,1013,0.6459887810914074,201,0,0,3,23,44.85976030791201,0
87.30217391561486,20.560757355061654,1004,0.5639645178681527,1598,0,0,7,17,73.22543548598415,0
98.69770071584162,1.2154878346494318,1044,0.51361977707057,54,0,0,2,28,71.09326370585019,0
57.15664861321218,17.296232618220436,1018,0.4940329901130162,82,0,0,3,23,68.14629357020425,0
65.29049231726987,5.598183394895951,1092,0.38961153298128154,1626,0,0,5,25,84.27193673067153,0
-16.166981712972074,22.740551533229713,1053,0.4313873400620686,411,0,0,2,16,91.53343163651677,0
40.3087289368098,3.7222625006570276,1064,0.5512027643265259,623,0,0,9,21,46.432134890886665,0
30.14640605694836,16.053602534846828,1060,0.5947120897969163,382,0,0,6,16,44.21414497005049,0
32.626276710927606,9.427385206860931,1080,0.47505598783753356,679,0,0,1,27,46.36223203084542,0
68.33212715331712,5.608560855313102,1058,0.5097513725517127,1089,0,0,1,20,71.39285158203595,0
24.610520676027924,3.6693322954751117,1075,0.43241766634218465,1675,0,0,4,28,95.73630765095763,0
75.70212264411376,20.9825286381964,1025,0.3642425130243043,820,0,0,6,25,89.30260013691425,0
173.16262523225396,20.956832608935144,1038,0.9295926096941752,853,1,1,4,7,198.888311072226,1
34.994065487120125,20.93064981103265,1032,0.49518067727688336,754,0,0,1,16,110.20821091301409,0
17.897457010215426,11.435596988526491,1008,0.5176693683426499,1122,0,0,6,21,82.26020165455122,0
18.3166529243874,3.626403820190367,1039,0.46981427810661913,1811,0,0,4,20,39.9407476085553,0
25.834199524684387,3.1493988426549677,1026,0.5403012869517868,1642,0,0,3,20,62.25089944328971,0
16.347466914323363,14.306364664082299,1003,0.5228914272217466,1449,0,0,4,22,60.86406700973288,0
46.2040226075882,17.597269669953846,1025,0.6189869837378525,1100,0,0,2,19,39.083219941294686,0
104.56695596600974,18.57553431040585,1074,0.4781434625533856,1326,0,0,7,22,62.4122788913173,0
60.401299328147594,11.210488615542479,1022,0.2907066198485545,355,0,0,2,20,80.30385546480977,0
177.7672274025062,14.978576989722711,1081,0.9430120667235381,937,0,0,5,6,176.4765014200401,1
15.400027903827649,15.502420435222518,1030,0.5064902118117532,167,0,0,1,10,92.4330843247028,0
70.29522429319925,6.891462498435154,1088,0.3982193560698565,989,0,0,7,25,66.56849660131935,0
74.56332931264582,16.838384397590325,1099,0.49732803873966924,669,0,0,6,16,55.39460602908148,0
57.968509795176004,7.558567336349989,1044,0.4564696015662916,782,0,0,7,15,75.62014102989656,0
63.75167029871205,22.132676127224894,1089,0.5157728297565688,1465,0,0,2,22,28.384820839755907,0
144.56170203536254,5.728533154351143,1073,0.5427377317264273,159,0,0,3,18,12.226687177342534,0
12.891478673657545,23.215660133534186,1021,0.5560762600878332,1608,0,0,6,23,42.4776147727399,0
83.18694676579906,8.164102809323749,1063,0.33631486029721946,1210,0,0,4,22,73.3113716619032,0
25.086667803303044,4.559916220854828,1013,0.5473123876398639,96,0,0,4,22,80.75548087814086,0
49.637331564618364,18.361036559291755,1031,0.6204000352353859,1983,0,0,1,27,52.605738921411245,0
53.341178055201574,13.15279373331823,1023,0.6761897256605699,668,0,0,5,16,71.18797414065988,0
84.86778792517,0.31520096903840944,1050,0.4957143548966122,133,0,0,3,15,42.434737882615835,0
18.389527425609376,2.5736592424685645,1050,0.5775602662037214,1475,0,0,8,18,44.42967663984849,0
50.06694866487206,23.26863745535728,1051,0.6401806609377025,540,0,0,9,17,68.58069041545855,0
24.81417325947028,19.107612192553784,1080,0.30826053011946875,1506,0,0,9,25,39.55018219159301,0
44.22917105656632,6.12554920604557,1018,0.6218331414060243,103,0,0,7,26,87.57285903964195,0
58.87799721038286,7.095805724234356,1077,0.5611274265842513,115,0,0,5,19,38.40969151569971,0
78.15920068036834,20.848653477572448,1008,0.6356115165673761,1508,0,0,9,20,72.61486237991633,0
211.6395680346333,0.8683817904294928,1003,0.8030557959714306,1027,1,0,8,5,139.00927024680323,1
23.731452398457286,10.233357474466203,1025,0.3474473138816573,105,0,0,2,22,123.15499617031128,0
35.17429930799262,12.617949938286255,1008,0.4170625845961307,1838,0,0,6,15,79.90044173795002,0
59.234053066761774,2.6945461998938303,1087,0.3384566444761647,214,0,0,5,27,52.68314661421229,0
32.46797070211907,14.795014443991107,1065,0.40741038398402635,32,0,0,3,18,69.2539425133104,0
41.386714854129714,17.100985333046765,1038,0.40599598887803817,733,0,0,6,25,46.49494157156906,0
45.65364314156339,7.654217170365346,1091,0.46524425854867274,1118,0,0,3,26,99.55720887602746,0
54.30763809515481,17.387050158033883,1021,0.4772903457504818,935,0,0,2,19,111.50777008352358,0
48.27807608639619,7.131583648535799,1026,0.5675238428720397,664,0,0,4,17,76.4006585669362,0
80.64905641482824,11.96462697951355,1056,0.673289588542325,1035,0,0,9,14,-7.031994124658723,0
13.303393098142102,11.98949546736565,1043,0.4259806214298102,1334,0,0,6,16,111.47668859674766,0
41.90375194119886,13.970912899676065,1035,0.6587569525773166,1874,0,0,4,26,80.61118836153295,0
15.303343487979909,4.767855244111633,1059,0.51473023605012,1144,0,0,2,23,32.283149161914515,0
72.14711692448486,8.22966344522116,1082,0.36573285751233386,384,0,0,9,10,22.43411641548611,0
75.6320600336216,6.285837405009345,1030,0.533260222916279,1990,0,0,1,23,41.36484627579205,0
73.83801148835634,8.697855403519238,1028,0.6219503734484522,1209,0,0,2,19,35.42990773520188,0
79.5718998703959,4.31635556182078,1016,0.5913080939495838,1541,0,0,4,22,50.69096395538078,0
71.68024474664895,20.65922887997311,1010,0.589830106714385,75,1,0,5,17,41.646313567449965,0
57.72119319252048,4.585083855727087,1078,0.4665775140346034,290,0,0,6,22,89.65306142912024,0
61.60425562067608,4.5910361808505735,1026,0.6706699130570941,1188,0,0,3,21,31.34903343204304,0
25.955482345069797,22.779064341993752,1031,0.36760018833985747,105,0,0,8,23,61.41078853697405,0
60.518902978206775,16.170015510212608,1069,0.30179834023349605,866,0,0,3,20,94.24308813914192,0
60.42192459304286,18.56441405451106,1009,0.5116803131026829,837,0,0,7,24,10.623082664876726,0
24.453800606620433,8.599750286145197,1053,0.48601229060140155,70,0,0,6,13,21.70126108678243,0
-2.1761545651839995,11.603257543760428,1033,0.538284515726101,1037,0,0,9,21,35.26150889858708,0
72.60252420263278,22.867681482805956,1087,0.4972884223287022,1641,0,0,2,12,41.954942844182945,0
69.21439385602471,20.679771731929154,1036,0.4320776888273615,711,0,0,5,21,53.550583200662665,0
6.770550964252436,6.908024167236283,1050,0.4401428559573587,996,0,0,5,18,87.92551472154267,0
77.46206353106223,7.712455339565408,1072,0.40771243351558517,1518,0,0,1,17,102.85736693761959,0
66.0351694544165,3.853387458316085,1024,0.465160304415658,1485,0,0,7,18,73.3242463045871,0
3.0559168591383425,1.3843988300050505,1088,0.5774109012563445,1917,0,0,4,16,73.1361655875207,0
94.56432107817649,8.02041221701127,1000,0.5722880823851205,1078,0,0,2,19,71.02132170580327,0
54.99479381345373,15.192509268912444,1001,0.39577467292451374,766,0,0,4,24,56.67418556727618,0
75.45292646615854,4.626048249905095,1077,0.5143181840589387,1916,0,0,8,16,79.15698525917526,0
5.636686284611429,11.501817000943934,1013,0.4253590945868566,896,0,0,2,22,41.57744356177095,0
19.316223044047835,4.127289644245031,1088,0.5156818831040664,59,0,0,9,22,44.64729991637943,0
26.502401229912888,18.686432608813355,1008,0.3926846719702001,85,0,0,9,14,34.816471720537216,0
27.478111789832038,8.569587330079345,1092,0.5487655975992372,568,0,0,2,17,52.54773278983845,0
53.52765889661607,20.07751284731692,1066,0.32284778884388177,879,0,0,8,18,68.5972094039659,0
86.53877456916675,8.547339888359236,1089,0.494909683413131,1753,0,0,3,19,97.6011575506784,0
76.285075015737,20.124060607767287,1071,0.5273108231287688,764,0,0,3,17,95.1928074028965,0
53.75673507943722,10.894391081831769,1050,0.5176853795101181,551,0,1,9,20,55.695222474737164,0
85.52769935588519,23.005296190788673,1069,0.5690277796034806,755,0,0,3,10,91.21076832034677,0
85.7158893115303,19.59504608238803,1051,0.6076109239439526,1619,0,0,5,11,29.594580743710754,0
-5.2079915438670525,10.068017765072124,1065,0.44165236465535446,465,0,0,8,26,90.58164323040705,0
-11.143736055335616,21.80862639126974,1043,0.6713298967734557,1910,0,0,2,17,51.63580492463272,0
8.730977336409147,1.2594643399056924,1081,0.4753678674984069,346,0,0,8,19,77.45966127289147,0
29.4185072889446,2.161772710725387,1025,0.4609279227564459,928,0,0,1,16,103.42305032364715,0
63.87450872200562,18.13197764872289,1010,0.5902885378350824,1660,0,0,9,15,85.95266165972893,0
95.00823827002964,13.821851218017514,1018,0.44720952908469996,290,0,0,2,21,39.46423769009593,0
55.092433039119854,7.674654937173592,1072,0.3059222885697451,690,0,0,4,24,37.742121513854485,0
35.66480447888627,14.65141227248829,1054,0.4143803553618801,953,0,0,2,18,87.3925364110915,0
114.29021163754729,5.458994651350095,1088,0.6528463383528584,1861,0,0,2,25,91.53010052764884,0
74.60895123526893,20.422339858397784,1004,0.37696601508080974,1498,0,0,4,21,74.75248317089361,0
58.461086313866616,0.5357489495452228,1090,0.5933313004474593,1014,0,0,9,18,63.24488103502428,0
61.341387812836494,15.041161922492371,1009,0.45487694208028145,1579,0,0,2,21,25.348014625974997,0
41.18099157007453,10.555697707997862,1088,0.5779408368632996,1877,0,0,1,21,41.524253225134046,0
64.26292047579871,21.062360955874055,1095,0.441858606606941,253,0,0,3,26,-4.672233484471747,0
42.00043012296756,20.191400435992843,1067,0.374293744767236,363,0,0,8,14,14.427285666073182,0
61.559521391865104,15.130121956054156,1057,0.5947363124946571,1794,0,0,1,25,44.933370062105624,0
69.46645777711518,6.253080338633708,1058,0.5636715152638623,442,0,0,4,16,86.52437848774042,0
70.81769699573775,23.30653220075411,1074,0.48970594128138856,527,0,0,6,14,51.1013268992212,0
37.28329873032942,3.5684254165607214,1017,0.6245480358049469,367,0,0,7,11,91.7137198244196,0
52.8836233082295,9.88472316927484,1028,0.511011844236106,1431,0,0,1,25,100.30237064383672,0
35.0164642134436,15.210916773775004,1071,0.5660046392551393,311,0,0,4,17,38.40256554493672,0
169.5130598309129,18.067526037941608,1078,0.9658559839617744,477,1,0,8,6,148.02457056442535,1
92.6824440829982,5.256920679409403,1035,0.5624065387122757,1911,0,0,3,12,46.86986193709833,0
45.7501210438327,21.23331054613491,1055,0.4161130989519924,614,0,0,5,19,55.7006665869113,0
111.5374082980839,20.78655747130901,1055,0.5207709884740853,1237,1,0,7,20,54.53415028674908,0
42.62770807742167,21.952697844509153,1083,0.35428618037662085,470,0,0,2,14,65.8084832970093,0
25.719599456153592,16.849542192654873,1020,0.5569250984196017,1525,0,0,6,20,83.506355408071,0
52.34353205708049,21.695428125037854,1057,0.37381679704960347,212,0,0,7,25,70.73964330040377,0
48.90230076971206,4.542564004029011,1051,0.32652389916391744,1132,0,0,3,29,62.571081485009785,0
62.70797196780383,23.182804922701763,1039,0.5878359570274907,1964,0,0,1,22,62.48810115225462,0
73.73095841129141,6.161798432197184,1004,0.528496308024599,263,0,0,9,22,47.79930904499061,0
88.17060500320304,6.013710994131548,1020,0.33578471182176345,318,0,0,3,21,42.17981702326787,0
58.67551019356176,1.305287184037736,1062,0.5536085309638721,386,0,1,6,15,45.94428812743347,0
28.00901013428032,1.3935201333861906,1049,0.597970422278091,1614,0,0,5,30,-0.9406400347620973,0
40.996136395154,16.354701026875702,1066,0.48584721336434633,214,0,0,1,18,51.394672864947225,0
52.387935871281094,9.817824829586293,1014,0.5449862893186274,479,0,0,4,19,24.080578440797368,0
32.79194681309297,0.9984776005277123,1062,0.47339219094802537,1487,0,0,1,24,48.404380415558194,0
105.25446828159821,8.08900052371548,1094,0.5371888499799841,1836,1,0,4,19,30.33649952151883,0
95.86243551622725,9.792340007958451,1043,0.560235910303795,1265,0,0,3,20,79.10512354677346,0
45.51632920505034,5.279524917556356,1068,0.4911715344372454,1352,0,0,9,18,42.27398565246633,0
22.417272972985906,21.15179734715884,1047,0.5530919761042965,557,0,0,6,16,72.25058530031669,0
57.30425231410311,4.565757211411175,1042,0.613679262787559,465,0,0,4,25,95.19479705336417,0
55.9518055153246,3.038906920578552,1002,0.4676061242972238,759,0,0,7,17,53.84429585310164,0
-1.0342142280172553,17.23780863053089,1054,0.4690775176700978,293,0,0,2,19,26.87151803186245,0
54.3027970057248,18.264174964461937,1000,0.521792215920663,384,0,0,3,33,62.439462671373015,0
77.72810418613489,8.98234722841762,1094,0.5164414941291309,1228,0,0,1,18,58.38511819315375,0
16.809950779819154,9.442451746484647,1012,0.5540590098821729,1981,0,0,6,15,66.27087391544396,0
5.6326529367761395,8.523197167578976,1035,0.4710731362458294,802,0,0,8,19,34.327032521084966,0
85.9150408174356,22.148956187709373,1022,0.49123950237877406,1944,0,0,7,29,86.86351453800677,0
51.13813506342806,11.2294206751686,1067,0.45173357081984505,240,0,0,4,19,57.93000607767505,0
88.14665284982476,18.58225364237883,1050,0.5593207355962442,93,0,0,3,21,97.74701386218274,0
97.17194630810981,23.80695289927565,1016,0.37050456147437294,1315,0,0,4,18,66.07767753795352,0
11.61269099792895,1.2304879791156784,1093,0.5535437261454216,1088,0,0,1,13,40.63693214669597,0
24.4501347699682,14.375199271773011,1079,0.7694153692079821,1615,0,0,7,17,87.01191213507211,0
64.75980460509489,18.379298112741306,1026,0.5863303941340979,727,0,0,7,27,58.22309092659171,0
44.52293076861377,16.524292521829516,1093,0.4881038863771383,375,0,0,5,26,90.29944069781267,0
10.865914984854406,14.038466840137147,1061,0.4889244600947775,1199,0,0,6,18,73.45978781264225,0
31.098547059549766,14.649868888647987,1061,0.5895644805645113,212,0,0,2,24,79.24329462424924,0
85.60203860531993,0.08752086683223048,1098,0.49437995260580797,1022,0,0,5,17,61.11998799747105,0
35.860528365466465,6.155532632834542,1096,0.5193270138247204,1261,0,0,8,16,71.26553322575352,0
73.3898159680802,0.10756063981269204,1098,0.3843871009926025,1654,0,0,1,21,24.027160307503635,0
42.609941564604554,14.275806942570508,1080,0.6577330077581557,348,0,0,9,26,17.216590484519102,0
31.798991157041097,6.537229902318948,1087,0.5751709903931438,1548,0,1,5,15,96.75762723771746,0
55.71499039337199,16.92453549401651,1055,0.4957144345533461,1476,0,0,5,22,70.51695780154778,0
28.0713117285358,0.7952030926370615,1053,0.3379442148416052,1907,0,0,1,24,47.36490754122488,0
14.966613461961948,14.798108113709914,1006,0.746196318267371,1986,0,0,2,25,28.157948583387224,0
42.205995776974625,3.793471206999584,1068,0.6088871695850251,1197,0,0,2,23,59.98604556066255,0
28.656134177488855,14.635479791488839,1034,0.378095676209639,370,0,1,1,29,-3.119882712600962,0
16.63017590988258,20.309570114996816,1095,0.5385717325378349,1102,0,0,8,21,58.47109271997548,0
7.89324111309012,3.0815081232540384,1060,0.6108290185645413,268,0,0,9,17,69.4829457862336,0
52.067183993629165,11.746684349549948,1067,0.5613072624004458,1734,0,1,3,21,31.457583231435546,0
76.44919270848351,2.797070639967182,1096,0.3293552443583888,986,0,0,6,18,47.56797042110679,0
24.16147396015209,14.71373543718516,1090,0.6678514895676901,684,0,0,1,20,76.95021265111406,0
39.1710150254276,13.962990354665044,1035,0.5699209647851275,1846,0,0,4,22,57.37630042572125,0
58.07884257742202,10.565255351304048,1011,0.553460405848271,1771,0,0,4,18,21.572308331201604,0
76.08817760316981,0.9604713777361438,1001,0.5075791448493048,1106,0,0,1,21,11.560970723969533,0
116.93900438577897,23.077895304933982,1027,0.47690052938435573,1058,0,0,9,28,40.048600910493434,0
102.07891409495748,20.529987711148323,1048,0.6353384989571864,1185,0,0,2,21,44.80123145141385,0
45.243869227506295,7.682234617813235,1095,0.6728527801575553,1733,0,0,2,20,86.73277192599602,0
71.24911541603191,14.900980501363229,1001,0.5815922295267418,931,1,0,8,18,49.15391483192816,0
1.2985241017626947,5.767746443804804,1097,0.6979507534109116,1328,0,0,1,21,74.11728868393136,0
111.26228120431233,21.829654640270103,1080,0.6133798129859254,317,0,0,9,22,72.86505852781558,0
33.925956108431066,10.934460900039891,1054,0.6403782196894697,337,0,0,7,23,45.42944126354155,0
67.98732623736068,0.3719980005677046,1014,0.35766877699521826,1977,0,0,5,16,27.908940507077673,0
-2.266650779058253,8.063127565287651,1086,0.5392339948430613,1899,0,0,5,23,37.97663386967874,0
44.32957106952578,3.85408489735502,1022,0.544672516062877,410,0,0,3,12,79.7344695225031,0
50.96555261110519,18.59543330021409,1062,0.45852296270449344,1043,0,1,3,22,35.17536583177967,0
67.37874498803265,5.340714779973259,1023,0.5659263609044708,505,0,0,1,15,64.60999388251761,0
-14.860968997823164,0.965770118654862,1003,0.5487275588252011,1326,0,0,7,12,61.66588664944544,0
106.53758917803827,23.944709247869124,1053,0.4909741551783623,221,0,0,6,22,65.23891875990414,0
45.677373328351536,6.645640553782504,1072,0.48406413750281885,1168,0,0,2,24,107.06397561967339,0
24.85470553005406,14.020671248029483,1069,0.5422409665931395,1154,0,0,1,16,61.60372851314813,0
42.813324231887016,0.7752459099683628,1070,0.4741536961712728,1657,0,0,9,24,107.7737109460474,0
43.88978749469102,4.6864064445852955,1002,0.48405772985517387,203,0,0,9,15,63.63763370969918,0
84.9958500866301,15.96631018373904,1000,0.6634858567570829,51,0,0,9,22,85.87213552634944,0
216.44915987911628,13.43675916965896,1070,0.8978872289279423,1628,0,0,3,8,188.28945014514167,1
40.92590940535615,11.56037573892461,1036,0.3697960585515635,1518,0,0,4,17,19.267041981650316,0
46.0981911933914,5.628740927646581,1043,0.5049608378570223,938,0,0,4,19,80.98120112837336,0
47.19091433782487,10.687670837370046,1061,0.2849131793327395,1265,0,0,5,21,47.766231346060934,0
-0.7681249492998603,14.627078064258345,1080,0.45819973718223683,1289,0,0,6,24,51.99452021456536,0
9.014049869932478,3.9211549551492118,1084,0.515571247376778,732,0,0,1,27,64.39674497710867,0
46.17352638867398,4.098109223908714,1010,0.5649117888379449,289,0,0,5,22,83.52863411485376,0
87.66049340865425,19.5414558737537,1014,0.5234134169367481,38,0,0,7,21,73.4428660834389,0
61.49504569276701,1.6181727888883604,1010,0.46582301971626605,1656,0,0,7,23,39.28370985779118,0
35.634876319747875,20.626142180671305,1009,0.4038707253052398,275,0,0,5,20,34.79733747037497,0
24.701050661451426,21.630115130470358,1024,0.5510829798433037,1332,0,0,3,13,59.43774712000493,0
72.35452592854452,11.110496005852404,1080,0.6368434230868336,220,0,0,2,25,1.1317771187572703,0
35.38391236415219,3.215968348936097,1095,0.47364737442406996,951,0,0,8,18,39.765298639386714,0
74.50511034292944,23.843604520949988,1046,0.43230950211840663,623,0,0,1,21,35.175722653897935,0
60.263181189512544,18.31904526141474,1018,0.4707342408674558,70,0,0,7,18,70.73511777105098,0
6.472163266663273,19.189447589813494,1080,0.3957183149212295,419,0,0,4,20,72.92559487223555,0
63.76982005022873,22.970557268544777,1060,0.3831975092968018,1432,0,0,4,16,57.56026616264837,0
82.1878884352204,17.85793065852144,1044,0.4459851535324102,1634,0,0,3,19,46.65898852057234,0
57.5147855103763,14.267372517902855,1062,0.5052739558301499,1901,0,0,6,18,36.09808663587773,0
47.13607258732781,19.918032743687007,1003,0.6525561118742013,427,0,0,6,22,87.66156435799118,0
88.131959780211,3.546819203479626,1006,0.396069448153173,1562,0,0,8,23,75.2965003303112,0
34.75579407058068,22.419728251032154,1023,0.5032790937508944,1992,0,0,6,17,73.40840158597662,0
59.87320336130389,6.772287495581595,1074,0.5865173984360466,417,0,0,2,20,61.9575559799964,0
81.1581820762645,11.165743564318465,1082,0.5139631628891218,1676,0,0,7,22,95.09048289335257,0
55.968444403894836,2.645589809309585,1043,0.5722753671979586,741,1,0,5,22,49.546540065784704,0
70.88503991477867,6.115622967465154,1001,0.36335209626057163,1978,0,0,8,24,52.08019311599649,0
23.81033099331942,21.46716910356217,1010,0.5123777498829449,40,0,0,3,19,63.18760435083344,0
129.26035731477862,21.165383158754082,1061,0.426784448765261,1679,0,0,7,17,84.06673531627325,0
4.066774923328339,14.252504752939219,1094,0.5673759598716949,1313,0,0,3,20,56.66954644289113,0
40.20158658016362,9.265630402841417,1049,0.3855970076420552,1317,0,0,3,24,58.93233367646852,0
8.126323934225447,6.9996764494727755,1036,0.6042628344405069,1713,0,0,7,21,39.8954576882103,0
68.98795453266533,5.647813223033991,1063,0.6334327727327544,1723,0,1,2,30,63.77835163737526,0
33.6973871067045,2.0554719809774573,1070,0.4104359975080535,1971,0,0,3,24,67.31374803456474,0
68.23842701017261,21.590045195090298,1005,0.5816814378434254,1139,0,0,7,23,32.82841939549864,0
84.87721004563521,18.482932984074424,1080,0.6323812574993637,1099,0,0,1,21,63.38379591801025,0
69.05987585648619,21.350315115268646,1052,0.5953976659731705,1471,0,0,4,19,86.38632006415668,0
56.25475911726742,13.138081244953344,1033,0.4788919648502193,1513,0,0,3,19,49.80786000740859,0
71.04484345774144,21.964649074189595,1073,0.3947426126329494,1448,0,0,5,15,63.28943045697446,0
47.11998014798425,2.980879055130572,1001,0.5487481960879911,1354,0,0,3,13,96.4615152693923,0
75.2931599696972,23.345039365473273,1003,0.5224287815994757,1383,0,0,1,22,63.49290052997467,0
44.62246923929265,1.6242039174143992,1093,0.6957505315934346,112,0,0,8,22,33.611218917489495,0
85.89714504993475,17.79861201464012,1061,0.37194995618525406,839,0,0,5,17,64.78966837276181,0
29.22737060378432,19.486614031243324,1053,0.4739081015914685,1373,0,0,1,19,105.23909242980056,0
44.34215512557535,23.615365396376973,1020,0.5017623313624547,1421,0,0,5,18,56.22666816399218,0
40.8316815753859,19.980105600776508,1026,0.4506675240262342,792,0,0,7,19,60.499610049381864,0
46.56321717582441,14.082402331872657,1026,0.46190138248844365,915,0,0,7,27,52.9997411847363,0
43.66609283516917,20.430932143140357,1073,0.5396711707768489,1541,0,0,8,24,64.60591548652276,0
-5.011173028883036,19.615062278127716,1076,0.49872172902107975,1470,0,0,9,17,30.70841414145081,0
86.89971105316049,5.422865060478093,1082,0.4758219303652753,832,0,0,9,26,59.153688208113145,0
57.47925786925187,20.592327781639845,1049,0.2335460719933639,1003,0,0,3,16,49.25969940343376,0
62.47479888366029,2.4193148368453823,1007,0.5736875707725708,382,0,0,2,26,44.26649445878893,0
74.81549747108072,13.383869942937991,1087,0.4437783918182191,1560,1,0,3,18,37.436695297656385,0
58.86535074771016,10.368110131419694,1066,0.4576035155998905,1233,0,0,2,28,36.977452786105346,0
15.835006466576928,11.312835736835774,1044,0.4064531018511063,1158,0,0,1,18,24.826902661584654,0
76.43186562141996,23.737775432828332,1073,0.3622910959101999,1013,0,0,1,18,60.733923137227066,0
43.59629661948685,9.796633963618032,1014,0.6174367369637547,1528,0,0,1,15,52.668165090533186,0
-9.37899431127363,23.683456363170137,1061,0.4681812845672223,1415,0,0,1,25,113.99411516334538,0
94.33682134224549,15.969715023318097,1088,0.5439116089614258,1550,0,0,1,15,55.84039562709498,0
58.011507976077766,5.638300632699439,1024,0.4563308996688388,554,0,0,7,22,79.95255158233692,0
27.13599654457706,19.63771267660632,1006,0.6348350455425242,924,0,0,3,23,59.521255495866086,0
89.3348688981085,7.790993375482667,1030,0.4662914163666147,722,0,0,4,23,35.95398316028246,0
22.979858524625595,4.954624611097655,1066,0.5428790029632122,150,0,0,4,19,79.12265974973955,0
38.34560279685557,20.102389620138485,1051,0.47669473118721345,863,0,0,8,24,111.2274213837797,0
58.193553028809326,0.43982804508476736,1043,0.5690745655658916,1996,0,0,5,16,49.7724217708022,0
12.865535035194526,19.13421661555458,1098,0.4743231957113425,873,0,0,8,22,60.041435736210595,0
31.770609638795822,15.63542611029768,1028,0.45435680463864614,378,0,0,2,16,67.49732100536836,0
43.235197299960916,2.103417091913763,1061,0.4426272510469108,907,0,0,7,19,55.66110238956247,0
94.88132934467549,2.372792122944352,1093,0.4909703747181857,153,0,0,2,18,86.33796745203514,0
105.45826499889235,1.838486791529041,1045,0.6347121182342628,1250,0,0,3,18,47.18551087685525,0
76.90517947596595,6.525319726044591,1011,0.4930622621599931,1005,0,0,8,24,42.15668942678553,0
68.27414362721531,2.0559406571273495,1003,0.47619551749668904,874,0,0,4,12,19.16879623234601,0
-2.5713128542299017,22.953618706401997,1000,0.5399649894919631,930,0,0,2,15,88.6115392524214,0
36.45663829025199,6.523050062968197,1025,0.6233622900737406,1650,0,0,8,21,64.39269810709848,0
21.442446199332934,11.587619864409866,1068,0.5757842755604311,1435,0,0,8,20,42.89255207629358,0
60.613118926741684,20.98990839329622,1030,0.29985017893031085,1925,0,0,4,19,45.1354942610693,0
44.995557779048205,4.888878999757831,1028,0.41141285576842856,73,0,0,7,27,59.84835705288331,0
59.18403659308266,2.2315266346749896,1074,0.5705510219818888,1774,0,0,8,19,86.67054222722521,0
24.570982141427457,0.6969576530212649,1013,0.5274678138114687,1710,0,0,1,25,109.43701614022913,0
27.576330381253634,17.112942606207163,1093,0.30359412333334346,1253,0,0,1,14,73.85961653274941,0
69.73289528451122,3.931527926263569,1050,0.5938657973933317,1310,0,0,6,20,79.7091858313143,0
143.29755668016082,22.37826679149157,1043,0.36439741955581484,981,0,0,4,23,45.67515474006056,0
63.15737872763016,17.747606054911863,1063,0.26942943138089337,1260,0,0,8,18,61.45585856125768,0
92.49235375100878,2.71581615815223,1068,0.5045649981043089,524,0,0,4,15,64.66094703751234,0
35.12365483969552,22.810613618162478,1085,0.4132664792766522,659,0,0,6,20,22.7971880281561,0
31.26468634734268,10.889802218263238,1060,0.5079132947821121,630,0,0,3,18,10.26427290879191,0
25.808692126458507,21.568963909795034,1087,0.17413086015941182,132,0,0,6,18,50.461906004069846,0
114.64786032149426,21.9884915537733,1093,0.4721153676949321,1581,0,0,8,15,59.836109281665294,0
99.93925465898826,3.879368056098583,1018,0.545061174224144,508,0,0,9,20,47.70028703709882,0
79.59129517717811,15.675136086951744,1059,0.5372609250381462,1499,0,0,1,18,61.74212349888223,0
7.005445564258643,15.095721293384454,1015,0.3272562267450956,1710,0,0,2,16,52.864889844717666,0
199.18880795113733,7.149988816371855,1039,0.8698645478640249,1032,1,0,8,2,184.75302658045456,1
84.94972647691769,7.262534901808891,1099,0.5780917138087711,827,0,0,2,20,84.27942922792363,0
5.510467040527459,2.049544611241946,1004,0.5004505438914608,627,0,0,6,26,112.75154951628382,0
54.247873602196485,12.90313623848508,1003,0.6648145553167456,550,0,0,7,24,79.95915046909815,0
56.31488896764511,22.51639564906822,1069,0.5033225202857484,330,0,0,2,20,47.38143642151624,0
80.52984400530508,4.196085971189068,1072,0.3975853071724676,829,0,0,8,28,48.350948205283146,0
-5.202332335172585,4.262875666924853,1031,0.5254955399785798,244,0,0,8,16,91.41764199445387,0
57.292751829820965,9.560527727181817,1016,0.7202499692377373,74,0,0,9,20,42.51732931163103,0
-15.090322531771065,17.623761797244594,1041,0.45066005375884344,595,0,0,7,20,84.34939217189654,0
30.14053466610173,11.825973507104106,1015,0.5223211812854682,1168,0,0,9,20,88.10514701432939,0
82.13241501208415,8.810778416172848,1062,0.4752391664722537,1205,0,0,8,16,39.1447137341093,0
-6.296581181256222,2.3984857576468688,1039,0.511981482761472,1774,0,0,6,15,53.21075590743128,0
19.27439527012385,2.2438166780157545,1001,0.5057900803916489,889,0,0,9,20,83.51934028439263,0
20.167144346006232,0.020488738497678405,1010,0.4130097898796239,1630,0,0,4,12,25.787730328940874,0
37.720745777128364,19.993191145655782,1073,0.40132747657128315,341,0,0,8,24,102.90280547584828,0
34.22360972314388,19.166712382162824,1071,0.59091590151586,658,1,0,1,17,58.04039354714127,0
41.81200039323461,10.889974894501234,1056,0.6084939536436904,791,0,0,3,19,57.440336659262925,0
41.90144309524508,17.428346928000366,1016,0.3046453774543384,600,0,0,1,25,66.47786190482472,0
59.33926020328654,16.097268616969153,1093,0.4967642943872641,1039,1,0,7,20,57.52518603105992,0
-2.134138475394984,23.402748169097418,1090,0.38187106334146464,919,0,0,1,22,63.68945519839826,0
58.95355441944319,10.212759475221198,1018,0.37535752484052565,1608,0,0,1,20,115.54996732914515,0
58.17900542958243,14.621720533726135,1098,0.45951663382587493,1878,0,1,2,19,49.18516693410145,0
28.695901794878537,19.438680219669667,1031,0.6509174775009199,962,0,0,1,18,60.820310984592936,0
56.75923766122825,14.11040959282235,1084,0.5328231376689618,572,0,0,1,23,46.08047520933039,0
73.44491718381896,7.898482345146447,1060,0.6768740953558832,344,0,0,4,17,53.27306181899555,0
111.92660404557232,21.679706526462105,1091,0.338244092813788,517,0,0,3,22,35.78144960863811,0
78.87508657400305,9.615720042552761,1044,0.5431373902757394,1551,0,0,6,25,45.19959165450062,0
35.368838811537664,4.474004525044433,1045,0.4054271931445476,1708,0,0,3,17,33.126055701351085,0
-32.17420618412419,23.77829173294511,1038,0.5624316191985901,705,0,0,1,14,56.43482200735307,0
59.39396420039466,17.25307152945924,1039,0.5175378746321239,1136,0,0,5,20,109.9553042504846,0
53.77704165184877,17.57322144126867,1026,0.4737256655997439,1636,0,0,5,19,80.0982039533039,0
20.050796741268353,5.214690690411274,1089,0.527339814209252,1615,0,0,1,26,90.45406545026285,0
-10.4218982271329,15.540455695177098,1006,0.5106315088923253,750,0,0,8,24,12.046043941469392,0
27.524848201902746,18.125676748798845,1091,0.48070003912078624,298,0,0,7,16,92.99755857553987,0
72.66997516232944,12.34051634210427,1052,0.5190448072138104,1795,0,0,6,13,11.588245771492161,0
20.67334265604347,16.162099205924893,1063,0.44843846884045285,716,0,0,9,16,96.93793574817042,0
81.22862521393368,17.102905904359723,1066,0.4939054247135935,777,0,0,1,15,23.87063320425777,0
49.65454735770065,20.97710194418794,1082,0.583234943418396,1708,0,0,2,23,18.968735104773288,0
31.086246374435675,14.944637822879411,1043,0.42197832359866183,1916,0,0,3,24,101.27743185057108,0
77.83520384243711,17.699747627038064,1036,0.3989827896105613,1776,0,0,6,23,60.77892601572708,0
71.55252270414923,12.700186876364388,1012,0.5408385202536624,274,0,0,4,17,55.08061847833195,0
15.286501438601874,12.098282752224659,1047,0.5005845254333282,547,0,0,5,19,48.51767892579588,0
25.87052721020023,16.164396659330617,1033,0.5295795116242669,74,0,0,1,17,98.85354043204106,0
120.30962158437875,5.318620517739621,1083,0.6266228988895653,465,0,0,3,13,81.77563537155818,0
33.01106811191684,3.2269689784095466,1051,0.5658224381343004,1251,0,0,5,20,65.65062285154693,0
28.489515526161913,0.9855929699186783,1084,0.5579165798262454,1219,0,0,3,17,99.57440235036208,0
83.98414091524421,20.688155334446115,1002,0.5411163854351628,251,0,0,2,22,33.141262399695464,0
51.33076392546821,20.620365362656226,1084,0.4561416875832818,1211,0,0,3,25,20.20191622754679,0
36.89707288285348,2.9576320322352956,1013,0.5203563849668075,186,0,0,6,18,116.67678829826784,0
50.52839755800972,15.496447804181777,1039,0.44042981429620537,430,0,0,4,23,72.80301643603498,0
66.53051180678898,18.298070919497363,1004,0.5075288083249497,1926,0,0,9,19,84.03580991224939,0
2.8654294664635103,5.692024351166315,1039,0.4893470471033112,1488,0,0,4,14,16.92172844157109,0
60.750335332280095,13.164935809708531,1086,0.3934737651174768,1005,0,0,6,20,76.5251916280028,0
47.89329138276123,2.1085683259522936,1057,0.48431214733412137,1916,0,0,2,12,72.18206117988846,0
-67.67200754855027,5.524403792016036,1078,0.43852102608776455,1796,0,0,6,13,29.321366334941477,0
50.44064584187591,2.945761312190891,1091,0.59709609897393,38,0,0,1,21,36.24718284756845,0
44.48438320522371,14.546144173356883,1030,0.5352632659921363,1461,0,0,4,21,61.10045092920875,0
11.420008804505187,11.622250306718705,1098,0.45791122330580947,1766,0,0,4,16,87.55790779697743,0
56.98360228820491,12.61174152502362,1088,0.4972278458407382,1811,0,0,2,22,41.75767332612203,0
24.971545698961258,4.846580748287582,1061,0.6318401165281032,857,0,0,1,21,50.629019339119935,0
-2.8912046608820177,7.927464129524317,1004,0.5243095779430984,1887,0,0,7,19,65.1503404520494,0
85.51962329590668,3.994066510358466,1040,0.28266736926217895,1651,0,0,8,21,101.06573860209414,0
203.05467840177346,18.668781443162136,1002,0.9474985490985436,363,0,0,7,5,172.96421712318894,1
39.221237276388216,11.030088141106653,1016,0.6517266652040367,536,0,0,8,15,90.69570179658226,0
27.974786036645128,12.83182960197804,1044,0.7057463990890467,1303,0,0,8,21,49.66387905599832,0
65.02751562873142,6.783014542835835,1027,0.6130748975543757,1396,0,0,2,11,80.81854903640674,0
47.10128989955331,17.000614464927867,1016,0.478440226000046,1585,0,0,3,17,88.1806545629021,0
1.0858026885457974,11.700661689719997,1046,0.43646618669381904,1633,0,0,6,23,84.68584668064739,0
18.655724179368992,12.747471181551932,1036,0.42089382958922444,1885,0,0,8,16,52.87934519486603,0
13.074070506981343,21.652658841184216,1060,0.46892460518810314,644,0,0,9,25,35.71163335970466,0
112.22248009249921,4.472003432265776,1023,0.5242872928701996,1709,0,0,5,13,113.0353146257464,0
37.59604516630172,22.568361064084602,1061,0.524178345289409,970,0,0,9,12,62.534646269532416,0
-6.494506241757513,20.222121106408018,1015,0.4354498449943187,1612,0,0,9,21,52.823717977557216,0
75.31518528925211,6.040305692647447,1058,0.46844833169151634,820,0,0,4,18,43.971174615478816,0
51.80690629823079,15.8823637134575,1025,0.39182010039215215,1419,0,0,9,12,32.59318132274603,0
69.66211489550712,20.417536430064896,1030,0.4193159197598797,361,0,0,4,18,73.26841594174452,0
54.742676759695534,17.61610210904842,1090,0.5822304739948226,1342,0,1,6,19,84.30124533249227,0
24.946264880832945,19.40165519514147,1063,0.6308779459208976,1744,0,0,7,25,87.46418077814477,0
68.09742501714182,21.866043157777167,1045,0.5541817745887023,607,0,0,7,17,31.48110823046272,0
47.5185492831052,15.623245725779276,1021,0.4846595709311768,729,0,0,7,32,44.233700784895646,0
45.2075450602524,17.987892131080216,1031,0.398386830094952,1355,0,0,7,26,75.03773440802492,0
-1.7218543260410613,14.5954306171956,1031,0.5474063167458537,1489,0,0,2,17,42.90836003441771,0
46.98572838284885,7.075000416180224,1026,0.5948955828581596,1820,0,1,1,34,60.89491223953242,0
40.73119956206278,23.26712470909997,1027,0.5161563598913695,758,0,0,6,18,66.60581850371733,0
54.02889491743379,2.8618778716622684,1036,0.5325029109782604,1882,0,0,8,20,29.737146570954252,0
73.84769341626676,17.717253732968214,1071,0.38904764444603096,558,0,0,1,16,123.3552834788694,0
31.331893313180117,5.521742906488882,1049,0.40908885604884526,1584,0,0,8,24,47.9839646038358,0
14.323026047686128,9.482997234589615,1023,0.5254194137475491,1278,0,0,3,14,70.16844281629379,0
66.2272555568297,13.761042912037404,1051,0.5168253330036578,1183,0,0,8,16,7.975916541999588,0
57.5658456270286,7.57995588367337,1017,0.5486573291545845,279,0,0,2,13,88.82038713825345,0
29.011975738929085,19.81325710602447,1056,0.30336718435260607,192,0,0,5,20,52.11591379158226,0
42.530790341579745,14.60084617670966,1086,0.6097779894767019,479,0,0,6,25,48.5481101910311,0
91.1160843199014,19.42190008208358,1027,0.461041826528359,506,0,0,7,20,21.891527067290575,0
68.68832091239925,3.224870733408567,1014,0.5838604815294228,1459,0,0,3,21,50.72119840575068,0
78.65426961503715,10.440286258499405,1054,0.4452442760133596,801,0,0,8,24,108.17659335513908,0
25.154111811042963,10.551415692596317,1068,0.30396953974389973,269,0,0,7,13,76.11531815804565,0
33.60777141608981,17.885283040596434,1087,0.4043459775429125,191,0,0,6,23,70.92110324826587,0
43.36872609388848,5.851772462409716,1017,0.503011351876883,943,0,0,1,19,70.0443018106518,0
59.37134631399715,20.90434289744998,1062,0.4260192017681318,215,0,0,4,24,81.92310526895884,0
31.052668125040057,12.26045675913115,1031,0.40220288577151286,1923,0,0,1,15,83.05500929901554,0
55.94254282303565,11.615778007980957,1022,0.500846815048589,1071,0,0,3,15,80.28225845901301,0
28.9613128762535,7.401341109639856,1025,0.4727686469316247,910,0,0,5,19,36.54603218193699,0
43.56387006446109,21.73853029885263,1069,0.5700092769481434,1953,0,0,6,27,28.634774012425193,0
36.39090837224951,2.034734969514105,1081,0.4552086004390841,582,0,0,8,19,61.54416585467928,0
67.17748344068475,16.559788712503348,1052,0.5088792037425223,1288,0,0,5,13,82.11844729357428,0
32.69289033012791,1.3317773057054563,1020,0.4247498876064216,1373,0,0,8,16,93.02484985028511,0
53.785337109859015,7.177925079729872,1029,0.5300223816784222,1761,0,0,2,22,76.93096299388706,0
46.371555541766554,6.117166953868407,1071,0.47217965359897085,1520,0,0,9,26,85.0143718594733,0
53.176833593457026,3.2904765137838874,1083,0.46278492847083186,645,0,0,9,12,98.87897004943761,0
43.08797857382698,6.115016537551301,1085,0.6283334399404694,1760,0,0,8,18,65.28406936548757,0
73.89020059246496,2.7565456640442374,1059,0.40931318404568723,647,0,0,6,20,86.01521937368604,0
42.58467852438209,1.8639806826804852,1023,0.6364376094197222,1763,0,0,4,24,51.81627029309007,0
143.38730603131523,4.28863085487152,1065,0.46186586753097725,1230,0,0,9,12,37.40651981805195,0
39.60720481979301,8.639364436240067,1091,0.5283168544598514,1714,0,0,1,18,95.07217267014437,0
8.950548835015688,8.761215698532741,1018,0.49471927692224615,117,0,0,1,19,80.86225583108322,0
25.51348266374106,2.7230520365944573,1013,0.38845792924308575,434,0,0,7,18,104.57968972221843,0
64.25775814151935,19.996579306455516,1006,0.5235826435684685,1574,0,0,5,14,46.938364715008184,0
52.545963750833124,16.554610943905665,1049,0.4557478105228595,1804,0,0,9,13,49.39705977077104,0
73.90105781212226,10.974259310203696,1058,0.41104734912903074,711,0,0,6,23,95.76967874158007,0
75.15472323354925,18.88935969576879,1089,0.5661559745881465,1761,0,0,2,30,26.81231097772156,0
55.05964015900183,10.208526583888409,1000,0.5889683314334264,883,0,0,1,22,35.4798063925556,0
32.461468080284014,5.245163076493511,1080,0.48874431677187924,1289,0,0,4,18,48.31829664300741,0
21.012610407402377,15.04674852580212,1085,0.49855630736322865,278,0,0,5,22,64.16538839610456,0
41.14730257286281,9.321436329213286,1039,0.5764186336222246,408,0,0,6,20,56.836969994879766,0
57.3229533050716,2.949306947073336,1098,0.41526916568667255,970,0,1,5,24,83.73660780714062,0
16.19697593270584,3.1748089922305303,1040,0.5638126721373776,1792,0,0,2,16,109.74850008643446,0
46.53055152835278,5.223981025582518,1064,0.6043674365651492,893,0,0,9,17,37.68640493181921,0
48.64867645967228,10.538419337983461,1097,0.22810880031521702,1265,0,0,1,30,99.77211879744652,0
52.93028295646495,18.99777381432067,1053,0.40801835919753693,1514,0,0,2,22,94.89131538679024,0
-14.601703408111447,18.737231896956537,1037,0.48992095720964185,1133,0,0,8,19,71.1551158527275,0
74.3008171551835,20.895947462850145,1079,0.6203359208960089,1564,0,0,2,18,59.786986307724106,0
-9.458934572161397,2.3933664015856495,1016,0.576538492526105,1788,0,0,6,20,18.836616057273183,0
87.7285716907808,18.434157725259364,1046,0.464819737981234,1196,0,1,1,16,24.586684042737893,0
64.7423826906658,22.12402823921057,1044,0.44678795754533857,1381,0,0,2,21,93.59323192099623,0
26.27687242743939,11.124037588012445,1058,0.369693714204676,261,0,0,5,19,60.84509858788337,0
50.38485930631055,8.984089511044708,1028,0.6239366849873782,1323,0,0,4,14,29.10710553527901,0
55.57065741256217,7.88057645585293,1022,0.51828980199478,975,0,0,7,13,49.53503714056876,0
68.0742030884709,22.873626870490998,1006,0.5263989320805663,1509,0,0,9,20,19.135266309431714,0
-8.898674435169227,21.8912616461564,1002,0.41746789339158813,688,0,0,9,25,52.453105586959644,0
58.30072397990057,13.253161633311109,1057,0.48462764208475295,1578,1,0,8,24,80.6417257339347,0
61.08926576594282,8.91806018190084,1055,0.26053551343228526,240,0,0,1,22,97.21912299702916,0
60.39465427693978,20.57795631961922,1024,0.5114483710263417,505,0,0,4,26,23.274129056123627,0
23.33420905892976,0.42707736030780463,1001,0.4110891641701664,1796,0,0,7,9,87.61406639546585,0
43.325753096652036,10.856980248559214,1024,0.4218375586636968,559,0,0,4,27,104.94150175350815,0
14.902494928691361,22.40404504085844,1039,0.41193539619190034,217,0,0,5,15,46.66127629276775,0
52.559544276950724,22.383119177744632,1063,0.5357672682885953,1000,0,0,8,13,42.99972777479647,0
62.637421360729405,9.59942757809141,1029,0.5055350712732578,1677,0,0,7,16,45.451330031714235,0
20.807931773553335,2.0342273586077244,1090,0.4924256693892591,130,1,0,5,20,30.147986494878406,0
41.50544345360373,0.49833815338706344,1044,0.6246975315017558,182,0,0,9,24,51.048684099105664,0
93.66303451745975,0.10496829842350852,1058,0.48135956100102173,1614,0,0,4,22,92.78868620635507,0
87.57622193087693,14.188434890785757,1060,0.36998402689976384,1591,0,0,2,20,77.57399799218135,0
55.35587509161434,22.289380751809066,1081,0.5483137395352927,69,0,0,4,21,93.69543406928817,0
48.7818130496441,10.47243177511654,1055,0.4552813883179233,459,0,0,2,19,16.51461928971606,0
71.65016192129706,17.101870637934258,1001,0.5333220300632145,928,0,0,8,12,89.06806369817559,0
3.9040792885388456,2.5184212443457037,1075,0.5882104713539762,999,0,0,9,13,24.069197423109948,0
53.89994677404786,4.20546031240872,1019,0.6634940967834773,742,0,0,9,11,43.13220151352223,0
85.78205496249242,15.491772939992469,1051,0.5950440086534637,139,0,0,7,19,100.46387120748,0
46.45794419026764,10.91844172313867,1080,0.22443513274332372,1541,0,0,6,24,70.84921770917398,0
51.45564883834481,12.809295872449935,1038,0.42260639725904003,851,0,0,6,23,27.939616464044818,0
74.6618047998347,21.155202357109346,1058,0.561282369701387,832,0,0,9,19,82.03589240895954,0
30.44974633530753,22.582958910214437,1054,0.5199500239591897,680,0,0,8,16,91.92656296501964,0
80.97972549866037,5.027242363325653,1009,0.5438931005379994,1347,0,0,2,21,34.28867748141161,0
76.85579660083197,2.5897372133514276,1022,0.3933886123267445,1268,0,0,2,26,83.81575136571875,0
62.18282056546001,12.525980896375646,1091,0.4037723025119563,173,0,0,8,16,76.16679921931421,0
-4.031732024582169,8.939206747816158,1050,0.8402737652127908,33,0,0,3,18,27.54533836250706,0
65.34498726085585,19.732389739601615,1080,0.30538149822149263,1135,0,0,2,25,27.235729067451274,0
29.238044040059247,22.090718973498856,1021,0.41140495809779337,64,0,0,7,24,38.782720702018196,0
35.46114306199756,18.70143962597413,1095,0.49508727931643887,1903,0,0,8,24,43.93509959521387,0
73.52439249060495,2.2392282805740864,1046,0.43832099017165166,1984,0,0,3,16,76.26308496853576,0
-12.980687932570767,1.83764740368279,1057,0.5602275078302079,1782,0,0,7,20,73.96774587146845,0
79.27450158034128,12.076912081799135,1095,0.579100387501521,1791,0,0,9,24,66.53882963705556,0
83.24548450212549,13.145698663782575,1060,0.440133381932217,882,0,0,4,21,84.93516729829753,0
85.75698003240718,15.747289057968477,1011,0.5027943179097334,594,0,0,3,13,46.86447522323202,0
63.53678048408297,3.9135808166415256,1029,0.4919103787255931,1755,0,0,4,17,42.3350399988565,0
30.377729506177285,7.665218804008444,1033,0.6290952602002712,262,0,0,5,30,37.50915781877127,0
41.827699501889384,15.794221462552027,1027,0.6603636405835519,915,0,0,7,14,53.76031250590887,0
25.261639707049344,12.943158332022271,1067,0.44243549602691806,727,1,0,3,23,61.93961674023492,0
44.73308163502354,16.941760063839798,1098,0.4035823731018764,579,0,0,3,20,104.21392003801623,0
74.52401380095117,20.351102190940797,1070,0.37579402736957157,1817,0,0,1,21,68.51231037003461,0
44.12644187094256,15.844511939948601,1078,0.530484526408794,902,0,1,1,20,77.76664363377381,0
29.599258352645275,0.8377406177546227,1062,0.6001905158831631,173,0,0,8,20,59.94712562249856,0
62.290560312396494,13.60631885231243,1029,0.4258946116651938,1983,0,0,5,23,40.90006274553718,0
35.04098312634646,1.0013950284840787,1023,0.6515769690954691,111,0,0,2,28,28.31470224736382,0
7.795549715073854,15.286645810245092,1097,0.3222211125679614,634,0,0,1,19,91.52546188170683,0
34.05765796584725,9.145938495415336,1004,0.5909350805505452,1462,0,0,2,18,96.48987399793431,0
106.12895526115346,13.06973019573202,1062,0.5000363834842231,761,0,0,4,17,57.2678890398885,0
3.5414510340876006,21.908608559145296,1029,0.6013429880203031,1163,0,0,9,24,41.62981813252787,0
56.991288545884515,11.05781321426812,1023,0.5798239100825859,261,0,0,8,21,44.3854617194832,0
2.964217239036323,20.534989588221052,1097,0.43051136475056195,938,0,0,6,13,52.07262216537314,0
0.859128276919499,18.84707200134416,1002,0.3297084604785403,1643,0,0,5,23,46.05890290748996,0
171.54486131513528,15.494864119959047,1087,0.7769512631723501,1897,0,0,8,8,178.1095752887667,1
-0.08215843364115472,6.368219395366396,1071,0.4842166611879431,535,0,0,3,20,66.62299635090369,0
73.56036809030849,13.049734947934287,1014,0.5532162320750386,740,0,0,2,15,4.594618481714043,0
43.43401244793123,17.758350035289794,1093,0.48348838296263175,596,0,0,3,11,73.57025311045253,0
74.72308690567118,20.768899236025394,1095,0.6033167738674595,909,0,0,8,21,121.51269357789212,0
43.25432054575764,0.9658744948620166,1093,0.5190268529873127,44,0,0,1,15,98.40144270652141,0
75.78754617030668,21.114406509829568,1087,0.5067178417902333,223,0,0,5,25,60.3185299596356,0
5.671627792416658,3.2859790194453735,1006,0.5830571801765294,1499,0,0,4,20,53.09260528580053,0
53.9335797402544,10.975678949057063,1060,0.39083075490626534,732,0,0,6,25,61.06030750213336,0
-5.748744646753224,1.7446081420511144,1020,0.4764782173928763,245,0,0,8,13,81.9767617390569,0
45.78339543492705,6.534104625227186,1059,0.5382441215248249,1133,0,0,2,15,111.89447528712,0
43.93422042698318,4.143756859977574,1062,0.5485907830245426,592,0,0,7,9,37.40732093077705,0
44.838759222035826,15.647780492780516,1061,0.4407796218147683,251,1,0,2,22,42.551411816719046,0
66.33873723498016,1.5216477585553534,1063,0.5711985736638,1184,0,0,7,20,81.82619818392631,0
39.321952487390874,21.914610886069188,1079,0.5161131088327218,1106,0,0,9,19,56.02903725782203,0
43.175712201397765,10.587571801123245,1081,0.6020944832657102,473,0,0,8,14,94.36989461710041,0
-9.34675748124431,22.132793372056447,1027,0.48892403642199467,850,0,0,2,14,63.52175385936225,0
62.60574628684975,13.322046011347673,1071,0.35242702499326617,700,0,0,4,21,54.69985559448825,0
35.670632521879845,11.024312911856192,1059,0.4954396562936184,1649,0,0,8,13,64.50327969217018,0
55.88722822000162,23.252217770361398,1011,0.5881664959215913,461,0,0,1,14,93.00186213019497,0
21.865248802546315,17.716605535787977,1039,0.45484528983783007,539,0,0,9,21,36.30119987522096,0
226.99431904770628,11.790259169033398,1020,1.034000450736201,446,1,1,5,2,236.93301539636593,1
78.92261504865073,12.35441697781063,1000,0.48948652124843295,1630,0,0,4,23,71.50626887013104,0
28.304946835118212,3.5379303956262573,1072,0.6175458879888676,891,0,0,9,20,14.490546835420531,0
43.865863370416356,7.323799932894953,1098,0.5411456397138343,768,0,0,7,22,19.993139171062573,0
61.87459343287769,19.437033960925664,1043,0.6079828227542988,871,0,0,6,19,30.302659609833807,0
53.51982149926346,7.345420757188221,1053,0.5641896809760961,1809,0,0,1,18,104.53847247372303,0
62.81583085615055,8.595524793640635,1096,0.5167709274792448,1670,0,0,1,19,48.92110598139695,0
48.762210420498185,9.829409590002122,1048,0.5201064150763898,250,0,0,7,21,35.34217578763078,0
30.755552143311434,14.65214817700366,1057,0.44140376071190646,1723,0,0,8,15,54.835678394166386,0
50.37497965721751,16.677290059374723,1041,0.6457348598648412,880,0,0,4,17,60.470391119020704,0
39.211109826426124,23.82539087024707,1025,0.46627812575910804,427,0,0,2,16,70.85006345866523,0
22.61567242110461,12.363304163066415,1036,0.4015022587915113,148,0,0,5,19,17.96037585465651,0
27.785296810035245,3.150293066228903,1004,0.6148545716519216,1785,0,0,5,23,78.81388209045575,0
32.302538112502006,0.7592548131103776,1022,0.48843150460917517,822,0,0,7,28,47.16112066226665,0
-6.094490185964922,2.2378780613126006,1008,0.36920640105612346,95,0,1,9,17,38.56316983382468,0
7.997878304509726,4.58839293833559,1098,0.5617753060494844,1121,0,0,5,16,67.27255680880197,0
42.88964089962117,10.362420916765391,1076,0.3975927161559724,1544,0,0,5,15,77.16462294230872,0
65.48534861344875,19.195906897197638,1079,0.5328427878173798,1526,0,0,9,25,47.90146420344535,0
26.748651109512807,11.762176589144675,1089,0.48197404089764895,1795,0,0,7,21,77.86051148539633,0
63.899045307026924,10.409478714590634,1037,0.4824647177456128,318,0,0,1,16,81.69231506233302,0
115.89938164936862,13.57940722046818,1049,0.48156890319273327,1455,0,0,3,17,11.181027901436572,0
34.22734934957717,7.767906744859206,1022,0.5634247958555575,842,0,0,7,23,40.05306354000915,0
26.52204207744233,9.924404505086372,1037,0.5799861110002553,1563,0,0,8,20,83.31241762664345,0
71.95866507529537,1.26208464514505,1012,0.22408248974852524,1864,0,0,8,18,63.920495703536425,0
75.84908373493832,14.599142729805525,1074,0.6877402448202945,1851,0,0,7,25,87.26344104411186,0
12.877200853322826,22.614268167805466,1029,0.373945784617407,485,0,0,3,20,50.87014981271627,0
183.03995302559014,13.96056995754495,1069,0.8776873357273064,1584,0,0,3,6,221.55388756032994,1
90.24427746592643,20.419342991218777,1063,0.49247086057002065,824,0,0,9,11,16.72498965188022,0
41.34274648537696,6.601842843310152,1036,0.42429840482576436,646,0,0,2,15,61.79519866623903,0
142.2268739915906,7.1508465756276385,1034,0.9299765430528267,145,0,0,4,4,214.143723068137,1
66.21768625436722,17.413564735940827,1028,0.49445777330334456,1360,0,0,3,21,58.35717293489949,0
28.35292752979912,18.052865182809796,1035,0.6721770010763751,276,0,0,1,20,41.65997114099045,0
-0.8492031554983797,19.3376597250338,1071,0.5952585988918698,165,0,0,3,20,105.90261376733298,0
81.08262953138768,17.67737287127627,1037,0.7255695389578865,1521,0,0,7,16,40.44651932572036,0
34.768496925508586,15.180810451306552,1063,0.3362088016331066,1421,0,0,6,31,67.54120248300012,0
49.273014983909235,13.598441220971747,1054,0.6284240758372185,1815,0,0,8,26,20.48648630137331,0
32.0468725825686,20.437226809184814,1068,0.5370943549629075,251,0,0,7,20,26.917180977344223,0
80.97395781653441,18.319393852323117,1058,0.6543157743577078,1555,0,0,9,20,72.27938250616259,0
33.52523174708671,23.6377019792379,1084,0.5918581885114418,1184,0,0,2,16,0.6916254750974602,0
76.29817639526539,8.987469558110101,1045,0.5195193207706391,442,0,0,8,15,64.32600059937262,0
75.90311840569636,11.190161786816962,1039,0.5855399272883508,1726,0,0,9,19,28.51114326494564,0
52.09406254970057,18.10855937821355,1098,0.5215425858583718,1424,0,1,2,20,54.23673007987472,0
69.15980505929306,7.322620565089972,1089,0.3555182588674787,1480,0,0,9,23,59.38449944065231,0
31.8241753772332,17.171620314585347,1051,0.461237302743921,549,0,0,3,22,60.954672276860116,0
31.319014405382188,13.210329310730891,1084,0.5456507844315357,1224,0,0,8,35,44.19002673473691,0
40.688270258673036,13.098651677398502,1062,0.5774216541818358,1396,0,0,4,22,79.78389898312409,0
104.54185767673474,20.549857000598887,1085,0.5427574968298822,137,0,0,1,19,55.833477829429924,0
49.5808031457178,0.8228432542368909,1094,0.3779119468291229,1031,0,0,5,17,23.565998471270355,0
79.8289648006287,7.835863863918038,1003,0.6075510042296121,645,1,0,8,14,110.24526523177643,0
65.12812244115152,19.891734170529162,1029,0.347747846487386,487,0,0,9,25,97.59123762987653,0
28.592459902784725,13.085065891617603,1041,0.6026059440731226,639,0,0,7,21,2.4447329827508,0
48.82567919094974,11.142405658226721,1034,0.5612044801058955,1203,0,0,9,18,56.800134868601944,0
18.025918659537254,7.1513892563194625,1076,0.36753761520974304,703,0,0,6,22,61.82166192933917,0
68.7595500206451,23.20074280306371,1092,0.66292932097224,1728,0,0,6,16,95.53006768258629,0
54.43267722200385,16.276303041889598,1012,0.3293541444840528,182,0,0,3,17,95.03728248204578,0
51.62154988538003,7.57902519205974,1023,0.5248796134059515,74,0,0,9,19,50.1892944917295,0
93.23819867198347,17.331733903599066,1013,0.2934116876109032,601,0,0,5,17,44.71949975425182,0
24.88729599154881,18.374718816531967,1083,0.40947884098502885,1202,0,0,2,14,64.32836161754518,0
32.10765776093361,9.059945019300542,1083,0.5961984626021195,670,0,0,2,20,91.09500599229175,0
98.38934511779163,17.42886690333841,1089,0.3371635768184329,306,0,0,2,14,53.86765499551372,0
195.50673870687524,10.267669579835072,1037,0.8109571438158154,1507,0,0,5,4,146.0297244652291,1
47.940978617435945,10.259852927863685,1057,0.40284943541427054,1723,0,0,3,21,97.07855516143306,0
78.72611489839302,21.911649754344207,1025,0.547022696318504,403,0,0,9,22,107.6174483397148,0
51.57372160668332,11.355961157617717,1070,0.49994319213380617,1204,0,0,9,24,74.99380072050356,0
-35.638799887131725,14.546985333191465,1009,0.4695739519110657,31,1,0,5,27,39.1428361243499,0
27.940896179541433,21.53613517365045,1003,0.7821302969483965,349,0,0,6,31,54.110290844205885,0
29.668538907436815,6.102057662749052,1008,0.47800806023774284,305,0,0,1,25,51.84909836841991,0
55.747321885822686,22.823236474857584,1068,0.533174408687028,589,1,0,3,25,72.64205864988749,0
16.17511703140884,12.404604612895618,1059,0.5158948103963985,94,0,0,8,12,62.440409206111205,0
38.586322875009465,8.667300410537388,1059,0.6213665725072256,959,0,0,7,19,21.19024602845535,0
36.46091406969006,18.287108133342944,1089,0.621465785044556,776,0,0,8,25,74.75841463971891,0
87.11542400867027,8.535562387960724,1071,0.32106557295058147,818,0,0,2,17,78.55982677625065,0
34.45189345179058,22.957173809500958,1040,0.6088237080388725,1951,0,0,7,26,66.0079502462857,0
28.072098801742428,17.453815669679496,1061,0.6617908501887202,349,0,0,2,28,56.6512788840082,0
95.73915789448269,23.239660949570442,1057,0.5579569921913137,1119,0,0,3,16,61.713854163943154,0
37.46650962459144,16.054873858975288,1091,0.38731265619459687,1082,0,0,3,20,35.38934953377198,0
60.80492551837301,8.518028168752974,1058,0.6825080630957621,536,0,0,2,29,72.15196516901945,0
21.236646314396754,10.20163616678418,1099,0.49083084871763694,1808,0,0,6,15,55.298436971074395,0
48.96348128138109,13.304736979881836,1081,0.5158804315788011,329,0,0,8,17,44.42620762342717,0
49.23277063424017,5.840459856806369,1049,0.5427215167383668,1412,0,0,2,18,81.3025500039391,0
43.07641543691834,23.10174926786863,1093,0.4980242034342382,1461,0,0,2,32,35.00253701375222,0
23.28293568226957,21.65055517723951,1004,0.5651378301703522,1674,0,0,8,19,41.59596445152013,0
22.514242535562726,18.58117339599261,1076,0.5329056446921049,1495,0,0,8,24,51.753458730131634,0
32.580550923381466,12.702132982818004,1036,0.42602382219599555,855,0,0,1,14,99.37845360681519,0
75.47306332229432,12.892996305477327,1048,0.5068322683583543,1158,0,0,9,14,69.03637177346371,0
68.16540953372495,13.051572164223984,1042,0.5430021310868246,113,1,0,8,19,52.49690652458935,0
73.93925763745716,9.621439638399037,1061,0.32031837959425313,627,0,0,9,18,69.2318515591885,0
44.88842703835412,10.124601416819925,1059,0.27486907075968603,1800,0,0,9,18,86.41426125094601,0
83.327334342033,16.96918331815172,1093,0.6330230998474977,1398,0,0,1,29,43.65849801547458,0
54.159355511302536,10.25845606923113,1096,0.5355084645896337,577,0,0,3,15,83.34981053624715,0
90.0671136661027,2.918690758972825,1085,0.7349378894176212,480,0,0,9,26,43.57075435817673,0
2.3843579096463827,12.557861743417364,1046,0.4748473957416084,1832,0,0,6,20,58.70049998695477,0
22.800543645371214,11.794899445633247,1031,0.3112230956905976,329,0,0,4,17,52.315717911025864,0
10.635103964134466,20.236407039776427,1022,0.5057777038169426,702,1,0,9,17,64.63050414932378,0
16.376970479112515,3.5079684914840943,1075,0.48394941937510355,358,0,0,1,17,82.14891726722722,0
55.30462616418194,3.164447751441527,1092,0.521343688283387,142,1,0,4,19,76.82574339085753,0
27.62173620573196,9.461807708037993,1097,0.3690789065587467,1262,0,0,9,20,74.75975865317737,0
29.795281272683944,12.305675286845403,1095,0.6492470377564674,1446,0,0,3,15,82.14900309693634,0
77.17152801492097,15.016157097330208,1085,0.6005532636077293,700,0,0,5,19,24.284413569984913,0
57.48352837790217,17.224615452991976,1076,0.6420567496054462,77,0,0,8,19,67.76084167479611,0
80.91979424724678,17.570875209855124,1016,0.5505657553800564,1447,0,0,3,18,57.18780875318634,0
39.126771757906035,5.695539861474037,1082,0.4699312935802524,1779,0,0,9,21,84.49337597820065,0
59.49074964608434,23.226103760954917,1085,0.5944689223317547,383,0,0,7,16,41.10323008086429,0
29.94964415459595,17.335588255054894,1024,0.5369186491167794,1163,0,0,5,20,44.59653726010959,0
76.95535113654694,15.25562570781453,1015,0.5812619090275803,858,0,0,2,13,47.76737377439438,0
74.59219151774285,22.063162521064186,1013,0.5973362380915088,1073,0,0,7,23,73.85912544103198,0
31.563836489267153,13.773873744801548,1076,0.5883538307522883,1907,0,0,3,32,33.093629347674366,0
84.57944309785077,13.710283882622866,1078,0.3249695706179947,121,0,0,9,22,77.12379918303563,0
78.30793328818838,6.580982521445875,1092,0.5253058022032885,178,0,0,8,27,57.46707724757962,0
-17.981562824478488,11.232832630145449,1009,0.4848833151857536,1916,0,0,7,15,47.479296181952094,0
57.39514335296015,8.518607147741802,1066,0.3686327163575035,1748,0,0,1,24,59.65991973014951,0
82.48073161661219,14.292062413747388,1088,0.4957312518981839,1584,0,0,9,26,52.51896172922599,0
18.802822186234074,1.997224865761691,1052,0.3739506417328715,1865,0,0,5,12,69.52070409057237,0
33.64738310013229,2.382243583420678,1008,0.5205239367521656,802,0,0,6,18,80.32716091581858,0
17.568100172003078,7.9418059938726255,1031,0.588580197567713,784,0,0,5,25,77.75826310390214,0
145.7343566246447,11.077680907917234,1070,0.9168265134031319,1328,0,0,3,4,215.4961347346171,1
44.12904406559296,17.31009833831375,1013,0.5241023388175451,1751,0,0,7,22,47.24027793914864,0
31.76528322153127,21.51449845724968,1064,0.5762069437999942,1149,0,0,3,17,64.56594403670337,0
40.34741888029375,20.654285393182832,1015,0.42352832240699495,824,0,0,2,16,63.608704845132216,0
56.69812507760783,16.94068946151015,1029,0.40390555041944415,1981,0,0,2,20,47.20487057721954,0
74.61032037837369,13.242773481458487,1091,0.5175676183680007,176,0,0,5,23,55.25129718565121,0
55.16763159233113,23.01620264660943,1086,0.45143880429392935,1937,0,0,5,24,53.48885811125525,0
38.287737851585874,17.88363968464286,1059,0.3194801689869535,435,0,0,4,17,68.68168526960102,0
30.893528331831273,0.8074517410502899,1040,0.5732623608123946,1430,0,0,1,19,103.78565411564233,0
87.82548559997929,3.0725943086658427,1031,0.3095533652907402,361,0,0,6,28,64.53833292981105,0
5.444415119002038,14.493487203474533,1045,0.5040364093936782,910,0,0,5,24,27.243261357969644,0
51.67174736866084,23.97227585243115,1062,0.5001439172123947,906,0,0,7,18,34.014644469313865,0
25.04533375308666,14.56868770522912,1001,0.44017467255685727,1320,0,0,3,23,39.61841531529949,0
60.81325028878319,12.681575601635679,1073,0.3183040228053496,1037,1,0,5,20,111.4667947099338,0
76.18451249535003,10.64149598000258,1074,0.4004135349096584,709,0,0,6,11,49.09299796519713,0
29.896543986373015,16.572159168267262,1065,0.5087459471818306,611,0,0,2,27,66.46780534447205,0
48.462924934034255,17.53419439431881,1043,0.28240239806140427,852,0,0,8,15,105.49564645570015,0
65.32376265582784,1.0373556340266958,1096,0.34457960190710696,711,1,0,4,25,79.2895167815392,0
63.44235023038675,3.8277752119490396,1022,0.4895539320659274,1282,0,0,9,23,8.895259556459521,0
55.041794179004604,23.706559971290936,1014,0.3506362627401153,806,0,0,7,26,37.57459372547869,0
1.77016918645824,3.742230052171956,1040,0.47797640854019474,1759,0,0,3,21,74.18541090356969,0
182.4856846832551,1.8286564943121961,1082,0.8135166347206805,619,0,1,7,7,191.42369547749158,1
27.00600706940637,23.10365136545826,1001,0.5883832400215503,575,0,0,9,13,43.498284680686666,0
83.65573568691413,22.027095026656315,1088,0.5610319126023197,1123,0,0,1,20,88.73368280150169,0
45.04758304990862,8.113017983928955,1086,0.4882696785317766,684,0,0,5,17,14.896189738995176,0
11.116500072503165,12.852201335147946,1020,0.3137182632544413,841,0,0,7,22,80.83931409117514,0
57.293703755386794,23.070701816817273,1073,0.5140982664542605,1683,0,0,7,11,47.95976898351473,0
42.941782700826835,19.731477109688953,1061,0.4017428077996753,691,0,0,5,27,49.43943297324409,0
86.51475562476489,16.785092777597306,1033,0.4432042168545516,1687,0,0,7,24,82.21845692260243,0
62.84558743431728,18.15107817264945,1002,0.4624915075033724,109,0,0,8,15,39.373362030190066,0
-8.10258107507395,5.129307667728418,1087,0.4218744281142552,1840,0,0,6,14,39.25997975874896,0
31.880581220923116,21.29140796865945,1042,0.28739042241007845,652,0,0,5,28,75.17587130713439,0
15.32877275249254,9.847527063430508,1087,0.5140200596508326,997,0,0,9,13,87.70494469227218,0
127.96468700223747,1.2326657527851568,1044,0.4486524598143102,116,0,0,9,19,91.51622004826869,0
26.987976337990986,17.315174408600374,1017,0.35599855549291914,389,0,0,1,24,49.91363951245729,0
133.76626603729883,17.43769699986705,1093,0.4877789851486101,516,0,0,7,18,73.10496287107723,0
31.63289796476749,10.990060012790902,1078,0.5283902156458901,1107,1,0,5,25,69.9114793248972,0
107.38064403070388,18.83135794725438,1065,0.5546975764798838,1760,0,0,5,25,30.343778224129256,0
87.07434860020817,16.172111068007446,1061,0.5110190175192096,896,0,0,4,27,95.00098073128052,0
83.57734752692288,20.768983490227782,1039,0.4549751019768946,1183,0,0,4,20,72.88854514547737,0
4.9857035251099475,17.456484409823027,1028,0.6032382670530825,1974,0,0,9,13,65.46293773547478,0
48.01602156122533,18.441853034736823,1092,0.4923472081441876,549,0,0,2,29,101.1006559602487,0
20.1693480310738,9.94519606455064,1029,0.4724819234374882,1946,0,0,2,23,40.30854280758602,0
112.99165367499546,18.190505750547985,1015,0.5714342834879617,1886,0,0,8,16,84.23340750765368,0
49.92788477243438,10.963591828951676,1008,0.37407292890255045,1250,0,0,9,19,28.062604163050196,0
29.58517856707857,4.742337236185907,1066,0.581573820692999,355,0,0,3,21,92.30936625472881,0
13.313149413333086,1.4673031202933666,1006,0.4715799885663411,1136,0,0,5,17,67.59141411983862,0
165.96830058501635,21.940611032887197,1099,1.022372280929597,412,1,0,7,10,172.45161088534698,1
76.83941562721617,20.71649636083335,1078,0.4942384298868993,1903,0,0,2,23,67.42480837046156,0
48.566022488456305,1.1963249787469037,1052,0.6494479572549261,1410,0,0,7,17,78.93198401778818,0
5.552576853458959,3.85473663526089,1012,0.5391323694435185,334,0,0,3,21,100.06042693127824,0
57.544208268215364,14.311862520092689,1054,0.6644931361649382,274,0,0,7,20,45.59484770172919,0
34.9472886924639,20.73496867476055,1000,0.602124854702998,1806,0,0,1,16,34.44954854622105,0
-14.611917213743837,8.47616309303293,1091,0.5198395661681371,1929,0,0,9,16,94.32760091531145,0
130.7910099194149,1.145000194892929,1008,0.4619282185173901,1506,0,0,3,18,45.256830473981864,0
76.1694614008535,23.515275914499703,1094,0.4978751502652946,1826,0,0,1,17,86.10942266566146,0
67.7126618375439,14.28766909878948,1038,0.711146361410495,1989,0,0,5,16,38.430216292337505,0
32.275449557257126,17.4360830257671,1083,0.5989224609019258,1030,0,0,3,21,18.21345314987976,0
44.47562552950394,2.5348090862816637,1046,0.38627585330037423,1876,0,0,1,17,92.56535648616315,0
13.555815923340703,15.84286666231513,1069,0.6134623556467195,1594,0,0,3,26,40.27012259912849,0
31.59237183911617,6.995536141898364,1015,0.40444700487523655,1664,0,0,9,20,78.68759221036379,0
12.822248154395822,19.947335146449184,1040,0.3661260232330227,1340,0,0,1,18,52.277021564537606,0
72.3375919541939,14.77172206422378,1032,0.653063647689468,1850,0,0,8,25,56.58171217492904,0
64.48063661627639,7.215166285960213,1010,0.5570457567804932,866,0,0,4,22,65.91813998387079,0
54.54971816435052,13.23952166635315,1080,0.3959316964496353,922,0,0,1,17,88.42237176281358,0
81.57641932204245,20.27588699890996,1050,0.47939860565691245,347,0,0,7,20,39.68296498517674,0
100.01672334653412,13.569243842380702,1061,0.49855962748658444,1808,0,0,5,20,78.45662619293248,0
72.54161370115366,18.136362649188477,1086,0.39674334443600406,1269,0,0,7,20,80.64282708311973,0
90.89686925396751,21.55772635680354,1076,0.7454342622628903,1295,1,0,3,17,13.29575627765751,0
58.916816647552594,19.496851268970737,1072,0.46099261161833627,565,1,0,7,18,32.65790128738062,0
167.7871311930898,14.066652861555243,1024,0.5200875261635054,1138,0,0,4,18,28.250588572767857,0
13.991107788326715,7.7101241619339005,1052,0.4468236552341451,628,0,1,2,15,31.808865685356615,0
20.99894327892021,1.5151238477868736,1087,0.3710312962948493,88,0,0,8,16,51.64546301645662,0
52.43835266168596,19.23432917300748,1020,0.6403577308659356,825,0,0,8,20,64.01069727976976,0
65.50475797473352,9.175128359063097,1002,0.4166513808751063,914,0,0,6,23,39.31723748470962,0
81.91822962682568,10.659817735500006,1037,0.4655629592371393,293,0,0,2,20,106.26634421282813,0
75.59495919239575,20.257351986891255,1024,0.4215390825454933,1991,0,0,8,23,87.9865299066599,0
67.04820131458352,3.0226179924605443,1061,0.45815048562237776,1516,0,0,1,24,78.65611899633357,0
81.56633467871175,7.648893576677223,1023,0.5164405272669264,1028,0,0,5,21,105.5577877691063,0
13.695171697575269,13.123248621948292,1077,0.5802428141127993,938,0,0,4,20,61.95713999028646,0
60.088336677426874,4.870221256847717,1068,0.5788953571779807,1963,1,0,5,26,73.91082963969396,0
45.74727337917384,3.1174278311701302,1083,0.4650455785451415,1989,0,0,2,21,62.86191582714719,0
45.664439878534466,18.465099515116144,1068,0.6048410698434323,1123,0,0,1,8,79.17823840606917,0
105.401219772081,12.305356825765251,1082,0.3367566455505868,1635,1,0,2,17,32.046958535566326,0
110.3061361629905,0.03200734777900838,1072,0.4953500306684524,318,0,0,4,20,50.803982584073125,0
49.45597269475755,10.617338810578962,1044,0.7289608148137037,1131,0,0,1,23,75.76199413387556,0
36.983796110624326,1.2711937346330426,1075,0.2023955769048708,733,0,0,1,26,85.84273208324333,0
49.444605920228305,16.321464679364077,1005,0.6303642228477281,367,0,0,1,20,39.47001958412629,0
221.53095945316397,7.3722238269782325,1026,0.9417514895061306,465,1,0,3,5,198.77858889553525,1
53.326591484852536,13.88580987319737,1023,0.4867271578898966,947,0,0,5,28,121.62795707348083,0
52.733746017601305,23.480165587118,1017,0.36525328182360806,1493,0,0,4,12,38.44074128854528,0
65.16011442942046,1.4070888101420147,1011,0.6272305536126626,948,0,0,7,15,47.28632034815995,0
27.14718887952063,6.832456459186669,1020,0.5490849539035221,1264,0,0,8,12,76.20911681801117,0
54.251507409197146,3.0992736975920234,1022,0.611287933444595,425,0,0,4,22,84.83599523534369,0
66.38852744011099,18.623373809997315,1072,0.49238760624561545,833,0,0,4,22,28.997694655258012,0
16.365979617262333,21.90461696266598,1096,0.37230091576686447,701,0,0,3,22,114.19429449663606,0
56.55166962632523,21.55855356264305,1049,0.5124110952079272,956,0,0,4,23,110.05300856771703,0
76.75632903710823,3.9079714999071076,1084,0.6596590700516886,1963,0,0,4,13,81.33301427796812,0
85.83776661541192,7.6726964799900115,1028,0.6639383485902031,1011,0,0,1,22,100.2466401166253,0
108.26736784268898,4.413889229587801,1068,0.3011455620333333,427,0,0,6,14,84.89661357212798,0
48.45431214426062,5.303955780567244,1074,0.46711524815826017,518,0,0,8,24,68.53540214694746,0
20.048436824351256,4.902421277604477,1053,0.6405624544021288,831,0,0,6,18,26.455028105724267,0
21.087232213681673,1.7082431727282428,1029,0.44439769418427805,1658,0,0,6,17,46.52888179561834,0
55.475030917976405,16.141612682270953,1040,0.396798412426445,1789,0,0,6,19,48.959296114058056,0
17.874427439466835,9.48701995081612,1009,0.46363795087013143,705,0,1,6,17,67.11169721739009,0
48.869386377732866,12.272610929600422,1030,0.5657464050808396,1275,0,0,4,17,43.09596333384546,0
65.9601859646583,18.218183073504647,1086,0.476057330409628,674,0,0,3,23,61.36909764920993,0
52.321049229428546,9.30159211919597,1077,0.5774400940152047,1271,0,0,6,28,99.6711668769854,0
39.29980597460386,10.17258946006252,1016,0.686393142652137,1995,0,0,2,15,12.937850563262977,0
28.400314003341826,19.019705456881713,1004,0.4034707927755177,413,0,0,7,22,98.01372721445054,0
122.10246755714824,11.25634633326691,1026,0.42006500538631575,1548,0,0,1,21,42.19526557581838,0
19.762649137153815,21.40861365671936,1071,0.46299753345303496,192,0,0,4,23,90.54658824112502,0
93.01498515979534,17.343608031877327,1001,0.42122824934572833,171,0,0,6,18,56.007976425950645,0
51.909471844895535,3.599305427123933,1095,0.644228108888176,1987,0,0,7,18,71.59728751038176,0
216.65994829519664,15.339124786395743,1088,0.9480096586191763,711,1,0,5,3,176.5229912037118,1
8.681135321837004,2.0833097691512457,1074,0.45466221721311095,621,0,0,5,26,65.13050163082286,0
50.97188641050736,15.313156827528264,1041,0.5999936475836576,1694,0,0,1,25,60.00201988821693,0
253.14251402386788,20.368490690986896,1006,0.924295871459409,1853,1,0,8,4,189.7722967269324,1
36.190797122769105,1.1137046058997129,1054,0.4882283629324737,430,0,0,5,17,82.3281349306886,0
16.5786064951402,1.5160255416727457,1057,0.5775306135804241,205,0,0,4,15,59.45870841031672,0
67.11838991658593,12.276200754375331,1081,0.3343602373603889,1647,0,0,3,18,74.05213114285624,0
90.35442861357244,13.924677677951447,1029,0.2285298015247199,1989,0,0,6,22,64.25940578499707,0
24.72702109621021,3.0508630045691643,1030,0.7156195307595132,71,0,0,2,24,35.57878012160594,0
-31.10044141322072,9.854497611573898,1042,0.4474868704777577,814,0,0,8,14,87.30740601148833,0
18.73866763270691,18.326504619911884,1091,0.5009011222069105,299,0,0,8,21,25.43368159011915,0
52.77130374919773,2.729832465929384,1041,0.5170609350200098,1138,0,0,8,16,54.58833023001724,0
74.3239593677513,6.726367204186279,1070,0.41643877420058273,656,0,0,7,24,101.67519465263459,0
-9.370560804691365,14.710196412545738,1043,0.4604439240498593,1196,1,0,2,24,57.36035652804691,0
22.32946012814246,14.888132737487986,1003,0.44092334329991784,104,0,0,4,21,94.53766664004746,0
60.36242544931561,5.346194725130559,1053,0.37295803666697874,1413,0,0,2,22,73.37637057853945,0
19.99006026183276,15.899924956422682,1024,0.5561088121461154,1717,0,0,7,14,59.9850479941286,0
5.178866201307478,3.827042346882412,1045,0.4853803485487334,1021,0,0,7,20,101.14463896940407,0
61.48765130171789,18.77268204163377,1014,0.5203694660590071,1003,0,0,3,21,55.90974437837384,0
116.94496733083245,2.5245188370953207,1031,0.3303371595400054,1223,0,0,6,22,27.798843954060445,0
30.2565053277423,21.955583418359538,1098,0.5802648742262704,625,0,0,8,23,19.907792507044654,0
31.646927272841438,11.237433698223178,1018,0.5782846700888816,848,0,0,2,23,36.13577797631663,0
40.91344268603021,15.872143401325982,1054,0.3608230833705864,862,0,0,4,14,87.01081315718534,0
19.557215204424438,18.024791076902606,1069,0.46272902038271735,1490,0,0,8,16,74.16146078764716,0
58.746910300459184,12.572534569027743,1055,0.7138230666116834,604,0,0,3,23,102.38893233280595,0
59.962443842504314,22.70226867110582,1002,0.4337243672919724,1982,0,0,3,22,72.05397833369821,0
50.26365327896215,18.29281855022598,1006,0.42914935676769167,1958,0,0,5,18,55.7758385117433,0
63.09679412473004,22.66238783173322,1013,0.49748462996068477,1982,0,0,3,26,64.43604269737502,0
68.4610245203916,6.934987659377212,1080,0.5350956328609825,1307,0,0,5,15,71.28627884109731,0
72.76907661479802,17.91406158825852,1008,0.4421159679917921,828,0,0,5,24,84.44898580838219,0
34.49459350478514,1.2146601781721635,1028,0.5709745743227553,1811,0,0,4,25,47.709181415960046,0
83.65067427163757,6.5411854814794905,1014,0.4083682528045718,1276,0,0,8,26,33.438379113478106,0
49.76082076050148,20.38905022929893,1004,0.36643461770143587,1751,0,0,4,20,63.09364446837634,0
58.217332605415365,7.724684553357748,1007,0.6718990417205539,1066,0,0,4,13,57.547334050160124,0
48.07447516133542,3.4605471337476734,1044,0.46022460242089336,1234,0,0,5,25,15.460424855629512,0
57.449754275476465,17.333598148492655,1030,0.5479831125969472,1193,0,0,9,25,73.28250369359773,0
56.4142638182319,8.678792190763978,1043,0.5817383529408044,1729,0,1,2,22,91.42335386129413,0
90.38677268608245,6.993654390917876,1032,0.5573514981558481,1337,0,0,4,22,30.500110528860432,0
-24.62370276118388,20.322412788639927,1060,0.39740332109420196,1479,0,0,5,18,103.52024717632254,0
59.98157988755564,1.5145253966082821,1036,0.5546356025533147,1697,0,0,2,21,50.998680927630225,0
57.763094157317646,11.188584871894523,1067,0.4944358668612735,1393,0,0,9,14,43.340505219657906,0
53.32767769129598,7.401470207163506,1079,0.5637405008728353,332,0,0,6,20,77.33526016551438,0
101.36120852053678,8.902162202617559,1089,0.4421054033549087,1112,0,1,7,33,36.15828318427167,0
15.552101337421448,10.264828099661724,1034,0.5805944224833269,1644,0,0,2,18,102.67949648146589,0
43.52997087357103,6.8463278865967885,1084,0.422425380129248,752,0,0,4,20,68.73857220127242,0
51.86994048857369,15.350441964314784,1013,0.2976441733384203,1699,0,0,8,24,44.75862301626997,0
36.419295544714,4.226106198460853,1045,0.6418590408175952,650,0,0,3,21,37.78290839773861,0
23.66052239730317,14.392471541473427,1008,0.5711650710436019,1360,0,0,1,20,62.97302363648321,0
92.42331171820345,4.656043545965113,1074,0.4749224413431085,1363,0,0,7,20,69.66102128330762,0
70.78445630902768,18.239600863170025,1037,0.5110176638781831,1859,0,0,7,16,55.26912376654665,0
54.732843178813084,7.8154746467974245,1078,0.5274703703289146,980,0,0,4,19,72.33897612277931,0
55.86445194659873,7.145276353404406,1099,0.4178658624930774,1043,0,0,2,19,83.25831491192945,0
33.47054589385252,23.33331290320813,1071,0.5418025135590988,1731,0,0,4,23,96.19082621919871,0
72.81243968432892,11.290373943917793,1097,0.5662830091692632,1602,0,0,2,24,65.41575008530042,0
75.63575681199848,9.430666544960637,1095,0.4816175576864234,434,0,0,6,21,17.95257263333974,0
24.014754553564973,10.136444944817628,1012,0.40906153080129776,388,0,0,2,26,44.3215762016284,0
33.22508494822375,22.080378647904162,1026,0.3975422680667071,1893,0,0,9,16,48.622953000586556,0
56.38473196009906,23.199688111865818,1026,0.5840350782600838,880,0,0,8,21,74.68819671495106,0
64.27255975494596,14.186371182527822,1030,0.4248893275175702,953,0,0,2,25,74.16009066770837,0
83.64497635549785,10.479151701459845,1040,0.4438101040932614,1193,0,0,1,25,63.56207610245474,0
101.66465293424585,8.966826535447392,1012,0.6933825688521185,1605,0,0,1,20,48.92928619461373,0
72.66173677477268,6.847145301365477,1092,0.5709071197850353,604,0,0,9,17,52.84834739824555,0
29.185867462945325,14.067607779912633,1097,0.5923119854260217,322,0,0,9,15,89.34796498740424,0
61.31789778026679,8.20515172934676,1024,0.520253906490484,627,0,0,4,16,78.63973142205087,0
112.65124114342183,19.9472343696887,1063,0.5507863307211945,721,0,0,1,22,28.22890463081596,0
85.10596127589811,7.168415611539223,1003,0.48512502515880507,1696,0,0,1,21,67.68676276409127,0
96.65595602442026,21.420275706684706,1065,0.3070522328133231,937,0,0,8,15,72.01836172007692,0
74.99538293810545,7.020184680697524,1003,0.5003064247386159,819,0,0,7,26,50.03000954798915,0
15.360969838134672,3.1239262530640497,1026,0.5643919716771818,1435,0,0,5,20,72.20947545815747,0
9.414023331078837,2.0874900255410678,1027,0.3803106326803472,1526,0,0,4,20,101.34985000745485,0
-12.334354595685902,16.078780344073923,1059,0.44845138715663263,430,0,0,2,19,98.38573065673606,0
55.195427775535464,3.73622701300741,1021,0.5890451661362561,1105,1,0,2,25,89.65269385027679,0
67.77590921953285,22.850973075140896,1083,0.5462008452013238,1197,0,0,9,18,43.416668797354546,0
4.905711406456817,13.451363572164043,1086,0.6601548927805806,1732,0,0,7,25,37.18648145733256,0
32.67397207942362,8.934207405474053,1052,0.5982202921815455,1725,0,0,2,20,72.53913434309794,0
95.10259485286997,13.19242214047767,1047,0.3912288228717779,1262,0,0,4,14,52.823454903266686,0
44.17192604064442,9.978933637854075,1095,0.4341385135993725,418,0,0,6,21,70.5244296069624,0
81.1154421694715,8.549445299745013,1057,0.5165554833585584,428,0,0,6,20,30.020774125605712,0
58.60867562905126,21.71944516276035,1050,0.5024213274808841,1935,0,0,6,19,96.3247534636963,0
76.431766761723,2.171671004389265,1068,0.5300005624940264,468,0,0,7,16,14.077005062230207,0
49.40379093895065,5.237929314747691,1041,0.5251403813080244,1581,0,0,2,26,67.76103177228389,0
177.2226355496027,15.71114583524395,1025,0.9417483970863342,360,0,1,6,3,181.00738926294102,1
60.668400463569796,18.70087528236259,1030,0.5231745978640346,1167,0,0,9,22,25.41907807386376,0
76.18473053016903,5.861747234116224,1053,0.5699578310080582,682,0,0,5,17,49.25555670382683,0
22.153400979559464,9.92497254584373,1019,0.36299573011285036,958,0,0,8,23,61.53477976609066,0
44.556527922574496,21.45858236155074,1088,0.4382561195646947,277,0,0,9,24,82.7930217448342,0
75.21930646966172,13.169270533993187,1053,0.6613693057114719,991,0,0,9,23,27.25930143798574,0
74.94850358541211,10.784065426450418,1080,0.5419370414194398,1732,0,0,7,20,89.46134128577816,0
48.291631288367974,2.1993169242174684,1004,0.5430085932946935,1360,0,0,8,28,49.760793385283755,0
27.957703595818725,1.6568260031439968,1093,0.5098918742830038,1189,0,0,8,28,93.63898984920122,0
63.4545636258932,7.555219827216881,1068,0.44944800500862697,1945,0,0,9,19,40.5930705612007,0
75.8826377585806,17.82089189893117,1061,0.5583849773084688,1770,0,1,1,27,49.86000321284809,0
91.80363582573294,21.21257432639902,1093,0.505272712824352,1660,1,0,5,12,19.236342470460983,0
19.878362094739693,8.372690322486555,1066,0.6252782068305317,946,0,0,7,23,62.63382248523769,0
20.12553815629313,22.541243877064446,1086,0.6266481229345309,1366,0,0,3,21,34.1384798417438,0
40.45287416772139,9.806519297357763,1004,0.2961437716198511,457,0,1,6,22,61.441434267674445,0
41.035397329123874,10.53827091772501,1029,0.5190077844374682,1459,0,0,9,30,30.526950016690737,0
49.59508325786198,5.43194015368979,1093,0.4745610128345409,253,0,0,8,14,75.56713138668024,0
107.34818201189965,12.120690513287983,1067,0.49795614367198804,687,0,0,4,29,18.796164636408285,0
31.81748503341024,2.21655499774229,1087,0.4818305243277962,621,0,0,5,11,36.04060724337502,0
190.01355637314586,21.718997698651002,1085,0.6713329950022273,228,0,1,4,3,177.59532330089687,1
59.55563014396623,12.249009759092692,1023,0.505268126062732,1749,0,0,9,14,29.79701051328064,0
59.98281435911031,1.6369496338254113,1078,0.39747258915579753,1435,0,0,1,23,50.315663048215974,0
100.67566800955038,12.938136124963052,1021,0.3983419391766255,1466,0,0,1,27,92.10358817928217,0
29.667650884254456,8.909463546178333,1063,0.5633427098482947,1741,0,0,4,24,79.76143934209679,0
37.61006533569698,20.656848781011597,1084,0.6429205185587885,271,0,0,3,13,92.25279187719343,0
72.3257591449981,21.149988679742535,1046,0.4412980214868895,1616,0,0,6,18,90.37208216189836,0
12.505389812319073,0.49588443824235817,1095,0.586102633784676,1310,0,0,3,20,31.762243467049526,0
39.65050514128798,10.725459841357827,1059,0.6328196076107835,1559,0,0,7,20,53.06584965332785,0
56.772845693352636,16.10429939627688,1008,0.5333144471012814,1173,0,0,7,12,88.47419320405375,0
59.58574012348866,7.688687291815349,1014,0.40973992002203735,1743,0,0,2,16,66.38966282008525,0
25.345555147359622,20.87080796279686,1034,0.3964663897990294,595,0,0,6,19,42.57127779651215,0
69.19708871456254,1.5276328880310581,1081,0.41968849945900133,57,0,0,1,15,42.953204700659526,0
64.29290500151374,8.255591425466328,1005,0.3472575374771053,375,0,0,4,19,71.07846887211211,0
30.029196053193594,6.359538550005193,1082,0.3590333446193096,1233,1,0,6,17,65.58151194969057,0
52.56539988918797,22.665544680243396,1031,0.5318470981648413,1470,0,0,4,19,88.23288883692919,0
58.32075385894028,10.79187991471014,1060,0.5523382666844651,1122,0,0,9,20,75.88365692890855,0
40.937088769261834,15.001285751288794,1061,0.6327456593661502,741,0,0,7,24,57.91253944371777,0
87.4885671589,5.688996214048321,1019,0.538714927805865,71,0,0,2,18,27.14461265916684,0
26.12088878448505,5.473798546602969,1033,0.6544542868105989,1635,0,0,8,18,73.75319185059796,0
1.6529792269151642,0.3848736007354985,1047,0.6796414499809238,755,0,1,1,13,-7.248125847761585,0
98.44336372129554,16.964264578298362,1073,0.4275629947002723,243,0,0,4,18,49.23303030629352,0
15.536178945240316,0.2882199140223394,1060,0.4694796718191316,1666,0,0,7,18,66.83714898584601,0
63.249876925581816,17.43530237233064,1028,0.4871141067045043,1779,0,0,3,15,86.224395251784,0
66.09958257581859,5.797027505183469,1007,0.37894118170125657,1887,0,0,5,24,76.33975964314743,0
80.4311019505439,2.3773544211837114,1026,0.5067590106739401,1188,0,0,2,12,68.58126011816216,0
58.72691172770018,17.220884724303048,1018,0.5472243461032741,554,0,0,3,19,32.71153435839775,0
195.39734903116457,12.792510007814503,1035,0.8155000527826568,195,0,0,8,1,233.26494380713498,1
34.91393738987132,9.348662600941278,1003,0.4753467359006306,834,0,0,6,13,69.1437073657763,0
-21.36988122259673,23.47435486357712,1073,0.4389961622160345,606,0,0,4,26,107.36086286742149,0
64.80964542929453,4.119240417968952,1095,0.4036702242626174,1698,0,0,6,23,87.73842419916095,0
41.344012979546115,13.22309331404938,1077,0.4278204398309391,483,0,0,6,20,62.909799621655786,0
23.14790473170186,2.403438905720427,1008,0.5519587800018219,1778,0,0,5,18,47.4227024907496,0
81.96128816778808,0.6875023514461587,1046,0.4936606177042469,104,0,0,8,11,47.3308998097612,0
14.507434542507042,15.149897298278859,1079,0.6796459837799609,682,0,0,6,20,26.359840939370933,0
7.774649158465365,7.913546571509096,1053,0.5139560958246144,1362,0,0,6,28,45.251324062870765,0
38.37110502010261,13.245118610847339,1061,0.5122251453710598,1939,1,0,9,16,30.46317860564337,0
76.95078705040956,21.270273228715517,1008,0.595616614552262,1819,0,0,6,23,56.776187200595515,0
28.70633023299395,18.77265686511486,1002,0.5351387319138127,1127,0,0,2,15,47.913537925307054,0
23.264233237541376,4.210919284726584,1039,0.35765382896370623,1961,0,0,5,20,27.1615414383417,0
58.065523592029756,1.3142252666473615,1043,0.5846456469393538,1606,0,0,3,21,72.22452394533443,0
189.31036127871184,9.009411155435272,1039,0.8102166031032718,1413,0,0,2,9,159.39669514942494,1
35.718123266663994,4.499503939966081,1025,0.4293460290973698,85,0,0,6,23,60.308969011172394,0
68.70221414839747,8.975286222655983,1071,0.41015512696038714,1487,0,0,8,12,96.17858884705291,0
65.91107566996398,10.149759164494064,1071,0.4046609702819118,43,0,0,6,26,93.87602456040842,0
61.2922857829255,11.904717462085063,1096,0.5179478054540928,1554,0,0,6,18,67.56300849215519,0
10.005559745683733,1.7949159480687644,1037,0.33140331050353533,455,0,0,3,21,56.66520888654663,0
22.327694465044924,23.3906210607178,1023,0.47471989940651493,734,0,0,1,22,12.404477156265102,0
22.93845336927469,8.345754775102218,1070,0.37801200378884037,846,0,0,5,22,39.863907346912384,0
-5.780103149801725,1.8264253400006965,1091,0.6025194563101965,1187,0,0,6,14,1.1877075583664478,0
130.00715666960025,21.639460266487426,1049,0.6541095730134016,1368,0,0,6,22,80.08666812601574,0
72.98240835154071,18.36844785407169,1016,0.5538083771799528,53,0,0,7,24,61.532647663098636,0
60.82267263991505,15.416635769202674,1074,0.5667514786273711,445,0,0,6,15,17.648283713274523,0
57.73927943663543,1.4546485708275236,1049,0.3307295506530561,759,0,0,1,17,44.14283139381128,0
58.07918568687015,21.766704075567933,1003,0.4586531488091714,1108,0,0,2,17,77.2583334508488,0
19.924119060865735,11.552539970588455,1087,0.5614788448815041,1116,0,0,6,23,69.98198039706203,0
81.21292677934517,10.120359524469464,1086,0.40874575848689143,836,0,0,5,24,32.92518972622019,0
13.271052911319025,22.055503812009565,1051,0.6098365289786576,448,0,0,6,21,68.76444696558738,0
131.6573644371948,12.38548373666345,1048,0.5283587935385459,246,0,0,5,27,42.68466249588627,0
60.99818741041415,5.279651883314668,1092,0.4519116284194175,1702,0,0,3,23,86.85845465590695,0
18.495777811935632,5.976479090562499,1069,0.5554703538487792,551,0,0,1,17,66.77893666452213,0
33.07764107789815,8.936107641249144,1096,0.44966264308488735,568,0,0,4,23,82.1164609178582,0
43.65847310546093,23.75843883511199,1039,0.483378181726366,1680,0,0,5,26,63.096687264369145,0
52.45966441474158,18.68596436929544,1096,0.3099833304103765,1578,0,0,8,13,58.13458780589042,0
48.28816125706532,5.169856926291366,1065,0.5724497720563261,1770,0,0,5,14,99.09711383399528,0
70.33625958592722,21.03111937179564,1028,0.5607041458723878,1121,0,0,9,20,57.69927573536994,0
29.455636707833122,23.610291229653647,1096,0.8385779529706366,182,0,0,5,20,68.25597855642796,0
18.423584243896688,7.67606215900721,1077,0.5741863916388668,1048,0,0,4,22,54.8051593590752,0
31.32051914796644,3.6871564894384,1004,0.44685731174256066,1358,0,0,1,19,66.18233498075955,0
49.410866032199564,11.590880717199974,1080,0.5700447568989397,1363,0,0,8,20,79.25627333313366,0
-0.5031457666285064,2.018642383432457,1039,0.4083036078613133,423,0,0,1,15,48.780995114864226,0
66.5689981303857,10.968055425046575,1081,0.4087839932244607,176,0,0,7,16,103.38571008548695,0
68.24738575054906,6.985893153015511,1026,0.47203475085034724,1860,0,0,5,19,92.8011592188258,0
42.06455476068167,7.7414216791984405,1099,0.5945571523982551,791,0,0,4,19,67.32467325742083,0
56.398811221188154,2.1186766312418266,1062,0.47454534247712643,1449,0,0,7,26,93.17753066986411,0
34.03568329480694,6.740656000296296,1056,0.3996049599874099,1675,0,0,3,15,66.75079911949355,0
-7.240064113699226,17.496902971684523,1043,0.5412738513919128,1702,0,0,7,21,105.10919056357895,0
211.95834438237404,6.6929723935896845,1015,1.0357916521475463,104,0,0,8,4,209.6146389988075,1
12.35231995993123,2.630999671920055,1008,0.5913067767733705,937,0,0,9,19,41.082809987313226,0
22.98228942391815,7.865446960369703,1041,0.5130050948021271,36,0,0,5,26,24.652080578570605,0
98.1301732492579,19.979472000765814,1051,0.35682252228673134,837,0,0,6,21,56.31893778969666,0
45.81661172957001,1.1944127181258128,1060,0.444591605302541,1963,0,0,7,26,34.087958824154654,0
14.031458060183724,2.5152957489501366,1075,0.48904717018420063,561,0,0,5,15,83.25628811078816,0
-1.3940358727263273,3.524356057762227,1019,0.5486755288676752,1987,0,0,2,24,50.15407132854099,0
36.316375175774354,20.587222494782175,1007,0.7813773217610624,1521,0,0,8,21,50.782635724919594,0
13.26793378858185,19.548309110793678,1085,0.6232435427490512,762,0,0,2,19,61.860654348800985,0
65.27885970926023,6.689473040049113,1024,0.46761066182217814,746,0,0,6,21,77.99615565170204,0
3.872456106524737,8.114778519829507,1065,0.5667041407219136,302,1,0,3,17,45.60893721614946,0
20.602232756532665,16.60873668367472,1012,0.5783652694347925,993,0,0,5,17,70.21634059744567,0
57.0812919147311,7.564784319704379,1043,0.6645682500531828,599,0,0,8,18,100.21451542515896,0
71.81513778601848,21.26165706438153,1008,0.411423102736203,1393,0,0,9,16,75.89831259307135,0
76.84731668080475,17.82760057385596,1060,0.36096958302959953,1881,0,0,8,21,100.55463917355314,0
71.80382139205412,20.71262306688422,1036,0.592181858164464,179,0,0,8,21,78.30293668123005,0
58.250068948754326,5.836021764617497,1004,0.535713711462252,1984,0,0,7,16,67.53415593845706,0
109.76109907877927,23.87170135099464,1089,0.4267420472162979,435,0,0,3,23,96.90113478114614,0
105.62277699002564,5.061068174576452,1082,0.5616096308620906,95,0,0,2,17,36.73597903089244,0
69.31006259067473,11.96635277752837,1063,0.3992286368175598,1236,0,0,9,21,79.70741566987276,0
31.831533807894075,23.181671804779462,1076,0.4336779142283267,416,0,0,2,15,18.93104458859799,0
30.766572193260657,0.8520808492471765,1052,0.42060254120794616,453,0,0,7,20,69.64687564463236,0
114.2681107583559,13.829505882670423,1022,0.4223334104871628,1628,0,0,8,28,49.722486866976354,0
43.91058087813029,4.114372907393234,1050,0.601776315347335,1275,0,0,1,24,92.96742822718798,0
63.823917308479025,21.241290072719178,1072,0.47866906194849096,719,0,0,4,23,79.73917394200211,0
-3.38196791521662,16.175550535597218,1028,0.4774698535315415,424,0,0,7,13,102.30076168949071,0
39.15115671882363,13.758229686342794,1093,0.28348981356985753,536,0,0,8,17,67.02415832962393,0
27.973000340868865,14.396189307434742,1092,0.46998115212946195,1382,0,0,4,32,85.64762486694973,0
43.084261244592476,20.35266966377475,1051,0.5763969306211807,348,0,0,7,19,42.912123772961074,0
53.44825315277395,9.715971215645407,1008,0.5079829958768167,433,0,0,2,23,41.069065974060905,0
45.072740449039046,13.455430203503667,1051,0.4730779860613487,1087,0,0,8,18,67.71828438324373,0
5.194706652405699,15.800570212447106,1002,0.4416211828692307,228,0,0,9,22,48.89326226627188,0
51.79715770389315,23.250082618627275,1071,0.5212253410250843,1079,0,0,3,20,74.82879007951982,0
16.904468563007192,3.473590400113734,1049,0.4502264951478475,1387,0,0,6,14,50.68075652516376,0
75.58321025366658,14.12860128872171,1046,0.5551973144989001,359,0,0,6,19,85.34912726263592,0
56.824876271961614,18.651669797507367,1092,0.40780517803489047,1783,0,0,1,18,46.0560659383048,0
8.363943486325944,22.998855075467368,1057,0.5928822011950152,1913,0,0,4,23,93.15507068987621,0
98.87499094702835,16.29906569762096,1066,0.5426450103679948,435,0,0,9,19,65.52901734385192,0
23.18761942748857,2.5018367732346602,1035,0.5521525140748536,911,0,0,4,25,88.80248234067022,0
80.45662675442915,6.819591477361056,1029,0.4891364543994414,1647,0,0,5,19,90.61552764873079,0
82.45954427749827,5.04444248691705,1049,0.4328302844887737,965,0,0,5,16,83.85050745804992,0
53.23280166357629,11.16004831264063,1014,0.6843376368933578,1233,0,0,7,23,67.13188869525688,0
103.54325117555285,22.999163593711216,1045,0.5170235431744715,1672,0,0,4,22,31.187005756718396,0
114.31832267975977,12.941532656075594,1077,0.4090946161666179,343,0,0,5,14,92.59590069192524,0
53.76645759953445,4.432671107860928,1057,0.4381095881815254,433,0,0,2,12,46.619965322024285,0
45.069943823438265,20.64040206982909,1072,0.7080373295610158,221,0,0,7,18,60.88920097522121,0
36.356158478669215,18.205325483202984,1002,0.49003558899792066,1853,0,0,7,19,43.306255234763185,0
78.71914467780593,15.908102406977516,1050,0.4728164572423934,1952,0,0,9,11,-3.870186246110407,0
36.39757674848438,0.5414796181758632,1018,0.606655148935328,304,0,0,2,28,71.37424990539493,0
8.343723385063669,1.0974387542945445,1049,0.3094196936312291,1897,0,0,6,16,23.338331036443144,0
-7.683153161870088,18.455616004233757,1026,0.5184603676246126,1608,0,0,8,21,28.398272571954845,0
61.389189451578964,18.558267649919728,1019,0.46607304951242917,276,0,0,7,20,75.67783819306442,0
118.31259494159913,7.7083022152191365,1054,0.41145934936075024,1934,0,0,2,24,11.743251024111515,0
83.78150752316505,18.252048106013756,1021,0.5183060284260504,863,0,0,4,20,53.632091691656385,0
83.74330159957438,15.62012061208576,1051,0.44183809065587876,36,0,1,3,22,66.12484682981251,0
41.74844908545068,9.000976757765041,1023,0.29587053855559564,1389,0,0,3,16,79.30877804748968,0
206.9368923989549,15.121535815053631,1046,0.9970026482221959,109,0,0,5,6,180.52987032357692,1
64.88597562089949,6.30775262909733,1065,0.6163563273021879,1273,0,0,9,23,51.23936773453112,0
52.80570489315829,9.007153808954879,1036,0.5364096287736337,1501,0,0,5,23,56.71466204493046,0
67.4607970125418,11.790423083760018,1084,0.5702748996223408,1736,0,0,7,16,83.02425880586371,0
193.69601889879578,23.637405328452083,1079,0.8594929662863383,1024,1,0,9,9,182.28452514784877,1
30.51880885035722,19.736724331498333,1002,0.5687520561291524,709,0,0,9,15,86.0955966018546,0
68.38321715187709,21.966045216738202,1025,0.6652453146430128,1855,0,0,6,31,30.552617685117742,0
37.122667391040146,16.25256225544285,1056,0.5892995211902425,1426,0,0,2,29,72.97692863159209,0
52.46851967826272,3.5587809095019827,1091,0.49727564776730393,1977,0,0,5,20,64.42588951767142,0
34.00728793952501,14.92454605162982,1017,0.317866856644652,1592,0,0,9,28,66.59340688333266,0
112.25195118045625,22.546359050395118,1051,0.3669345258536729,1926,0,0,7,20,67.89025057306675,0
54.184933884423764,1.2517735404799017,1022,0.39174685960697986,1936,0,0,3,14,49.17127396761244,0
17.976982011185015,2.4880592515736826,1041,0.3817092845617215,933,0,0,2,15,91.20950183214188,0
27.959867189694215,5.11763677069274,1004,0.5425184630944536,1936,0,0,4,17,74.75300274400482,0
9.560126468984933,4.148652599729447,1064,0.5894808063898345,1006,0,0,2,18,79.67949955245602,0
62.29288387878492,8.522274392716556,1025,0.5303932361709001,1879,0,0,6,23,55.50851802966696,0
70.25411169220763,5.285926570352924,1078,0.6216871323185671,1643,0,0,3,24,77.13137938000675,0
43.45983106636628,2.3288586842382015,1035,0.437000084201234,1674,0,0,3,16,43.49127674872305,0
167.97261474615837,20.033701988720054,1076,0.9133693689850222,475,1,0,6,10,218.998127251788,1
91.32005088585025,2.888754282725513,1009,0.40141169640369606,212,0,0,7,25,85.57893308512156,0
67.71964492076928,4.477389892694776,1027,0.5331462148435605,599,0,0,9,27,54.957495810062234,0
74.7814151432452,13.811406669272756,1034,0.5012617812360777,39,0,0,4,18,59.97681101332589,0
52.23528781480318,9.524435288204735,1092,0.5703194890268005,295,0,0,2,24,76.22817956742297,0
57.08670938792699,12.269137619019933,1038,0.513886328811585,1730,0,0,1,21,64.12949888361219,0
76.68892386870311,2.407945277089649,1072,0.6146183063142852,1627,0,0,6,17,42.77808516640636,0
68.80631190587066,1.5046953332732178,1015,0.388304980441735,1136,0,0,4,34,27.93343169347564,0
33.49654151190383,22.594216123629113,1000,0.570281088832282,1078,0,0,5,22,99.30286246605243,0
9.387359758707241,4.963112792582555,1064,0.6717500561025174,620,0,0,4,19,64.45518690167245,0
62.629188331681696,8.475705654780906,1091,0.36517344133899093,41,0,0,8,16,68.70263653210606,0
29.616650452467518,19.956870876224485,1024,0.5723337382646537,1521,0,0,1,23,32.794468525477974,0
54.741604697603954,14.645975478955316,1010,0.5697425472100385,428,0,0,4,19,22.22188100393238,0
76.85114942228347,21.47313851413471,1060,0.42776398055391873,1812,0,0,2,24,39.52957223599576,0
109.56141185780879,10.620893178655042,1019,0.44777929966872604,1568,0,0,1,31,86.49149576106444,0
55.08082472108234,6.98300233243108,1058,0.36767208331629037,1110,0,0,6,16,108.06433424421661,0
49.48981776548507,3.360616547277254,1083,0.4547334937031578,1849,0,0,9,16,42.67797480335025,0
94.53925585629523,7.5136317435016045,1094,0.40824314213457813,393,1,0,5,22,75.98623481437704,0
37.39916818117513,7.338211755736771,1032,0.40983447947608026,1149,0,0,1,28,79.53946729899984,0
-5.397191434132516,22.81636648336998,1061,0.592498607724174,936,1,0,3,21,46.04076757197557,0
94.90131222337945,20.47297589079624,1006,0.5902889815519856,1660,1,0,9,17,43.18268820795129,0
81.20185459707727,5.21904824649348,1016,0.4978835900104042,1204,0,0,7,22,50.007824126025056,0
37.54699133109891,5.7015802412036365,1032,0.47280725703393,517,0,0,2,19,30.620300277191518,0
8.89920117906712,11.861662233782708,1096,0.37718545671709297,1378,0,0,9,20,58.97498574092785,0
22.510372427797407,21.32946548524115,1008,0.3935980028316824,1359,0,0,6,17,38.42373630175553,0
97.21960289870098,6.729460286168413,1018,0.2867703964152041,1454,1,0,5,26,39.98686970265421,0
24.923892331450823,16.92804520347123,1058,0.5230403539283899,253,0,0,2,24,79.15624921656374,0
33.4046826395819,4.993119702390461,1027,0.5013533907913023,1836,0,0,9,29,96.66309176385047,0
78.9163735038473,0.03403728321397104,1076,0.4063926784364352,1419,0,0,8,13,5.727760773972584,0
184.6494372214293,11.611386231240868,1031,0.8613767419238105,1935,0,1,1,4,142.5469007174716,1
6.988099255693143,11.565381265379628,1016,0.44531326535029747,1148,0,0,8,18,13.646665775040454,0
66.0924169967403,14.449189045184418,1027,0.5164290675098903,922,0,0,9,19,50.35727738486501,0
29.69233999082124,5.102956550863513,1033,0.42534399494408925,359,0,0,2,19,71.076055717403,0
67.20342480066196,18.70478005794902,1005,0.5377305629129487,864,0,0,4,20,49.53034195052547,0
76.87388654707786,5.031117310832308,1053,0.5092828427476411,453,0,0,1,16,80.63150364231642,0
69.6966082590149,19.738135440390657,1005,0.5032397642987539,269,0,0,2,22,27.000264348066388,0
4.232848758167485,0.48387317082945813,1054,0.6085956527093933,1234,0,0,6,12,94.05272881616493,0
38.98916482750033,21.881704998656485,1059,0.47183440363601886,1353,0,0,1,19,71.3982668222374,0
52.58431649139124,18.540634155902264,1091,0.3635268957706051,592,0,0,9,20,44.87211335520867,0
210.6802615218062,22.386216489977198,1095,0.9637711740190373,619,0,1,5,3,208.41203541794084,1
56.7580916604514,18.02555239517836,1065,0.38212936279850596,813,0,0,2,23,36.55888317505982,0
26.529382324940194,19.718120675659527,1010,0.5210018077075956,1376,0,0,1,19,32.96208166051855,0
34.871059525621305,2.50266618795711,1007,0.4019699706184972,1436,0,0,1,17,80.83443821148705,0
60.124462241791974,16.779331912819178,1011,0.5983269531922581,956,0,0,6,24,65.8400704139582,0
63.06638956977092,3.1789629808050828,1072,0.49800613821508805,291,0,0,5,21,26.19754931409245,0
28.280290047721728,19.394648318744242,1090,0.3461446377920716,1964,0,0,4,16,59.72868805342702,0
238.57449193875766,0.8923072805734558,1078,0.798572590846283,738,1,1,7,3,138.74094567631963,1
28.912656858812976,11.134717001328315,1055,0.5587577862277435,1669,0,0,2,23,55.754917156828256,0
78.5434783117426,4.720474419044673,1098,0.5994701881827654,1790,0,0,5,18,95.39020969499558,0
98.85846636713876,8.021912979771152,1099,0.43844330707559936,628,0,0,5,13,26.592447070079842,0
16.283647846232178,23.53959797988729,1090,0.39897949166001534,175,0,0,7,7,16.23929971499669,0
27.403886552270876,11.772641688611358,1081,0.6297245900094086,905,0,0,2,18,43.61948742258532,0
4.018983203302078,9.260529041321666,1081,0.5642680049347377,150,0,0,3,13,17.824716762669112,0
25.17229338053841,6.1041621018625,1036,0.5379596264097649,1762,0,0,9,15,79.38681040836343,0
76.23551222397568,11.717264620781725,1052,0.5783713745692687,1620,0,0,9,24,44.08949445055447,0
91.07283748288555,23.342867117351354,1050,0.5466370660959331,928,0,0,9,12,50.24355594204111,0
71.28798438150699,1.884269237057854,1012,0.5245290614055059,1820,0,0,3,14,79.69517903083363,0
87.65437365124711,12.145773563201043,1068,0.5836711608797691,1435,1,0,2,18,70.3089356626373,0
60.8934688323357,0.4221579891005902,1061,0.37035480117009345,1998,0,0,4,21,36.56910420134339,0
35.34571759668921,10.937457616325911,1011,0.35626041400234887,1280,0,0,2,18,56.314245342209446,0
30.421280620928272,11.545612580339366,1078,0.6338762658770403,963,0,0,1,12,54.33906325440325,0
67.06949237555827,14.613716664720911,1044,0.5777862206398524,1156,0,0,6,31,101.48731583361212,0
73.32222058293533,15.747091304812844,1002,0.6178071131383931,203,0,0,4,23,44.27582262328595,0
64.76056543978397,11.009491780805782,1004,0.49189886345507083,1524,0,0,9,17,107.39290051084656,0
39.5552780954806,10.462427781387078,1053,0.57114760883176,34,0,0,9,28,24.214493213812617,0
36.492398366651855,9.429415099948299,1099,0.5096966560440366,1053,0,0,4,14,51.78168606670012,0
50.05930534267432,12.419173287689432,1026,0.3536593041288978,1713,0,0,7,24,72.57882052541103,0
88.44931385011306,11.100815649079212,1008,0.5701611929666894,1477,0,0,7,24,67.69321506409958,0
50.6036338874258,20.29740558989093,1098,0.702078744425769,666,0,0,2,21,55.73453308223375,0
58.075427607654795,1.858134319988162,1054,0.44995795424706775,1301,0,0,6,20,59.289385396428194,0
86.25098691779428,1.1474655288595148,1046,0.44944928503906834,1176,0,0,1,21,65.36088482923297,0
67.5294249930593,11.362508828118587,1036,0.5355346715984923,50,0,0,1,19,43.91866139604902,0
74.27338372194137,2.23430396503241,1060,0.46930892155686504,1528,0,0,6,12,84.44135333771492,0
92.73487463740844,15.03122627457278,1016,0.6630421931811431,1719,0,0,8,20,40.18189738003461,0
43.11827767795917,8.748023149171019,1066,0.6959490556760112,698,0,0,8,21,52.17713897995147,0
-20.63448768089806,16.060738785091218,1021,0.6311398124304085,294,0,0,3,19,99.50124832117267,0
-8.651463109548487,10.665240639313344,1044,0.39310909232236224,465,0,0,4,22,95.93881582356968,0
97.04547288581978,22.523195102826314,1000,0.35496251473924756,1572,0,0,6,24,9.03241324133738,0
41.34024083239585,21.534784131252522,1006,0.6812429997995499,1841,0,0,5,22,51.285006915271026,0
72.52618338203996,12.14808205572486,1075,0.3836861154773196,199,0,0,7,24,114.48148965230112,0
62.930688740326794,14.628038313373946,1011,0.41557777814616875,1206,0,0,6,24,31.358581686389666,0
73.45827606355755,1.413511810265164,1008,0.6643097776671778,887,0,0,1,24,42.024378287996825,0
68.66621432130205,11.877878514639853,1078,0.38733141522240294,159,0,0,5,21,27.09198536469426,0
83.55649832765978,11.319434330441366,1050,0.534849192348425,1074,0,0,3,35,50.107659778886884,0
44.18521583681589,8.167617703156594,1004,0.4808407744032489,894,1,0,2,26,62.329915419681235,0
84.54996749142427,17.225468814110464,1041,0.4601672461874157,470,0,0,1,22,71.25946027994372,0
77.97304612864002,17.506655719837195,1051,0.4752779112731586,1036,0,0,4,19,47.09083663442467,0
47.81513262029382,0.839579719393508,1090,0.4774571386294949,971,0,0,2,23,87.86852445401915,0
31.455186539491176,14.380730184506596,1035,0.47109628433511236,931,0,0,9,28,78.71181940412687,0
60.92420888163984,1.6755912356534868,1011,0.6142103184703764,730,1,0,2,22,43.58746989460708,0
57.577065379898706,4.2447170902539755,1042,0.5533207534502447,650,0,0,8,18,92.5225387256568,0
72.42334914281167,19.12782297549773,1019,0.3164090721919935,359,0,0,5,25,31.649385574057987,0
35.362657755628916,3.0528988641067407,1011,0.4602255504168093,74,0,0,3,21,41.47092976867384,0
37.359295766886746,16.565600001948557,1056,0.610354463728348,915,0,0,3,13,55.37594395460296,0
88.33030465695526,9.614288978526536,1037,0.5368705637604423,1377,0,0,2,23,78.92678489479373,0
29.39853970990114,5.519750718994687,1011,0.38975118360041006,34,0,0,6,23,79.05322137565327,0
16.398577325903837,0.08517580475451147,1080,0.6675893461754955,375,0,0,1,20,88.18103575527357,0
9.025275337536833,2.568256142506101,1026,0.5005544404742869,1936,0,0,7,15,18.82818704792526,0
26.604411613350834,11.035738341820295,1034,0.35698775353728707,1514,0,0,2,17,22.314269137615312,0
27.42694287940895,4.8366480700378185,1063,0.4734484521441657,1733,0,0,3,19,78.88088834596113,0
67.53238941417453,12.923423439904944,1025,0.5106872306210647,465,0,0,8,22,84.96819063265806,0
9.652166388044833,10.006608390505424,1027,0.5818650584773613,561,0,0,6,28,49.29586570823105,0
9.7853407590069,5.756197393381923,1024,0.5114846943914323,1872,0,0,2,25,73.36220134294004,0
88.00733447559868,17.491732322225893,1085,0.505083913296806,1117,0,0,6,24,78.765149836255,0
26.29948709554376,20.86862599961592,1075,0.6201056276172444,795,0,0,6,16,53.78486194967278,0
60.7336208104485,7.434539633377177,1073,0.4894518840097575,96,0,0,4,23,81.84183896349784,0
71.92292357199574,23.62199439579097,1079,0.5648480790091274,409,0,0,3,15,50.36146532342587,0
62.44318672366373,23.325939123016433,1071,0.530784980248201,1022,0,0,1,20,61.8690538157052,0
44.723425627029904,1.467508345144469,1096,0.5027612025992068,1280,0,0,9,19,6.095775940066041,0
93.05262197666707,18.1089487846893,1067,0.5835772780647213,130,0,0,4,18,94.14098545230198,0
103.51767785605307,6.456805170621862,1001,0.4995134780815312,1512,0,0,2,21,48.68423864636601,0
-2.665167661138824,0.3267395341464212,1088,0.31311554989970286,328,0,0,2,17,31.61168279803181,0
47.983090784116065,11.198726947251018,1003,0.3614310843641041,266,0,0,1,18,25.429704023185764,0
58.80673796499888,21.9765924012393,1048,0.45959366707170946,1576,0,0,9,14,58.635666590389484,0
33.66851826424452,16.679166451647333,1000,0.44330735807979993,346,0,0,4,14,66.7274382002996,0
9.33657490663132,8.026708485079794,1000,0.4392910783604197,1527,0,0,6,21,68.57170576658204,0
42.2287356253789,17.941791265298647,1019,0.4761348068379692,1823,0,0,4,29,52.60204013268538,0
74.68348342502007,8.016017251838253,1062,0.4599147829855207,1421,0,0,4,23,95.94687156044716,0
60.01579899705604,1.3723117087263965,1089,0.5174887736762829,1560,0,0,7,24,7.780966152766389,0
49.153463631883106,23.068989629348632,1064,0.4771566172074094,188,0,0,8,18,41.32430213881901,0
118.14349236268387,19.022091840805643,1082,0.542438914808188,881,0,0,4,26,54.312564167397916,0
11.023509096625276,15.449771001053918,1093,0.4173464630443897,1192,0,0,1,10,50.826261528415024,0
59.38466710300539,22.3204574116679,1035,0.6145709064774588,1168,0,0,2,14,52.40376414023526,0
4.500723517376265,7.150978295000618,1019,0.43461144146125097,1149,0,0,2,26,66.7198835475444,0
103.85634067736967,0.4431817174376631,1063,0.7029483517282743,1232,0,0,9,17,81.46744526161123,0
71.37445293301414,21.873468883374812,1030,0.46370434203378263,279,0,0,6,17,78.14044610946519,0
11.586332869925997,5.875481550819254,1021,0.4917291173011637,1333,0,0,1,18,75.93211242555502,0
52.58332604776934,17.543080995866784,1042,0.5283382852180777,1710,0,0,4,16,94.44917328524842,0
64.24094698639858,18.937775589160648,1058,0.5524788397089379,748,0,0,3,12,80.42439972470433,0
40.713606820580296,4.944417702993025,1055,0.48898723206187517,1757,0,0,7,22,47.78592528759743,0
176.91046440660224,3.5669159713880862,1015,0.8227692023764528,1441,0,0,6,7,194.59760897191276,1
87.5852790328245,13.808881555817205,1010,0.2937785830415801,709,0,0,8,18,59.093809410773694,0
36.65579485488529,5.804871266730967,1042,0.34681195418224015,190,0,0,1,17,70.76215878453851,0
45.58993995114534,5.800109423342425,1092,0.5400686826841146,1837,0,0,9,22,108.42150837398799,0
27.65292065580653,2.3870783388525565,1039,0.3980693551690892,636,0,0,2,17,55.93520046451752,0
55.9717908672041,11.717787106402334,1025,0.4335428005447206,984,0,0,9,16,44.317768948920886,0
98.00293540461435,20.42873009949028,1029,0.6812307355687927,278,0,0,1,26,93.53342370619103,0
76.79565041621754,12.070414489997972,1012,0.49261711480816256,811,0,0,7,18,-17.943399302338932,0
62.09823689111515,22.237092994455057,1057,0.5408210654334905,995,0,0,1,14,51.82900120378539,0
95.63018681478141,17.287782655833634,1022,0.4750212381285821,1552,0,0,7,26,32.87692749589118,0
61.10183345806866,3.066790909772238,1089,0.5494092352176666,284,0,0,7,19,42.331716578571005,0
89.76296327285235,4.486448281000234,1079,0.4254704219379663,1613,0,0,1,24,89.99824123224147,0
17.141884434715863,10.044393279664412,1017,0.5533466087183493,1773,0,0,3,16,73.62932649631777,0
33.64441265821034,15.425605086487305,1022,0.33948589009169394,1950,0,0,4,26,68.03024007270479,0
86.10734163600381,22.90173271963905,1013,0.2490973135343904,44,0,0,3,16,98.77945384558402,0
-6.700305135488286,10.814905150326616,1055,0.45762359918709455,1169,0,0,4,22,32.22165925963893,0
9.07682018544925,13.553486409575875,1094,0.465677297586063,1332,0,0,3,19,45.399680929930554,0
13.171765545890224,8.5540285237869,1042,0.5503040740579513,1989,0,0,2,26,18.43551150514641,0
63.64222736423403,1.7626725841382749,1056,0.45015828595293245,1074,0,0,7,26,46.80068866877634,0
76.71149490559358,17.369913249786855,1006,0.6566135260016752,816,0,0,1,20,96.88111016840512,0
97.27627428505909,7.447443157043743,1076,0.5833632293366772,222,0,0,1,15,34.50437853261889,0
69.50603533875983,3.942327929294975,1088,0.4884877139977034,1686,0,0,7,20,69.8467980480843,0
29.81284003971795,5.0133848218417185,1064,0.6141770789823403,199,0,0,9,17,64.8317582624427,0
49.58486761717288,9.411068519682917,1051,0.5778950341699036,161,0,0,2,17,54.44628477278095,0
49.78811286347511,17.32367369305306,1063,0.5702827247249892,203,0,0,3,19,72.6714333470069,0
42.75708305825021,1.8594735831295326,1025,0.5738101057864919,1078,0,0,4,25,16.15261405511273,0
66.30172483615429,15.317573912644857,1080,0.48331584843965253,1572,0,0,9,16,109.77361186939589,0
61.64936016270349,20.24357982754286,1020,0.5438681054663778,759,0,0,9,11,90.19411256859456,0
52.83582702765405,14.139355581065367,1060,0.5483827209694921,1413,0,0,8,18,66.42385405111614,0
50.983909862347595,16.127708913655827,1036,0.6496755962415692,1438,0,0,3,18,52.72218765982303,0
59.046420270008376,2.141994039278016,1082,0.6235084267028379,267,1,0,1,15,-1.1260502221882334,0
-2.4559591971454253,20.636435325975917,1073,0.47730425811169663,1137,0,0,3,19,62.5763921583237,0
169.86242307672904,14.14373335951094,1049,0.7410560802894588,334,0,0,7,5,203.48525057129996,1
99.66221339264885,17.86274254305994,1021,0.485173752969945,829,0,0,7,16,118.44408309563885,0
47.24881927564622,2.0149368737016387,1037,0.4253724286116862,1242,0,0,5,24,4.488786414226723,0
15.108720491461945,7.111249082862817,1048,0.5170058142570597,744,1,0,9,23,80.66973726771529,0
50.86234468804452,11.839205189735019,1031,0.40908384389360275,1008,0,0,3,21,45.04534008952117,0
-7.830177380368298,22.910816916097296,1073,0.4669393433205918,1645,0,0,1,17,81.2279369521995,0
48.65320909632389,9.362717122414395,1094,0.381996448537815,1054,0,0,3,21,68.72509215394102,0
76.33478093717378,21.24154922200002,1064,0.40095658679810414,1512,0,0,8,21,103.76594911913227,0
80.3251920506094,9.156932219365117,1061,0.5044971326558527,208,0,0,1,13,31.860807758826184,0
70.9171413917094,14.408512452217963,1082,0.48012664904380964,1672,0,0,2,14,72.58432687041028,0
35.92607437368773,19.20984151980248,1092,0.43896872217975985,127,0,0,1,16,65.8808986366272,0
-1.4553991211026158,13.252457740095554,1029,0.7007938739413637,1479,0,0,1,23,64.9392421064561,0
13.481519233385619,3.450844152388613,1071,0.48304612580328526,1049,0,0,9,22,60.99310895281693,0
76.01562238483217,12.200330304327275,1081,0.4232216168648367,543,0,0,3,14,71.87164291439728,0
83.09652716160974,2.512923764698117,1016,0.47514993477238754,599,0,0,1,17,67.16904358305426,0
70.36840963286699,13.332176455849094,1012,0.452486891683931,692,0,0,8,17,57.49703346916053,0
85.15153744148479,1.102081346190313,1007,0.47835801610346423,1715,0,0,9,19,39.365452701187905,0
84.30084590617484,15.274448269763532,1068,0.6823054925763359,224,0,0,9,25,44.34352802695047,0
-25.268715354852276,5.2172425026545834,1052,0.4817525214633245,321,0,0,6,25,57.34726604294141,0
72.69465062948295,18.498544517054572,1039,0.5015225432139718,1047,0,0,6,21,80.64233451702549,0
61.31301181706559,20.99716721861146,1011,0.5290567578674836,1820,0,0,1,20,16.55097442789441,0
38.47455002879073,20.309479754769868,1077,0.5362775838724155,1184,0,0,4,27,57.05723065610557,0
30.424151203500646,8.43261634396274,1025,0.5302500359590583,1242,0,0,5,22,21.71849038944297,0
35.06114459546474,3.9197378331434054,1005,0.6061764820902424,83,0,0,3,19,94.56052500172837,0
22.263076568657002,18.952786327572355,1084,0.6372685617246412,1976,1,0,8,18,41.92450925713026,0
41.24566193253368,13.784873381736336,1061,0.6779310368676239,1935,0,0,3,22,87.80590375033822,0
49.03872887958539,12.71339872340802,1044,0.35048141291624685,1508,0,0,6,24,66.80505238194046,0
32.16488912152978,2.5409581337405047,1022,0.5577537789910205,110,0,0,8,24,66.38818241493547,0
83.17499198884138,20.39066847626592,1054,0.5673885946259146,345,0,1,9,17,67.83853111198052,0
65.09271105871241,12.023924078692694,1045,0.471058384208042,1111,0,0,2,20,70.23633059731877,0
29.068432883052655,10.816518926524527,1097,0.47015249077309396,1840,0,0,8,15,50.59108482595143,0
67.36729454207403,0.280863043461423,1063,0.6629642918012962,1924,0,0,4,11,61.238626266092474,0
70.06520391638654,5.110222811582429,1079,0.5654896492882265,1134,0,0,3,18,46.79353594518737,0
55.69118502831187,18.663421672264537,1076,0.241841283558682,931,0,0,4,21,49.8377233097817,0
71.44195182553099,1.0084461903926316,1010,0.4155291825343597,854,0,0,5,22,51.85139275611364,0
43.485235785894304,4.359437677385186,1064,0.4117679575359084,640,0,0,9,13,78.41575889084741,0
7.872813012152335,20.40201651193527,1027,0.5461170276680931,102,0,0,1,20,73.73403367274916,0
37.023254365411375,12.275682461012003,1028,0.500051567707757,514,0,0,7,21,59.42564722031073,0
52.70929397619305,5.511472271763522,1010,0.512461410496404,650,1,1,4,22,58.62660558362091,0
30.22882175334065,2.1229377764528765,1024,0.3991737834254442,224,0,0,1,17,49.41331774307172,0
30.112972473471554,2.8891911545908737,1084,0.5402809105970382,929,0,0,1,20,65.69153044806193,0
20.530271831696723,0.5859435557333308,1086,0.49892241319506825,1281,0,0,4,20,71.3595859326649,0
20.83105265795496,10.48857782636815,1051,0.40180267830352884,630,0,0,4,19,69.18286855164628,0
15.74932657599485,14.791002966107065,1096,0.4367578970970653,389,0,0,6,23,71.2645413233814,0
31.123635514116728,6.512856360601353,1031,0.5519736145977742,1273,0,0,3,28,80.56683349214062,0
64.42724278246686,5.661620800758921,1044,0.538835711758923,1875,0,0,4,23,83.72604917841228,0
-10.554635931659135,7.252584646273245,1089,0.30670866784237505,50,0,0,6,15,51.55092806829261,0
114.77363463809876,7.212709193211527,1021,0.36015987571632024,1782,0,0,1,24,66.34264983642643,0
14.658773978708581,0.625389263654232,1031,0.5214573054278607,1254,0,0,6,21,51.419945615783554,0
67.89323412745259,20.18466330617788,1092,0.48878868830399175,1760,1,0,8,13,65.80926677548558,0
46.020987608522795,10.405034467291225,1036,0.4177768513484736,167,0,0,9,26,58.66019710058917,0
19.169745772221255,7.306642775768976,1000,0.4370771388075403,1052,0,0,4,26,44.333341941151936,0
98.97233911794905,14.196691136528951,1036,0.6006129359155048,1003,0,0,5,20,112.34133032248911,0
32.925554039823986,14.832779620347292,1058,0.5014699348492058,103,0,0,9,14,35.815377598687775,0
41.07309489920024,9.711730029711998,1052,0.27650948349875937,218,0,0,2,23,74.1534493403652,0
36.22729069343025,4.989313326315467,1010,0.4287484027350593,1734,1,0,5,25,16.80976289852378,0
53.87562419995131,7.292675135729329,1007,0.6317995229613727,801,0,0,4,13,10.042572607883038,0
50.006211947545914,21.33830982518975,1034,0.6341333829877771,876,0,0,7,14,81.73967432305352,0
75.74042585906436,14.02814486359954,1026,0.5023597402608054,945,0,0,7,21,87.14747519898472,0
54.288292842911204,5.772289017732886,1098,0.40055364100594176,900,0,0,2,16,33.00582354456959,0
93.09104102731263,11.226954491340997,1066,0.45627377086402676,542,0,0,3,16,-1.2086991548031136,0
14.732161831254452,5.878537096647752,1054,0.37899119231295714,1895,0,0,8,20,41.9069975827798,0
50.41787875738839,6.550121460785683,1076,0.5789300073759515,1797,0,1,2,14,76.38389919494915,0
74.99473299888304,22.172318980624702,1077,0.5120142934693347,1486,0,0,3,20,57.9764273819989,0
49.726430100673895,7.63518075200378,1019,0.5966407267289195,838,0,0,5,17,17.71512267702788,0
110.80451348127178,7.280049177479691,1051,0.5621164832977317,243,0,0,6,19,-3.520270269020351,0
32.8646303065161,20.072863032242072,1069,0.5543504280757644,259,0,0,3,21,74.63124124292473,0
63.838162529534934,0.19326291900674875,1025,0.5416211291442291,1700,0,0,5,21,52.66618401606552,0
42.69848061874946,19.203797679955112,1032,0.4392007128458495,615,0,0,3,15,66.250078438478,0
19.20123551347463,17.46197879747935,1016,0.5036469847532442,1046,0,0,3,22,34.768984817984304,0
-22.110058033015918,10.072678163990332,1056,0.6590332877136587,296,0,0,4,18,37.77999712327413,0
33.39235274876016,5.9923455441438005,1026,0.46775950959844725,770,0,0,5,20,95.70142464846755,0
99.84410497184055,8.046919609907295,1012,0.46571143104528473,563,0,0,2,14,64.28111073099186,0
64.03070311576657,1.5114697916791933,1023,0.48809648606811334,956,0,0,6,15,33.65241821576342,0
26.090399935583676,19.49748580190513,1064,0.4788290561072511,1228,0,0,4,20,32.651400316606185,0
-10.751197410285187,8.900018030255747,1003,0.38381806348125447,587,0,0,3,20,46.09219982967618,0
54.1656809729264,5.567612089616947,1010,0.5131638244292634,177,1,0,7,15,96.57836286019005,0
57.61211890324499,1.5597662481304422,1029,0.5602044101101286,856,0,0,4,17,61.55757846872613,0
28.826795507139046,22.589319242286972,1012,0.4730522167265464,1999,0,0,7,28,49.14028798594943,0
7.28128542649565,9.380005182413324,1047,0.6216254716383779,786,0,0,8,19,74.35221426624602,0
42.67530094128054,2.1815736353891477,1089,0.5022445573588405,1611,0,0,3,28,40.840905027434815,0
71.98487245465235,23.75815541809748,1051,0.41322817166194337,1797,0,0,8,20,36.108962912295304,0
52.397457912201126,20.132438022345056,1061,0.5733129008530056,978,0,0,7,16,75.48062705784064,0
27.32764521521466,19.38383043779472,1015,0.58778924651693,622,0,0,8,19,34.70202480603944,0
13.734234061378345,4.222599179478291,1070,0.6748307167124057,611,0,0,9,14,49.72661212361639,0
88.4304908520534,9.225814341964437,1075,0.3692570239366577,545,0,0,6,30,52.15019005353909,0
53.194819408702756,18.054190235371827,1051,0.5169768026176694,831,0,0,3,16,72.70435258698542,0
43.205477034505044,1.8746325300277489,1066,0.5848533459997898,186,0,0,9,15,37.533951309295745,0
182.26011625269805,9.058421350539517,1039,0.8226456088034959,1529,1,0,1,6,189.19234818700343,1
59.68155681014268,3.268179416677709,1008,0.5062136471428049,754,0,0,4,18,75.51863276076001,0
74.40551652109009,16.276382030137633,1071,0.6741215807198114,1445,0,0,2,18,44.15769995135848,0
68.88886525770837,21.77081806032318,1096,0.5363565044119579,1214,0,0,2,19,61.825012367704396,0
77.40753878699749,2.7172955984027825,1020,0.4922099219717525,732,0,0,1,20,66.70551008477175,0
52.04216807745863,20.12358457357978,1017,0.41051972725967867,67,0,0,3,19,75.5888903845986,0
-13.716871729294205,5.68985490134915,1095,0.6862565748264494,1337,0,0,3,25,10.92208288541925,0
57.262120108639024,10.861311886765629,1005,0.5415806294457619,1991,0,0,3,21,133.30828413280142,0
38.966464202868345,7.94188525628099,1035,0.2810411604492451,1902,0,0,7,16,81.08365450421621,0
78.4643928941486,8.64956172286835,1045,0.39795381062109947,1487,0,0,5,24,101.58713109619407,0
79.35266336084105,6.350184834449499,1013,0.4155698380492408,61,0,0,8,27,92.35461202982373,0
72.04633358149452,21.2352739430447,1014,0.4926842868631958,1757,0,0,5,16,75.71483454251772,0
24.971859707961038,9.819490124976895,1064,0.5910840787577484,1126,0,0,9,25,51.2702985927721,0
134.7299177300914,22.82018482149867,1070,0.4877988550450354,1173,0,0,5,22,56.04181235419247,0
4.2342448722578325,20.46551916668514,1090,0.5079268277243288,1525,0,0,2,24,46.561338730173105,0
-5.385635867142817,14.162241587712186,1018,0.5792497091479415,1596,0,0,7,19,53.868289696123306,0
-15.831474094600722,13.457929868970357,1014,0.5051877108318792,1464,0,0,5,22,69.19714877480789,0
85.39826390115392,21.949398664515794,1084,0.41150371504129135,548,0,0,1,22,90.81324886574222,0
48.41734675997703,18.202720800181815,1055,0.5212411892685691,1389,0,0,1,24,93.87553725416052,0
34.8275988721419,23.98701761247365,1064,0.6516218240347676,384,0,0,3,16,65.63002602478906,0
36.0406862965984,23.598182663077676,1075,0.5519846079869472,1291,0,0,7,16,72.61522045508438,0
80.875413083839,1.7037405876332752,1002,0.6350339643684737,1447,0,0,7,24,3.535522854779799,0
80.22331919585596,7.226092331165128,1043,0.33192960061016863,772,0,0,4,28,78.64652313738297,0
75.40312325649481,6.412974642157658,1000,0.4572601497169843,1019,0,0,5,15,42.933115247406946,0
-5.090793513111919,6.501265320632994,1053,0.140725316899313,190,0,0,7,25,92.98162654778065,0
47.95141376707128,23.744751421244708,1039,0.49507671182367397,1406,0,0,3,18,30.90042747309933,0
-9.055126403141614,0.9151587381953448,1078,0.610334987232725,1901,0,0,4,23,66.03815735956435,0
81.3207538832714,10.697966953633731,1096,0.37238438842311383,1588,0,0,9,20,15.325896797779038,0
29.848376322257682,7.003071521369406,1028,0.6781387431267927,992,0,0,1,25,59.2765455267385,0
37.2849938538055,12.288020558739834,1030,0.46548027820165655,438,0,0,4,29,13.920839906541858,0
53.092346645925446,6.982810213251094,1083,0.431524257958243,710,0,0,5,19,-20.87998602205063,0
79.70498716877867,1.1556189401568222,1052,0.42316027913437093,1411,0,0,7,23,65.92830776428035,0
35.47478146253789,4.326516864441026,1039,0.5138655158566028,867,0,0,7,22,63.42678891852005,0
48.81334538430035,10.245650095748093,1042,0.38242292944745937,1820,0,0,3,14,87.75801590384921,0
66.5442882571857,5.380134641925642,1049,0.5059579123330166,282,0,0,9,27,51.57955184099598,0
35.490240876872946,7.677927243367235,1012,0.5999718658088419,397,0,0,1,19,72.77465915297373,0
78.67408235337443,8.969604403955216,1005,0.45542816067430575,805,0,0,5,17,64.88528980944449,0
82.42342176663865,20.528067127255554,1031,0.38783637411965866,240,0,0,2,13,75.59896791834143,0
43.82699018968484,23.55650434983106,1081,0.701504966327826,1778,0,0,6,17,17.626211070058396,0
89.85922484744694,4.953281813956338,1051,0.6568476463402887,1084,0,0,9,26,87.09995721400522,0
7.944468116231576,16.3169489747322,1037,0.38373021969643717,1534,0,0,5,17,59.16657422029164,0
51.57118306182706,13.620896820850046,1022,0.35124864329272276,1689,0,0,6,20,49.23639559444308,0
61.50365044562648,11.45375699541435,1071,0.3138448438017165,1089,0,0,3,14,40.082320879610364,0
40.40457430235468,22.46337803305738,1082,0.5561603683193678,1432,0,0,3,15,32.65371263505017,0
63.990751233390036,13.33688497728723,1044,0.44158258483948254,306,0,0,5,15,39.116802183160374,0
55.609706291739926,17.650974040210112,1074,0.6411023837421592,1481,0,0,4,23,54.85743337999359,0
68.99980478213715,6.237995372585368,1046,0.6141540382038186,1463,0,0,6,15,62.07324276875956,0
27.205936040366744,13.074614296128573,1095,0.3620619492772239,1041,1,0,4,12,27.86339891388667,0
78.2354559925991,19.285622433607443,1038,0.575857211170097,1410,0,0,8,26,47.32793705980357,0
40.766652951409974,10.00008199695289,1050,0.48961859028425997,1661,0,0,2,15,120.21287694101937,0
79.01534367316849,16.433340893311968,1005,0.6296528471750902,1863,0,0,8,21,76.50518743507024,0
43.86932820063055,19.342677329139676,1044,0.5883240727115673,1074,0,0,7,29,49.03313266305881,0
76.62966277621508,16.24168076831728,1020,0.5855191189331543,371,0,1,7,20,68.84211476847412,0
89.14504289957989,12.654881376808422,1028,0.5366967663029035,799,0,0,8,25,81.53310514346587,0
62.64638250609684,10.428064649263305,1079,0.43481704408328137,46,0,0,8,26,103.8557145813107,0
62.57057028098136,20.38842398862427,1039,0.6484444319249851,1227,0,0,6,19,43.163708124051674,0
14.667156260259262,6.915766787081877,1021,0.465159237353733,319,0,0,3,20,56.808050371253465,0
3.454632528232132,17.850742323476545,1088,0.5231565730311417,254,0,0,2,22,42.332740624010285,0
51.044226214994964,14.165165655086568,1077,0.41594917094981493,1876,1,0,9,18,43.95675754986379,0
20.342266785472475,11.339047892494744,1073,0.4547989281820116,882,0,0,3,20,106.56843090342537,0
51.36691643425695,3.4410161056377495,1043,0.5194121224294354,1209,0,0,8,15,24.043795899819713,0
42.03318462444376,11.714003452731472,1062,0.46086839297041077,208,0,0,6,12,100.72381614006753,0
62.24158540510267,21.022414210687796,1092,0.6691360161239999,1432,0,0,8,13,38.468044713906494,0
-12.023263001196298,8.16261447606885,1086,0.40262233710481465,1415,0,0,2,16,79.44397829357794,0
45.589237297074504,21.404836905151825,1090,0.5074570278529983,597,0,0,5,15,32.28173097739662,0
30.29317163085813,9.531659998630088,1097,0.6848693707297893,597,0,0,6,27,88.33582303360178,0
61.434751546483334,11.188565523732812,1092,0.5471754026378451,1991,0,0,5,17,50.37628044362425,0
47.806780939731844,11.569947797574558,1042,0.42505502089582886,707,0,0,6,15,77.8456850433962,0
-3.071509112181964,4.866461024852139,1047,0.4143927340523266,1608,0,0,5,20,51.18421503795713,0
33.490845384637396,10.295279537220175,1012,0.41270689823567347,1235,0,0,7,27,23.610560186232988,0
29.450384625687573,11.641264034291343,1075,0.2718604061348364,1006,0,0,1,18,89.98153150638855,0
90.66328403316487,11.904789358593955,1003,0.6312337161555908,536,0,0,1,29,66.53228555813773,0
24.484386373720998,0.3226570556019901,1043,0.2663536655757709,1915,0,0,3,16,35.26439179503982,0
43.31837897670179,9.047851901050917,1040,0.6306183534271005,1457,0,0,1,19,25.105417199284624,0
49.331630624488604,6.7303166777658445,1085,0.5182473332980024,775,0,0,9,15,53.815598535381575,0
48.027492167810365,15.461793619823567,1048,0.36495210442144,578,0,0,8,24,63.76270347506336,0
71.85555930543609,18.88703239114073,1060,0.4715854668820423,1867,0,0,9,20,74.2773959049557,0
65.92049369030144,11.951763066114445,1043,0.5151306669724763,1124,0,0,1,26,83.19281806468408,0
18.26490144169297,8.027840016277224,1091,0.49129015234658824,1205,0,0,1,17,112.8181141370936,0
50.56548868834543,19.851604692093048,1089,0.36181417045417297,244,0,0,7,24,67.97709276364928,0
97.34354172686554,15.460931564176615,1004,0.507923109543294,1517,0,0,7,23,50.3196121167031,0
80.82438030058074,11.221688678719126,1069,0.5900956235808796,768,0,0,9,22,76.82167667111352,0
34.50157403719676,15.591915923268662,1003,0.6619693077947397,259,0,0,8,26,79.24017267949542,0
75.343231273451,23.438096140809222,1046,0.445930979405939,896,0,0,9,12,35.520213335828984,0
70.61197387576749,21.213026687661163,1027,0.5203323121099742,1298,0,0,4,24,66.75344896466663,0
53.40183175900068,17.165502954631158,1052,0.5992680565369247,912,0,0,4,25,23.40532621028464,0
117.22779668617378,7.946263008008539,1013,0.3439755415985605,936,0,0,4,20,50.805393608800316,0
60.6601458677041,12.876858567017049,1055,0.7627917393558168,56,0,0,4,16,53.083543924230725,0
4.783225388481846,20.22305277270319,1082,0.5357085956151095,1228,0,0,2,19,17.102696961092548,0
27.118256643013574,8.485157341522921,1094,0.5730926780376208,1358,0,0,8,22,64.07242765039031,0
97.32359839290423,7.440392539724375,1060,0.41685940690048895,1348,0,0,5,16,-17.18131953811178,0
151.32148757247938,14.255538076971472,1032,0.5341983057967596,436,0,0,8,17,66.88117622718902,0
30.301277876008857,9.135507520738976,1021,0.5431259834147428,1128,0,0,9,16,89.03513982935172,0
71.6443797127203,6.9230004100350815,1017,0.4060483623715291,1603,0,0,2,17,53.83099783370744,0
31.85766006385362,15.490603996403916,1055,0.46998534165364625,1578,0,0,4,25,65.64517708298752,0
69.96250471075336,5.567639639608521,1051,0.5464291570318459,697,0,0,8,10,77.39695040295858,0
11.283157341613439,15.740025302817727,1002,0.5197828472279669,931,0,0,5,31,52.8423182419794,0
8.019735024536878,1.7403719121014998,1021,0.32067614275161715,527,0,0,6,23,54.33597917973186,0
49.34429757673629,10.31855394684285,1063,0.48279385937675406,326,0,0,2,13,41.94448193736942,0
58.43635047752196,13.486899420236847,1004,0.2306714059613056,1511,0,0,1,20,54.18163955714459,0
97.37638446522175,23.663326654808248,1049,0.5067925643319446,805,0,0,1,23,50.11294316867717,0
57.9206024400101,22.37477145769874,1069,0.6610250398633652,1773,0,0,4,19,58.36106908713299,0
3.696471704427587,16.374890922328742,1061,0.5198393423521652,1952,0,0,3,19,67.32161641046719,0
-0.6203304133213123,10.47569638338497,1028,0.3847322236686233,364,0,0,5,16,41.61118865739686,0
-19.6094679469127,2.3505207691885426,1072,0.5182129030640308,1486,0,0,8,16,60.15753105475937,0
39.704231735077684,18.470403631073573,1068,0.4646404293342201,1681,0,0,9,14,40.037961305662826,0
18.09936500509044,3.3342595179087073,1032,0.6062820640517776,796,0,0,8,20,74.74625451299819,0
97.98412820341369,15.81066428370491,1004,0.42459418398719867,323,0,0,9,23,59.94366417687653,0
37.890546102740096,23.63245329396574,1009,0.4694353355256196,407,0,0,1,17,70.10957714610527,0
91.27120439934859,10.297151855330776,1046,0.41288832147712273,1716,0,0,9,32,47.40078043238288,0
37.72152685660688,8.170816693046538,1053,0.4438882440248588,1628,0,0,4,24,72.93665641316812,0
8.009554858019413,10.686698804093872,1019,0.40826047115449865,1359,0,0,8,22,118.95242534832002,0
36.539129521415475,22.50569927749013,1086,0.5167189258735506,1598,0,0,1,18,108.11078658437715,0
78.96192453773511,17.17617064452815,1085,0.4481155211223254,1303,0,0,2,22,58.51635363592089,0
51.239768968118554,22.080020033991715,1041,0.6692290646363966,408,0,0,2,20,43.50444169783249,0
58.190321524831575,7.704475453221592,1033,0.5219269198249841,1813,0,0,7,16,65.43221416844902,0
84.30194321448658,3.891166686604084,1010,0.5705814856410921,1676,0,0,2,18,68.17170099775332,0
73.50076131572094,20.993436125308996,1044,0.5185061356742366,361,0,0,3,16,78.63059592185978,0
109.29321753546456,3.5013419155988945,1095,0.32662517707723604,951,1,0,8,13,62.32003342756704,0
26.4530506075328,23.114751825237114,1078,0.466792674925379,1377,0,0,7,23,64.2948868854019,0
93.64478522439953,4.713938083552826,1051,0.45964200417562623,333,0,0,9,19,2.8744086140715126,0
49.566431873651624,10.512762795227271,1015,0.6199698805497184,122,1,0,8,23,6.790427583832049,0
76.67111366839677,11.870070028863498,1071,0.40448488612660327,740,0,0,5,28,57.289432571701454,0
46.94040036218966,23.332391236488988,1036,0.5885934608989145,1328,0,0,8,18,15.221347169817804,0
25.703297027317756,20.321409810956666,1098,0.6124300599283201,425,0,0,6,16,89.78295504662745,0
59.22838004567589,10.59282144767495,1090,0.5562488538987103,804,0,0,6,20,60.68655818400987,0
58.32130813874575,9.603589293740285,1083,0.3802494594940006,1520,1,0,3,20,51.92519777564268,0
115.09809764241628,2.236530863335508,1025,0.4573661271967311,1472,0,0,6,21,40.73099811304449,0
38.5154755703975,5.9414896052823725,1053,0.33521618155877037,620,0,0,7,20,32.78458396473518,0
10.653525863039548,21.5204637481409,1073,0.4044802438693554,1674,0,0,9,20,75.31799951235374,0
85.41922737356434,0.3510849409216803,1025,0.3931394769737381,209,0,0,3,25,4.95834492173114,0
55.15518019380593,9.209332193266906,1071,0.2490006521460097,1949,0,0,8,17,72.4596674830132,0
80.21913072419787,7.549493771076779,1084,0.5778227587425236,1329,0,0,2,18,3.400343069430626,0
31.00181885869182,5.279449935696469,1064,0.28524444213559896,1987,0,0,3,24,46.13355149378718,0
59.64071646350819,19.27031619298263,1033,0.441817975116298,179,0,0,4,24,104.45413910678947,0
81.46592425626086,3.5687836391411576,1089,0.5853815638888064,1532,0,0,5,26,55.02768398455688,0
14.243758874262504,6.608276403322659,1004,0.4887306423927946,364,0,0,7,26,52.17986380635043,0
20.384614185464482,10.400806768724038,1073,0.5636833458693621,834,0,0,8,20,53.23615269018336,0
27.918090395944574,16.547739751846972,1081,0.4368576129533721,1154,0,0,5,24,94.29028483965635,0
26.128470094381655,0.2697355839690463,1060,0.562660359853552,653,0,0,7,20,36.50601556955594,0
54.634809967857535,18.95838530534112,1000,0.5945525427409912,1251,0,0,6,27,-1.248634597760656,0
75.71475165269865,19.13202653340897,1062,0.5350284346205428,1150,0,0,3,25,62.255069846109876,0
4.432675247297965,23.916529726192138,1088,0.7304084589934852,1438,0,0,9,16,116.23641928990779,0
51.06698222098981,7.213850593296532,1069,0.41750434021938143,1434,0,0,5,22,61.626046800006456,0
100.33102442229321,18.547307828681774,1032,0.6206979138009205,135,0,0,8,25,83.30149596185004,0
44.500978714214085,1.368158271592617,1052,0.44979693639651863,516,0,0,4,16,49.61944134236692,0
160.52432134551051,16.207676497507975,1052,0.9705496276754687,430,1,0,9,4,164.5517800513691,1
91.77395900192985,21.436958125220205,1002,0.6921817010012903,1150,0,0,9,19,62.984599797498475,0
85.82328209142118,13.04883407147802,1094,0.6285911517784618,920,0,0,5,19,54.33185319193005,0
46.41323730120812,19.256255975566873,1064,0.5982619657761393,928,0,0,6,18,51.02593699515834,0
36.53274838060981,7.025995804488154,1069,0.5180748858437879,1705,0,0,2,22,74.58883649205279,0
56.64675420872632,22.190423770121104,1025,0.6479357921324497,1449,0,0,9,21,59.76371659549527,0
67.92613117684185,6.709704128893667,1084,0.4217550222677924,1356,0,0,8,16,54.10750367812269,0
40.07675311930842,11.619941937408043,1082,0.5754810372160726,702,0,0,9,16,76.90539777607405,0
25.579679921253327,14.832899533482584,1056,0.30973078951503613,1191,0,0,3,27,54.62557722663782,0
194.07195979249423,9.805768087348383,1056,0.899112967905783,841,0,0,9,4,236.0016880541079,1
47.68336864330863,14.140821762332473,1093,0.6254237288091855,189,0,0,6,20,60.382989446164,0
36.98028613352129,9.09315766564693,1024,0.4172583204953829,1060,0,0,1,25,58.28049478779111,0
60.25267927331478,6.896487881807921,1004,0.6101362359027394,1107,0,0,8,22,35.48225874530774,0
36.94768275271052,6.03165524703157,1056,0.3858499436049938,1224,0,1,8,22,41.42409054374269,0
52.0356653158221,16.143569746376908,1060,0.24497984579060877,1799,1,0,8,25,36.480571212264444,0
11.194771243877128,9.118947003537805,1078,0.5528382777918411,1635,0,1,7,18,75.30787324093886,0
43.19172601586227,12.261264197391936,1093,0.5950244753187188,1495,0,0,1,21,66.30321986376033,0
61.02947878974265,6.464301097466503,1056,0.48919128544857426,1473,0,0,9,21,35.57835923117727,0
42.59826727656679,11.364206105785549,1016,0.5888945262136186,1913,0,0,5,19,37.11847186422659,0
54.51423496321703,16.526445031586665,1026,0.6563389407436607,893,0,0,3,23,33.69178486085503,0
37.8166892892979,23.617429737249868,1011,0.581143993593456,1715,0,0,4,19,43.75845306550062,0
29.85463379058363,21.88258912857943,1076,0.3781365788280181,1981,0,0,5,17,9.559441419679708,0
104.88860605148261,8.466443180566937,1077,0.42778127023905815,453,1,0,2,26,60.12433505456817,0
188.26886217540957,15.904138916406891,1084,1.1657458086675985,1505,1,1,9,4,177.41100917985588,1
2.0638359651548726,12.793891735791165,1081,0.5123891972456054,1498,0,0,8,16,54.67520976123104,0
114.89764169916381,20.712646755590967,1008,0.47863567603619006,76,0,0,4,21,79.97174924969008,0
50.69587935672124,6.413927401705256,1076,0.435562109498935,408,0,0,7,22,73.63585984483761,0
49.2043622225282,22.82617630960983,1000,0.5093907177910887,1123,0,0,7,18,69.54469623874532,0
80.97638613024972,18.43277890209798,1058,0.5194780104286812,1722,0,0,7,15,128.5881751819475,0
33.538252767771155,22.77315899758713,1003,0.43493643064333526,723,1,0,3,13,89.68599106363779,0
41.60719494512497,21.774949474861724,1052,0.42412411080440127,432,0,0,3,16,14.569732048398919,0
66.82353579104704,5.767749137875936,1048,0.5530196061104782,32,0,0,7,23,63.23238048101831,0
47.86639127508992,14.61758806210796,1028,0.6194308875691954,577,0,0,3,9,81.3386189503869,0
99.1163493410856,11.849260907090528,1011,0.5816378767359686,1558,0,0,4,20,44.76719090145336,0
13.502575875928713,16.56944012624841,1047,0.4044366237243923,1667,0,0,8,22,91.89721430752023,0
39.47665383195338,5.1227839738706225,1078,0.4860835105272965,683,0,0,5,23,31.06283979843014,0
-31.131748948083256,6.981113573861265,1059,0.4512297712792823,322,0,1,2,19,63.74279187306829,0
182.73042087013584,22.91346652898952,1089,0.9196238381870477,1758,1,0,5,4,230.1525201279411,1
110.36811337102296,15.36833631114569,1069,0.45383666491868113,859,0,0,8,20,32.69006448514343,0
37.59153003111072,12.837714820555078,1019,0.5140737088849743,52,0,0,2,24,56.496226123842064,0
23.082368855425052,20.088187099274812,1061,0.3766604968875338,928,0,0,9,21,41.37826109613488,0
90.59207480499222,4.458217348949043,1039,0.6435168141360288,1484,0,0,7,15,55.00432849243578,0
63.812469495284724,13.2454833479795,1051,0.5439349049305895,1678,0,0,8,24,16.632442174225815,0
165.6963744226612,0.46417594319451716,1004,0.9372574680788808,1056,0,0,4,8,181.24720504847576,1
85.61233036225266,4.90756680601391,1016,0.2446932566912346,1010,0,0,9,21,69.18319285134724,0
64.16006812757823,11.199224878804491,1028,0.3683271260947526,1827,0,0,3,32,28.036697977378424,0
27.72588242905855,17.375889219473713,1080,0.4841278357059843,357,0,1,6,19,55.56335785496067,0
32.26944632799704,23.285641498272494,1085,0.34779618802558454,711,0,0,7,22,53.348566261054955,0
2.8103222878141736,7.863720718119429,1045,0.4069322846269499,899,0,0,3,17,47.93741706394682,0
56.618924129214896,5.368626354353139,1096,0.6616044530671867,1413,0,0,4,23,70.9992408993735,0
64.07802769425578,18.37037320187452,1035,0.4361906619896531,1183,0,0,6,16,28.396426227105973,0
35.600955615538204,0.46105279376435604,1072,0.43703860514208753,764,0,0,3,17,44.17876529130678,0
50.806575169835924,3.379484690231987,1060,0.4183615128259738,439,0,0,3,23,102.94609860541993,0
88.3484284237846,0.5960257795203434,1052,0.47885856645225877,1819,1,0,1,19,59.90757862747982,0
67.51649066852004,14.791120005425837,1051,0.6036058939567083,1837,0,0,5,21,62.682120002176056,0
40.00857137073433,9.87217896996052,1011,0.6920733272173265,438,0,0,9,15,70.3450100359627,0
10.129770883296551,7.056713715722505,1009,0.36762983780287267,1341,0,0,9,29,69.46551373919733,0
-19.126358078319,4.62083562537056,1055,0.35452427796785324,876,0,0,3,10,26.699004117793066,0
-6.413066321892437,16.803109498942867,1088,0.5162635239773513,1992,0,0,7,16,15.795759340479215,0
7.997862967947839,5.623963007184191,1079,0.46445146654657765,715,0,0,6,29,99.33482707025289,0
54.762681528126286,9.280595871330913,1069,0.5420825149163809,514,0,0,9,22,112.42051377493252,0
41.34353912372886,17.662732841357336,1074,0.7178733275861869,1362,0,0,7,20,63.996742818777825,0
15.93092285726513,11.289923425075436,1065,0.5456660049908812,330,0,0,7,19,30.518624085787845,0
82.7055041306134,7.631425186718916,1090,0.5937024458798181,331,1,0,8,22,76.88544043103356,0
60.234559244499316,10.522293408268336,1037,0.45916687593659133,1425,1,0,8,23,29.240055945918954,0
59.80566201831312,23.176533997448864,1081,0.46845827731890527,1192,0,1,4,20,72.05777069008867,0
40.710508580358166,14.106443102546152,1062,0.6202420317462467,360,0,0,9,30,46.017872467382965,0
22.877951307919993,18.700922753733202,1068,0.40156248147234086,65,0,0,6,24,125.87197752651666,0
21.82533290687955,5.751651192386277,1029,0.5211027052432908,634,0,0,2,22,73.11693291288229,0
66.12236008461142,8.361313442449376,1088,0.5000120340477988,1166,0,0,3,18,94.40384850997441,0
22.334332837051175,19.010538705958993,1057,0.4264859448918063,686,1,0,9,28,61.068482898097805,0
93.52782644837636,8.784321404163627,1042,0.43138940927929786,1563,0,0,8,24,64.56026681815527,0
9.649565482079936,10.470411235306075,1098,0.5207268719863778,97,0,0,1,20,30.432229928566485,0
63.484217384969206,8.71508262830573,1002,0.5170269314382523,192,0,0,5,24,76.36737852467319,0
73.46082162722382,23.77737385329067,1071,0.5414133973022035,380,0,0,8,23,84.74474015728407,0
20.65235185818568,19.78740110986805,1042,0.676005701657455,412,0,0,5,17,42.12942063403687,0
69.8760810019584,17.029625193553464,1063,0.5350475960347271,1354,0,0,6,26,65.81975024266065,0
86.65414054930105,10.314596026592787,1094,0.6266271540672463,1511,0,0,6,22,79.05334684703422,0
59.92351419614708,4.85426106441631,1045,0.460247890821244,79,0,0,9,19,37.52418771074832,0
45.748738348945274,10.852150934170584,1051,0.5867911605848879,1209,0,0,6,21,102.41285094777092,0
57.53949944714307,8.460668430332433,1098,0.4397730779930469,1920,0,0,2,27,84.77984655244157,0
47.034643962820816,13.45783670437001,1039,0.5897514745189457,1247,0,0,1,18,88.06167074066198,0
22.759277734363675,21.917894867719586,1020,0.4693602858287067,1088,0,0,3,28,69.9865436395726,0
75.18405513555214,21.213643559042605,1057,0.40071090885679195,1998,0,0,2,15,69.90834008245531,0
73.40605163558226,1.466569883254393,1010,0.31156805647961844,1415,0,0,9,13,74.553014406487,0
67.86472692917772,4.264907068723537,1096,0.6045114653232395,1668,0,0,8,14,78.837620921395,0
3.715954543710623,14.993747037754993,1087,0.3716832258642876,641,0,0,9,16,39.766647910941394,0
37.22546004900346,17.848947887600602,1071,0.39057328683778525,1449,0,0,9,21,108.55741495193624,0
24.94571295109931,9.516941461547619,1036,0.39116867592385096,67,0,0,8,22,49.49205053298914,0
33.612666552425516,23.89248547834509,1056,0.40859288021418494,1539,0,0,1,15,44.753802933326696,0
-3.869295178900451,3.5434438232918115,1065,0.5630585620132452,989,0,0,4,22,70.42921468585044,0
52.340222554365724,7.596051357846978,1053,0.4710804807443484,1752,0,0,8,21,42.542836719208665,0
62.9705814260102,4.791552460352019,1007,0.562095655012665,700,0,0,1,22,46.21440783001067,0
85.90732846284057,13.455764484016363,1035,0.4989491516271081,761,1,0,4,16,76.1503663139413,0
55.26722254777465,1.1733175081244456,1066,0.4895573344478996,785,0,0,6,26,44.50846035973711,0
124.92245379259562,13.128939446895743,1099,0.3612733012864089,673,0,0,9,26,86.77329654238196,0
40.97420758577521,6.824253835675039,1077,0.4532117332163241,1881,0,0,6,23,54.428761984591475,0
17.873225058166632,14.487468588143708,1092,0.4743262310272444,369,0,0,8,15,117.76378289916875,0
20.301266223439583,1.775733220845722,1031,0.5028073323187722,269,0,0,5,27,-28.828066237812948,0
53.97793016078303,17.0813182014537,1034,0.4628410630400621,946,0,0,2,18,63.871302346057675,0
98.36661884766272,22.53795131728848,1009,0.2515519187032822,258,0,0,8,15,72.4026985109877,0
39.373808344736354,1.9478219789931588,1064,0.6511046022058679,92,0,0,4,20,81.18559377999097,0
86.27030596702991,16.719995223927885,1009,0.4829763309452115,446,0,0,2,12,87.91596269475635,0
74.81346285697305,0.17545172771857853,1033,0.4274067188899693,620,0,0,8,23,94.96129334838773,0
-1.9078819145303498,3.0673402270851096,1050,0.47929271379240757,488,0,0,1,22,69.24896844213508,0
29.484532985012713,17.18301369934553,1028,0.5501110546833352,1999,0,0,5,17,27.722851283385246,0
107.03572057259022,12.523576833198135,1089,0.6333141902220519,1572,0,0,3,21,57.62120800198464,0
100.31601529898289,21.382014733557675,1066,0.5505793031418931,1815,0,0,7,26,16.894470142363843,0
39.977683070601785,4.707344393612918,1001,0.567799089702965,1570,0,0,7,14,55.97404664569802,0
52.48318711356277,9.476183994360506,1093,0.3166591842649484,670,0,0,6,16,25.585369884839665,0
44.135820692420786,18.669419419995698,1074,0.3959730026540883,1265,0,0,4,25,9.451931065672873,0
235.39243071926205,7.654836962003609,1043,1.0249434800679356,1195,1,0,9,3,154.43732854891243,1
7.798417023213261,14.087651592162945,1023,0.6284323714485638,504,0,0,8,16,76.43091189958227,0
44.152751589419566,2.098384739847419,1042,0.5414888878974297,1825,0,0,3,27,21.337325827335995,0
44.86231085525196,18.049906500709902,1062,0.40934747972855495,1316,0,0,4,26,47.73710903715332,0
27.975144016369576,13.798917253268549,1093,0.5431037758981188,873,0,0,8,20,71.9906801223913,0
80.94961323725525,16.69988436869165,1086,0.4411044522553129,1636,0,0,1,17,79.35948763330529,0
48.80220609879909,2.071638563667948,1084,0.4537819598846101,160,0,0,6,24,91.16668759834887,0
52.08109407974208,8.37832767585797,1024,0.6997881994914077,373,0,0,2,23,82.05660897130178,0
73.2067311862044,22.337813238754272,1026,0.5053930651061894,1108,0,0,5,23,87.42587908208624,0
42.54152438699968,13.68595499873759,1073,0.5139920747804873,1844,0,0,6,21,67.63740696970899,0
40.25505849474133,18.40108018609722,1079,0.5075182330985252,252,0,0,5,31,35.29687226510095,0
76.84773130833324,10.792552160864155,1050,0.5826932025730297,1776,0,0,5,20,48.76460943420497,0
48.90259880369462,17.154464603982227,1029,0.4961227645418309,1803,0,0,4,14,54.97520675476852,0
-9.263996990616135,5.110014854503336,1005,0.5851394002816998,1012,0,0,8,21,74.55417111254931,0
56.51623812585203,17.18086904599764,1086,0.5072669849806792,1308,0,0,2,22,59.97248750639254,0
85.67679383767356,11.57014426858752,1087,0.5356459685130873,1763,0,0,6,20,48.52269609997735,0
64.58554374685816,0.7374523116119889,1055,0.2949829843467148,1779,0,0,7,20,49.48371674509987,0
96.17427037431952,4.94795627114897,1077,0.4805094359231906,1599,0,0,7,23,119.84264606829919,0
131.0908269321525,17.786059145717275,1053,0.5055038535222923,213,0,0,6,17,101.0249480847788,0
3.6669845525526696,7.680117258272355,1001,0.36252453650646066,1018,0,0,2,25,59.02492201560003,0
71.0609097100198,7.374119547091467,1073,0.4360040096555732,589,0,0,1,17,67.36325657747939,0
82.53501590872777,8.686897719557493,1032,0.6216070287262273,519,0,0,8,12,45.619400886104856,0
-2.8228827746745324,22.824790193966546,1026,0.39976277499743856,1058,0,0,4,23,72.16428355640102,0
34.20404938711871,10.287493663564385,1097,0.6279157210145138,675,0,0,3,11,40.97390443470002,0
89.29595508300602,10.67201930012919,1044,0.4615851702175521,563,0,0,4,19,28.40571871857799,0
21.925063106283034,5.571334856767987,1027,0.5320215259669941,1074,0,0,3,22,66.04051579605756,0
46.29967807861669,14.939599656696899,1057,0.6174626286972491,1175,0,0,3,13,81.6772117490385,0
55.51503548967513,0.1426021402645059,1002,0.5273407654242069,78,0,0,8,23,10.831561114013759,0
18.128194155593608,19.168909772223333,1009,0.6507097033763506,1595,0,0,9,24,76.03591113547654,0
54.942825237095505,10.82916751868151,1050,0.4092303919688239,1782,0,0,6,23,62.1545446717817,0
56.50049356892859,14.589111452965314,1039,0.6813180951912765,1206,0,1,3,21,62.97176635866395,0
10.006149356665802,19.498942809674695,1036,0.6948761299923261,565,0,0,8,14,55.79972207472032,0
13.677721201125067,15.338763081355278,1067,0.3677001149696308,1018,0,0,1,26,95.9552003245808,0
30.669791989340474,15.928683333897187,1073,0.42713912354905204,1596,0,0,9,25,65.70369617609974,0
58.85839821862605,19.87460422243938,1041,0.5611547028830726,717,0,0,1,29,100.35184936987429,0
26.65085823793062,8.415582790896448,1038,0.5316435411833811,1901,0,0,2,17,68.8397622306248,0
40.277954743730895,10.44954312507839,1057,0.5127002627330864,999,0,0,1,16,20.979418764563285,0
71.89458086802892,1.0898437460088886,1054,0.4526717791258647,1313,0,0,9,21,25.393156757010004,0
81.45199663440623,23.299155582544127,1047,0.3480304366568399,1942,1,0,5,25,94.44587695240826,0
57.612189844837204,22.849402039133054,1083,0.6819053840037493,1944,0,0,4,19,57.91237577146059,0
42.78004476409361,17.199898035208726,1076,0.4548667305092633,1508,0,0,3,24,86.13766327588009,0
36.26454841452532,13.009007629294775,1034,0.575888571485642,477,0,0,5,17,98.96033115935758,0
62.12884264885093,4.034461195324321,1068,0.41271177758962696,1671,0,0,5,18,33.64749932761323,0
67.77701821541991,14.32704688429267,1055,0.4554665188042491,98,0,0,3,14,51.46129995432429,0
44.279527977099605,11.055929873056892,1021,0.499237272108254,1927,0,0,8,18,94.71613112470709,0
58.856742750357284,2.5000974398889193,1073,0.4672108290107406,621,0,0,1,24,45.5272416238806,0
108.79511764234024,11.391555786763318,1004,0.5124004525667686,1888,0,0,6,21,46.01320851324964,0
60.02529251734693,5.1807935438277255,1044,0.40395245987813205,880,0,0,4,16,53.28397145846579,0
47.49686090628917,0.40630445821284145,1068,0.7263227528627352,1013,0,0,9,21,78.68953618692774,0
78.22313563964647,10.152346709802304,1005,0.5004198620329017,643,1,0,3,21,55.21303921413109,0
25.487341067954283,21.53511812479907,1016,0.5066450961478794,387,0,0,8,15,75.97092133183578,0
12.62783663864036,3.2490863042664273,1066,0.6512788708250018,407,0,1,2,16,74.12900606505876,0
102.99535400982901,22.80778893521456,1067,0.5035662035036927,1552,0,0,2,23,70.79206214399842,0
37.272909998058694,13.281418565514329,1093,0.5161120011917423,584,0,0,4,24,65.96039633755849,0
5.642412626604752,22.743639673946134,1037,0.4935757821555321,1259,0,0,9,23,50.33802007471693,0
91.10305560831112,9.154519155576173,1007,0.48205641068999094,644,0,0,2,18,23.38448904594268,0
31.650987899163226,6.325787716833212,1034,0.6507485876813164,1284,0,0,6,17,66.97330756469844,0
33.12599672317197,20.399418410630293,1027,0.40355667324343114,652,0,0,7,13,25.482523265811047,0
39.1482849171984,22.254295819047297,1052,0.705957503364901,1626,0,0,8,19,99.024472441869,0
6.5106434090441,12.530285685954937,1043,0.5955536025761401,1054,0,0,6,27,37.67178137220111,0
23.375234665936997,14.846327076026434,1028,0.2967261769232065,729,0,0,4,26,24.83305121662937,0
87.97123522594103,12.003553995945584,1035,0.517154327073908,1172,0,0,3,11,80.94945047286689,0
95.97141147762866,4.226315526419017,1003,0.4131671817359057,99,0,0,9,16,54.98674560923227,0
-10.653959198858423,16.008036784340753,1075,0.4617952788285849,140,0,0,9,17,23.319005245001158,0
28.559579690287045,10.109513608451904,1047,0.41333951774112543,1215,0,0,1,15,62.72484166787931,0
43.52118438949303,18.943752248667927,1025,0.596998062892513,260,0,0,8,19,101.92795861143426,0
41.98587542174736,15.773116792043211,1008,0.44322566480449116,87,0,0,3,16,86.54581215384245,0
46.64458687741061,16.842618491701273,1005,0.35616603912910055,1049,0,0,4,21,110.21991114070238,0
50.91429241761887,22.17491783579832,1074,0.6920071777070382,1437,0,0,8,15,35.602499049363125,0
82.95454628155456,23.47199504547096,1088,0.38766975421137784,467,0,0,9,17,54.872497856464776,0
39.99541157090914,21.753963183370544,1088,0.42731205265985006,213,0,0,7,22,59.21981126836044,0
11.314997908280603,5.738289431678765,1093,0.5107773191302332,1495,0,0,2,15,43.71058871615091,0
56.34189702411977,0.33584184409110307,1025,0.42218279726563096,333,0,0,3,19,65.01569890254902,0
55.91947122216787,10.68707453700505,1052,0.6265122189724258,836,0,0,1,17,63.93899255146584,0
33.95729987467031,18.28130138628451,1055,0.5287742414896646,1357,0,0,4,10,7.77645452439927,0
42.236118119986926,3.560140337273114,1034,0.5161337521698894,1627,0,0,9,21,26.185180631784704,0
65.80944174091259,2.450968752485121,1061,0.6108852279203785,263,0,0,1,18,22.829769464390253,0
-16.593338423555522,22.301973965835263,1038,0.5379198255366991,1687,0,0,1,20,72.94190349823872,0
34.13159711825904,7.892655180736253,1075,0.47787716999464797,1489,0,0,9,15,29.086254216316622,0
116.37593118191727,23.777401325942524,1011,0.4174618637745993,1338,0,0,3,23,25.862701357815574,0
57.35115992946218,10.675271784879193,1051,0.5019971211609605,799,0,0,4,18,66.44201160808504,0
57.80841519748658,3.374539297836643,1077,0.6122286513475155,1995,1,0,9,27,47.682169204779875,0
67.5909205626528,7.422146651358852,1052,0.4590672208458686,1411,1,0,3,21,61.208676881647065,0
57.34899713326168,15.063128517642909,1049,0.6234070322481872,1140,0,0,9,19,34.97168714332781,0
49.57188941151834,2.5877681724467285,1018,0.4404604127139526,196,0,0,2,18,34.116880201859175,0
78.54649311722127,12.6533940384095,1060,0.5290915306375056,77,0,0,7,12,50.13201979585136,0
68.20551779647013,3.5994485796370723,1064,0.3141567757747039,1145,0,0,7,21,21.51578098364498,0
60.42745116085013,1.0855111420851582,1000,0.4775239284032113,698,1,0,4,16,62.27019801811922,0
104.61631723825447,16.285008714978215,1040,0.33812572894871884,904,1,0,7,18,28.97559360330755,0
36.4308104225277,23.713630607067596,1039,0.4775244918115159,1314,0,0,2,20,55.754416665791695,0
46.484839850768736,16.552528335894984,1052,0.34188849324676507,1050,0,1,1,17,71.89930040846677,0
33.76979402651302,7.163858706896849,1053,0.4224221826696573,1442,0,0,8,21,85.08533716051818,0
49.11944893652916,15.90241206912684,1031,0.2622862892588657,224,0,0,9,17,115.36888385930025,0
26.13328796177353,10.465181294925383,1085,0.3624421161506378,1963,0,0,8,30,21.862444416008813,0
59.62790185776973,14.953704801660459,1084,0.5093442019147437,252,0,0,2,18,30.305995363773178,0
100.29364885743988,7.5482968889427156,1006,0.5505181319973516,547,0,0,6,21,57.38695140194223,0
61.374593561783726,0.40399967665347525,1071,0.5040205222525417,948,0,0,3,17,64.87539653243293,0
59.65093418588041,5.278189152944981,1087,0.25139539557871604,1847,1,0,9,25,22.161470665712187,0
54.456437107779166,22.13575347548806,1045,0.39582194382035113,1196,0,0,5,14,80.99292739134947,0
8.993639047537364,18.437946663511593,1001,0.4415816496774598,120,0,0,4,13,25.97381672934884,0
32.790139793592914,5.452590076373187,1046,0.3990208654289624,373,0,0,8,17,56.77381409358399,0
27.878602895061242,8.721200903915914,1082,0.5097880949050781,1354,1,0,5,21,136.13893314804784,0
33.072572040278345,19.3121188285334,1052,0.4980654895789773,1115,0,0,6,16,72.19246206863885,0
239.4791458091992,17.733089428766785,1028,0.8444120501666563,1221,0,1,9,5,135.86827506914022,1
17.604726566555392,2.780466648090348,1035,0.37511941965078516,367,1,1,5,25,45.60700605062266,0
23.541177071984777,12.48150180443072,1066,0.5499198433575082,408,0,0,5,23,62.161800210990435,0
23.921390390340687,1.611786777187712,1004,0.4774468335913948,516,0,0,2,26,67.67856593860638,0
62.64759831843367,8.574502127905085,1034,0.3090361889460721,904,0,0,1,21,10.381421718213417,0
36.488954262299956,9.220237324906018,1075,0.48212316152771706,1310,0,0,4,25,82.39234584948399,0
72.59569849197646,0.15639157660500658,1052,0.522507918373071,923,0,0,3,25,95.44866733078797,0
84.12143292886742,4.610343484832463,1050,0.6173749862940899,516,0,0,1,14,119.1019899649808,0
62.90124941573209,14.223807549250719,1041,0.5100046678866967,31,0,0,9,18,36.93255104410163,0
77.65404505931757,10.85024453736922,1093,0.42947486898546683,772,0,0,1,21,64.18668522947587,0
66.01085744018579,19.957312516357863,1086,0.5152593519668358,1507,0,1,8,23,100.54311371581748,0
62.94894888912792,7.64551435502375,1077,0.4171227665252485,985,0,0,2,17,72.78210464161607,0
38.830428411862314,19.332074670236718,1068,0.422555805962082,437,0,0,4,17,42.65216768148346,0
13.006960849554346,21.966671493908024,1014,0.3482932190601401,1664,0,0,7,19,70.9149943485185,0
35.35178472645366,19.342304787827175,1069,0.5071781640863724,664,0,0,2,16,72.09258929383634,0
42.14725129336716,7.4233839716471435,1040,0.5062110072432048,1725,1,0,4,13,77.48791863175158,0
96.08470318564835,18.393720565642614,1017,0.5489902116287028,1704,0,0,5,18,80.6091168350851,0
72.42638377359378,22.037473336718566,1048,0.4834204696441186,727,0,0,9,15,47.10600985609712,0
-13.440807972212063,14.652898255361576,1042,0.4535060414154612,907,0,0,6,14,34.80906917491548,0
80.10598693676073,4.97003579730505,1062,0.4429922554748191,369,0,0,7,18,39.04841662557216,0
88.6760915422062,2.7064934037396737,1058,0.43039740158441303,1064,0,0,9,21,62.03122599770015,0
72.1539973998623,7.102487224116989,1066,0.4149544543667557,670,0,0,1,19,55.733358581721944,0
47.55431980695062,15.779857422150025,1000,0.606710904042775,1954,0,0,6,24,56.08866318833494,0
21.285472553148715,13.384914285760107,1012,0.31409787844056836,1542,0,0,5,16,80.67452220407478,0
62.358589971854286,8.916989386790126,1013,0.2805470342403559,1221,1,0,1,13,69.08588330350341,0
223.42315175234052,3.707340657735653,1097,0.861899228995316,1553,0,1,4,4,187.77574229265537,1
81.87971872362579,17.576829603535572,1074,0.6644397689558841,1943,0,0,4,18,41.54990508488427,0
82.52594732130629,23.682614337253383,1089,0.5537100400100118,1564,0,0,8,27,95.9746430797835,0
24.917249893411206,18.187519336662383,1051,0.3843546995208903,585,0,0,5,18,68.17869739510401,0
44.479028024029915,20.14014745224713,1062,0.5773142859035987,1699,0,0,7,20,53.54694368822894,0
39.73554046618283,12.183839914829543,1094,0.5311552229987366,1179,0,0,4,16,69.30986853615603,0
25.851005574423176,0.8421026691911999,1041,0.3721650050202686,1092,0,0,4,21,46.83109567400798,0
-8.93608114308774,16.40223817003209,1074,0.5777346771718515,1399,0,0,1,13,59.01190489436275,0
-1.220738727788401,8.720010765990343,1025,0.4372165125488352,1376,0,0,4,16,81.63389712943854,0
34.87613979045009,10.235155205449317,1042,0.6801497529641533,1506,0,0,7,17,46.36532387592708,0
102.37576910819408,12.850775991538427,1067,0.4159159982554333,1631,0,0,1,14,63.03432022077085,0
66.46651505952093,18.56047472360231,1057,0.4600895271454094,658,0,0,1,17,21.729269426007136,0
30.56383131060436,10.299660109245544,1081,0.5503501636205542,1694,0,0,7,19,18.95363001225609,0
94.44990207387796,18.280352543527638,1005,0.5438318368282556,254,0,0,4,24,22.01300576811292,0
-0.0029022036759300818,15.264043295735053,1074,0.468743055503278,1756,0,0,8,23,39.78770013663091,0
48.01662818143979,9.543596599752307,1015,0.624646085875467,943,0,0,1,18,34.29028690804755,0
45.33732702416721,13.398929914498005,1048,0.462991874008165,1341,0,0,1,20,86.09271546515649,0
53.76729360414627,10.94118212217847,1008,0.4760459005325772,57,0,0,7,22,61.34571555631303,0
62.555436774711644,9.498092405366283,1091,0.6491898061949137,169,0,0,3,16,37.11168987693409,0
43.87610693381851,2.692765547293538,1005,0.45372317447094823,429,0,0,7,22,31.16664587488138,0
74.14800172196976,2.6244944005193522,1072,0.45392575442940486,198,0,0,4,19,49.90088532284441,0
58.59160231866171,5.258275744802769,1099,0.48418162423979344,1883,0,0,8,23,83.94404666990725,0
97.78009994848652,23.931907542706966,1089,0.4398874233429265,623,0,0,7,17,72.82036889533165,0
62.92587257045112,6.462247595303462,1070,0.40787792675198464,1393,0,0,4,26,71.5538523698699,0
18.731852358582547,7.918320500219395,1080,0.574897181259059,1488,0,0,3,20,38.85190237899566,0
79.1733199375403,10.219611516280837,1091,0.5912325218455574,740,1,0,5,27,80.6574154372826,0
89.09834111948192,10.273147006609792,1084,0.6026502831153144,1948,0,0,5,21,41.3307859242928,0
39.24979543936333,18.887762001235807,1025,0.5749174430076065,935,0,0,3,13,41.743598456671364,0
53.02373217934419,22.4250163113701,1063,0.40216510972215985,968,0,0,8,18,31.903627795472502,0
47.852022444258,18.52541151180611,1069,0.5850971317931745,1084,0,0,7,29,31.130651106603942,0
7.668295068017542,20.369687822236173,1087,0.41864310129347554,1765,0,0,6,17,32.36503340878413,0
68.92626810788467,23.86957363700584,1004,0.6042401891857974,135,0,0,8,18,96.90023856201657,0
77.77030273141608,2.0277625018758947,1057,0.4313627146590244,1864,0,0,9,16,67.55511078032966,0
35.69370618068493,16.34769773593071,1059,0.3489707857227353,1642,0,0,2,20,87.77899962700542,0
91.74373900867826,22.92687873238789,1038,0.7666927390638635,1331,0,0,6,13,111.47457245218023,0
84.18666608076407,15.004999721830321,1084,0.5822362312993228,340,0,0,5,20,58.36343012877804,0
45.46180149039465,20.006581408517768,1048,0.4856830899678009,1907,0,0,6,20,23.3099927024997,0
54.1795889218868,12.935808218207061,1042,0.34430551454299674,1422,0,0,1,20,52.326311177919564,0
48.45472418738216,6.06995026794637,1065,0.45773468099856474,669,0,0,8,15,35.68119298334581,0
64.76042841700695,6.522732028588734,1036,0.6221797914019033,469,0,0,3,18,61.28463586631098,0
62.23069210511531,23.537825405404742,1066,0.4257154235676794,947,0,0,7,22,31.185382103942235,0
112.93818017397294,22.931303771883943,1046,0.7277128758759234,787,0,0,7,23,119.68689512595711,0
61.96291293274443,2.996435482398825,1082,0.452903125587059,1363,0,0,7,17,56.74437440256224,0
79.14712852863066,21.217682625977552,1045,0.6614484304484757,1128,0,0,4,18,51.66735207205056,0
53.40552035753744,3.381242893689569,1069,0.38266939708111625,950,0,0,4,12,65.38007790139818,0
46.78093567987313,7.124448822719642,1047,0.39170101908453936,1954,0,0,5,21,26.534917804342093,0
34.69950803435759,23.452389758279903,1004,0.24998670439547005,1174,0,0,8,11,22.70505255493415,0
62.9302907639023,1.7641986432642058,1098,0.5300407993087156,744,0,0,3,21,68.35954971115086,0
66.44958882663497,17.562528602087696,1086,0.31081475057277885,654,0,0,1,24,86.15752465001086,0
49.502947705324395,17.99090773352743,1022,0.5892361643597598,984,0,0,2,13,27.32396305199139,0
22.327610454681402,10.814331098486395,1068,0.3941181210172751,1343,0,0,7,15,63.152716586089674,0
50.87571511806702,23.764763771096572,1015,0.4452965744756538,1307,0,0,8,23,17.267724830880205,0
85.84288585630813,0.8512700481999973,1007,0.519694513117975,1309,0,0,4,17,93.93734308400039,0
63.113803391931555,18.425779436465014,1097,0.7760141305236647,425,0,0,3,24,46.900133706173406,0
43.58033467323473,17.205220214334656,1076,0.4340247076978234,1242,0,0,3,16,110.47630391085238,0
41.673672310533455,6.850985286891619,1090,0.363404452979746,1648,1,0,1,18,81.76065243972245,0
34.51650074385696,8.135300092597436,1017,0.2610012821964218,566,0,0,3,14,50.97816988831143,0
89.21428262847284,18.69850049612752,1096,0.5461260053456591,1563,0,0,2,18,27.99191272831363,0
56.33851076838418,19.969490322099617,1029,0.6207063810019713,1465,0,0,6,22,67.31235284942329,0
45.59439436234097,14.300785284686317,1059,0.5414875935846495,575,0,0,2,18,71.26017585097979,0
21.318243449498166,22.356943923780776,1027,0.5926828942353725,338,0,0,9,17,32.40530109733827,0
81.1971406218823,0.2790384308487992,1092,0.5062234335465137,1558,0,0,5,21,33.20807493186374,0
48.05934184902445,11.326510285355008,1091,0.45636810708432074,827,0,0,3,19,78.65082278284837,0
38.746730151693065,19.409007475697855,1020,0.533347443938668,405,0,0,2,18,88.01196269655773,0
155.00050487100975,18.824370202677976,1072,0.8829069241477447,1792,0,1,3,2,148.44914405936063,1
34.62233609064474,3.4598414493208702,1091,0.6018813376962493,1036,0,0,8,19,50.585229354472396,0
64.87415063082713,23.303617389044895,1091,0.4837383449789136,1301,0,0,2,21,105.19855375778513,0
69.64926752665069,17.26774680622581,1088,0.43980456776379756,1120,0,0,9,21,42.331169213811634,0
67.92200209549574,14.425843176153425,1081,0.7156915263842885,1984,0,0,3,22,74.00200796331738,0
37.3771461895684,0.534008446231943,1078,0.430258876741086,687,0,0,4,17,57.76318825257826,0
19.47245668359873,20.030297727079613,1083,0.4475950619373389,50,0,0,5,17,68.47632701928907,0
27.435307832282504,23.009839125802493,1082,0.3354021616580498,1757,0,0,5,23,102.89970884275476,0
39.51682018349132,20.58127505039792,1087,0.4415993119457645,448,0,0,6,27,68.60251677086848,0
41.456317714538145,0.6536904620211379,1088,0.5919202521225397,831,0,0,3,22,64.20058356934877,0
8.217935834990108,8.495893669072,1099,0.4033946459127152,1746,0,0,4,28,77.60788358952745,0
14.063663222334547,11.725467854036197,1089,0.6115481445021028,351,0,0,5,21,37.76888632963193,0
19.06924174558079,17.54714661514616,1060,0.5179299762957416,327,0,0,4,21,44.9768028512899,0
73.49466968039525,10.910306566913281,1046,0.39632114156233456,1697,0,0,2,20,44.29598554891598,0
48.632419509335065,0.42157093689520675,1067,0.5279954498434045,1366,0,0,9,22,65.40135389477567,0
81.9551589714316,12.161082334387158,1049,0.5933337770461969,446,0,0,6,19,72.14693579458581,0
31.59792009377181,0.3277880742259196,1030,0.5528674334964312,1234,0,0,8,18,59.30008547663685,0
42.23183610264828,2.757194185890934,1093,0.3838330138320122,535,0,0,7,20,55.50827991711115,0
82.88209722432195,4.89105204719812,1037,0.4894310833329553,1232,1,0,9,27,25.37187208140078,0
18.794038671335805,19.796070651690194,1029,0.5418925048590553,1011,0,0,1,23,90.24879499035536,0
24.178125098139848,6.395206589020864,1094,0.39249966006906006,587,0,0,2,20,16.907846557577244,0
100.20325656868955,3.7379263644826617,1007,0.6655380459851589,45,0,0,1,17,69.96857266734709,0
78.62255306469885,8.975984808614303,1000,0.4339641733971268,198,0,0,4,16,65.67281860164931,0
49.01915755717721,18.69572414159061,1006,0.7042801018406504,446,0,0,2,19,80.62541235190577,0
58.97257202063318,19.892701756021243,1070,0.5982951101728832,953,0,0,5,14,39.68431611329298,0
30.62107462626394,15.777432947871917,1079,0.4433915016151255,1007,0,0,7,30,19.817057127734593,0
37.78891061219659,7.9251654038406585,1043,0.49143888074041486,1324,0,0,2,24,98.42457659198894,0
11.147636838091515,23.374453778506258,1098,0.3574421245626529,589,0,0,5,24,108.166745049121,0
193.7252187273306,22.191516440614866,1011,0.8629673777941579,209,0,0,5,6,137.823406833315,1
43.924273188055096,1.2394031333461593,1001,0.6105902556829497,171,0,0,6,23,90.46883596881078,0
71.05469121630031,22.667254867476977,1022,0.548478377275254,39,0,0,4,23,86.02010724987048,0
67.72233006530978,15.65415642656506,1097,0.6554182382284188,1465,0,0,2,27,75.36307525138237,0
24.776843303041247,10.008845388316098,1097,0.4205746840354709,1240,0,0,8,18,82.45019829808574,0
47.87283912417894,7.639805113350414,1060,0.28304597691914135,1252,0,0,6,19,86.20253257781556,0
50.95278369744352,16.816136276307837,1062,0.6814404958664984,584,0,0,5,17,30.893425674886025,0
79.04553981598583,6.376283172068094,1061,0.41782039993432635,43,0,0,5,29,36.74685646571466,0
81.68170427198156,7.155431307555366,1099,0.5108336860835047,496,0,0,7,12,66.85572372984171,0
48.59238263362448,17.093973404256335,1056,0.5511400063586968,1407,0,0,6,22,94.63818254575438,0
28.569457459208966,2.4258358169218237,1066,0.45363517027695355,258,0,0,5,19,82.13973810339368,0
65.67542315797273,8.242662799056237,1038,0.4880946440602763,1787,0,0,2,12,82.49212400533594,0
175.45246359673058,22.562556725545598,1031,0.8036039239930982,1338,0,1,8,6,194.56696986243088,1
33.008162263558305,21.33779800192127,1040,0.5134942835752279,1297,0,0,9,21,28.686449054696315,0
44.10950452745065,17.533023155917896,1093,0.48521239340559047,1522,0,0,5,17,88.3181374422191,0
24.168509835032737,10.400208728839754,1090,0.6181577414080923,1796,0,1,5,22,25.558708478241336,0
29.594795709561474,5.991602226199266,1072,0.495316981253891,692,0,0,2,11,83.26205221390791,0
79.89711531738342,20.234638957833663,1036,0.5378196221884286,746,0,0,7,18,6.654320124728223,0
72.29792282068145,14.657963878903427,1039,0.5692515308410304,492,0,0,9,27,63.60470038178484,0
31.775831371390783,17.358958760227594,1021,0.5410647613590466,1949,0,0,3,21,48.48373134598649,0
33.34401419920405,0.4881799456224236,1074,0.44203153168156883,403,0,0,6,18,58.65872871816049,0
87.71447650587719,16.780636751553033,1069,0.4076383700667301,263,0,0,3,19,47.632544952113165,0
93.95631510444143,7.873901229531997,1019,0.5489244791943303,1388,0,0,3,18,42.77690425448172,0
100.01770525248602,13.769861821070075,1023,0.5684498826896501,1656,0,0,2,19,32.92211307580624,0
32.32238807614797,0.06602389329410396,1099,0.5985132193815565,1198,0,0,8,25,96.97857390531594,0
11.46838891782457,22.59686990492382,1057,0.45408520776554695,405,0,0,9,20,58.152495588832586,0
69.46129662768928,13.593377295146338,1048,0.4029238557068602,1869,0,0,3,22,1.7479974886159084,0
28.005314086700103,16.44071878246052,1017,0.436626480640735,1037,0,0,3,13,75.60857895204546,0
17.24897371582057,5.859283699365752,1008,0.2249090925106103,1701,0,0,7,19,31.191678966162087,0
131.323828971216,21.483497683789626,1068,0.6324593420928462,623,0,0,6,23,53.65539148901848,0
79.72132539872256,6.743065276152517,1077,0.34110646426570157,1164,0,0,6,20,61.45319804377749,0
70.01735442287726,17.72570492723745,1012,0.49956625468226634,1672,0,0,5,20,-10.879869772804355,0
6.190926943723319,5.459415519510991,1095,0.5766320893703494,921,0,0,6,24,88.96314955379466,0
98.71654978433457,14.83417495595977,1051,0.5746612714094023,329,0,0,2,23,109.71331753985267,0
41.81466360979608,21.320031042690243,1094,0.5568125327445155,592,0,0,8,20,84.65383268286472,0
48.322386544333604,0.006058907773490496,1057,0.6268432072501645,1174,0,0,9,14,72.68084509538261,0
89.89383095615227,16.0479141554805,1004,0.390747964490494,172,0,0,2,21,67.59430596908605,0
47.28400153087517,13.627826193590014,1027,0.4857632867006589,1707,0,0,5,20,92.34300718300479,0
65.41723548976745,15.504246982720774,1012,0.4189944366966455,1372,0,0,7,14,60.65813746394383,0
64.54203943906771,22.252433881445018,1079,0.49959081538592887,558,0,0,6,19,33.61118869588651,0
-11.604596459676657,23.70129189267757,1067,0.7301855843925951,1487,0,0,4,19,62.508738210419864,0
246.62377022400926,9.6958071714235,1016,0.8195818196902677,1593,1,1,8,5,200.727350259995,1
77.6307751919298,0.2442000621424203,1009,0.47349203444515486,705,0,0,3,18,77.11267420258301,0
34.151088600110626,23.909810366808493,1041,0.5316513077581237,43,0,0,3,17,74.74072786778545,0
32.4262182965393,19.357085390980917,1023,0.6527985964700429,338,0,0,3,14,10.029922021531114,0
70.36793870177834,5.435054490193317,1099,0.48352947402013463,70,0,0,1,18,59.242186854735515,0
43.979443448740106,18.517684091628805,1083,0.529205405807894,472,0,0,6,18,27.444811377320548,0
15.249059324223715,20.16867612924765,1064,0.42487063793120644,128,0,0,3,16,33.76349606599485,0
52.305556488763045,2.3419000698304666,1009,0.43151550317815474,944,1,0,4,19,39.35763141010791,0
41.02454682717696,7.609978017430815,1062,0.4168592105957958,722,0,0,1,18,34.0827563394901,0
24.504668916056247,15.295315834279787,1057,0.5209771050096483,842,0,0,4,19,77.72332970268462,0
35.12882160275301,11.486289086303003,1051,0.5512595872778718,412,1,0,8,18,84.97173528106947,0
81.1147669597473,6.57659265692366,1096,0.4825413238995075,1768,0,0,6,17,73.2483170963006,0
53.23951762175687,18.792204958515843,1021,0.5052995082359109,620,0,0,8,19,7.20374017978034,0
99.24285883166944,4.4704123755094525,1093,0.42748969021935684,921,0,0,3,14,40.84571216526835,0
78.61280767434062,22.363143707183966,1089,0.4020695545383498,399,0,0,9,28,50.17637307238487,0
268.92949337579114,21.315267168304693,1057,0.8339282133946113,1745,1,1,1,3,164.33147355952454,1
51.10348499522704,10.27621649909161,1059,0.3861624016959221,1859,0,0,3,20,76.86935059326717,0
92.57106834101792,23.73052753668305,1031,0.27236009301654035,921,0,0,3,23,47.7071044819114,0
84.3069813478584,18.593331967549858,1083,0.6651235296269107,1245,0,0,9,30,73.53411791880194,0
85.86594164260129,23.147022438708298,1091,0.32640583241823234,382,0,0,4,17,60.58305715951782,0
63.25281948948438,20.562333300947113,1040,0.4843342308303783,864,0,0,4,16,69.60691133557094,0
52.45533003588616,6.6154615258146565,1072,0.33944324118251895,1896,0,0,2,20,55.99261652037477,0
69.16031419640903,4.391945198450372,1073,0.4920660751729517,1043,0,0,8,15,42.0498136370976,0
53.69234604968543,20.88343213324169,1007,0.5529010816542628,1125,0,0,3,24,57.30005836308523,0
55.540409175947254,2.911312909563927,1097,0.5094298691287825,394,0,0,8,26,132.14120414550692,0
42.422955458205195,16.386166193604478,1062,0.6013544314153125,1775,0,0,6,23,41.731961316728274,0
93.99622577835808,0.12510044344619864,1076,0.7552200807614426,604,0,0,5,14,120.93371608979334,0
123.23665167415741,15.73117683543431,1035,0.451637456473933,1979,0,0,1,16,49.504549128301335,0
1.8122963479412562,13.739357470529015,1045,0.19975468156933057,1542,0,0,6,18,80.78337862699374,0
17.032512358154186,15.42590483120671,1032,0.3756879896126523,773,0,0,9,17,60.81072477445002,0
70.78168265350578,9.778455666387451,1088,0.5211538133422979,675,0,0,1,14,44.94393373644354,0
12.964640047328118,10.156148148642117,1023,0.3245275127184447,1868,0,0,6,29,66.92606823522821,0
77.75845678150495,22.202079179667372,1089,0.43386239595001663,1252,1,0,3,16,32.04893068555729,0
38.84426353164003,0.8585925771361884,1037,0.3869523692136669,1481,0,0,8,17,90.41131584111892,0
2.071408124946309,6.281836132394457,1084,0.4109729106896246,826,0,0,6,21,99.86770185292508,0
28.3478733998824,9.44275567736726,1083,0.2928438322402664,488,0,0,4,16,59.253010423112194,0
37.90136624267184,6.224779708019876,1028,0.5171205744332243,411,0,0,7,13,27.74515811774812,0
109.51112406436253,10.40688204750638,1009,0.54297655975425,587,0,0,2,18,29.500207360954985,0
10.525525507174784,11.445730212774603,1002,0.3825391982853569,654,0,0,1,21,40.25514994296888,0
35.751640665171315,1.7233810906912606,1046,0.4651964140276725,958,0,0,3,17,80.64302859117862,0
-20.887973066255157,23.169328887922312,1068,0.4140905672087028,571,0,0,5,11,114.04361038201141,0
79.63185547773799,1.5126256759569179,1028,0.7189396080071805,1083,0,0,3,15,41.57092380296212,0
16.411477001329665,18.89042718086097,1016,0.4709052840970174,1596,0,0,7,26,110.02514822508364,0
63.483005478417866,7.168821632265293,1028,0.5027301862350542,1814,0,1,1,22,50.56949547615851,0
28.996375551824805,4.742030059879639,1076,0.6566486152452327,1350,0,0,1,32,80.00183146019923,0
15.375098456613756,5.844150257726273,1051,0.4734703679009511,319,0,0,9,16,104.99714411239103,0
32.1011282416481,21.077191446580873,1020,0.6328746838884904,1885,0,0,6,19,73.6820494226671,0
82.74520555767386,2.551339711510834,1022,0.4558454276891979,1980,0,0,2,24,98.98276814787025,0
73.46390004594377,6.083259389829453,1013,0.5561646388635283,1866,0,0,7,20,46.09204452717442,0
17.789340232467424,11.236266309124808,1048,0.6649700772170986,1532,0,0,1,22,90.95916467443308,0
101.97544998455277,7.360047127514794,1058,0.5238733341402847,1206,0,0,9,24,35.67305599374783,0
-9.698388094633742,15.318614866083472,1076,0.34482713433243095,1494,0,0,8,11,77.74292003512845,0
74.58119804418219,17.097463246871712,1045,0.5139958761955989,1447,0,0,4,15,40.60985995762951,0
22.069948651026756,9.166378940860476,1067,0.4972777884650175,1183,0,0,6,21,84.10023644024523,0
83.50501326589863,12.635964655877792,1064,0.31179333115896724,1786,0,0,2,22,79.57579824507941,0
104.18267353510885,0.30545476055809306,1080,0.4521801153028591,878,0,0,8,26,58.873832800333766,0
82.14547806743116,3.771907751802,1084,0.46251486792095414,1633,0,0,6,17,105.33916916215381,0
90.77568482492075,16.020691637380068,1038,0.23710389062005072,1122,0,0,6,21,10.535732422567584,0
82.45300183018486,13.65711779744818,1073,0.23467903674052853,585,0,0,3,19,41.73552976304161,0
36.2809503473963,20.37005920005224,1094,0.5329908427348186,1916,0,0,3,23,96.40612107448212,0
44.71599489347065,18.698350555036082,1095,0.41057619102532134,1957,0,0,9,17,23.226636230229246,0
47.506832821139156,15.425211713893393,1005,0.3747393600788008,521,0,0,1,16,48.96584366177194,0
92.7388319623173,17.015403502544135,1040,0.44154946986242805,1656,0,0,7,16,45.10466110626703,0
8.086454446610261,0.8399721903356561,1095,0.5234341702487709,1141,0,0,7,16,6.789363351290483,0
52.97941444854049,1.6630235871994117,1064,0.44616472848008987,1960,0,0,2,14,57.537782104308285,0
44.50410143838836,3.0090932185965036,1058,0.28436508435693164,936,0,0,7,16,106.49432774192616,0
18.358866351022403,16.436840160644337,1081,0.4984340344953525,510,0,0,6,18,77.8010884407029,0
66.00077734116348,19.809946501771456,1028,0.47341892560615767,127,0,0,9,14,77.10600171989344,0
38.75537577351207,12.61514467200887,1034,0.6036343652968469,95,0,0,5,18,74.0512163217059,0
63.39609520822135,0.23354304373255186,1059,0.43940743094008966,1977,0,0,9,22,62.87402984101762,0
21.89614295121852,5.8153364079941126,1009,0.5030869099681889,1530,0,0,7,25,66.2583039013849,0
58.399058789594605,12.896035796233864,1059,0.5314910390838531,858,0,0,2,16,76.40667626631121,0
46.58562384758726,3.7379942351746642,1022,0.45328649797164433,1207,0,0,9,23,43.98768198782559,0
-1.143272326841327,21.901386525087837,1065,0.5483819832286446,180,0,0,8,18,93.05879230251749,0
55.55526610489742,11.117511297816694,1012,0.1908004448068501,518,0,0,8,19,78.29545493752329,0
59.58955477756932,4.579014371420129,1031,0.7281210346991448,215,0,0,5,17,38.42123516395384,0
82.14427790763679,1.5485378663434748,1091,0.5817795966232223,818,0,0,6,16,90.1665642982544,0
63.20179787069435,22.643981512894246,1069,0.4064982313208323,1128,0,0,3,19,72.57323131508454,0
38.35270839435383,15.058694635606614,1016,0.524701255899103,789,0,0,2,28,109.15851050749058,0
66.82758343823716,15.08007276716769,1038,0.623697652839847,1012,0,0,1,22,59.187480923623234,0
74.27775884369896,13.975958933616214,1038,0.5108066478341751,161,0,0,2,15,88.59343913452813,0
4.403216011430459,16.146977027184725,1038,0.4436511707623941,1927,0,0,2,18,39.39750264281999,0
63.314582844386855,9.538894216008645,1017,0.6854485352035837,987,0,0,1,20,45.763668852185944,0
52.75257453345119,5.464479022310362,1072,0.4128766487741175,1617,0,0,3,16,101.67464293701914,0
76.06395014916649,1.4113088133193141,1085,0.46358695471682515,333,0,0,3,27,76.62874039217616,0
28.154842970905534,23.828610604431113,1001,0.8542095013430132,214,0,0,1,14,82.85366679319222,0
48.53308449577683,19.392353977506804,1065,0.5578375787755535,1284,0,0,6,19,81.54046224812869,0
25.927098804054893,16.589769867278648,1090,0.4653878414103385,58,0,0,8,18,62.54614249404064,0
103.8908246878089,1.5360019860572853,1008,0.333555368511862,675,0,0,2,18,90.57631396007338,0
14.783601067730821,18.52773768611258,1045,0.4099108778536202,1905,0,0,2,26,47.65297921146442,0
56.579070116013085,6.751451291297821,1003,0.218481716798747,187,0,0,7,15,116.05561244751742,0
68.20827825159914,21.414717260555562,1041,0.48178421648851766,251,0,0,6,18,83.19160154013584,0
73.1854351563117,18.371002733924733,1012,0.6652469921443204,1217,0,0,2,23,31.927227005021415,0
-2.4068707403666494,9.973439866491413,1049,0.45980395426795295,1074,0,0,9,22,31.282012147745682,0
22.136237556426238,17.27489429923883,1021,0.528656785026771,1299,0,0,7,23,34.31862793510744,0
63.861826797556894,1.3446991979739282,1014,0.4681785644339249,1196,0,0,1,22,107.88754930620937,0
121.63903116574197,7.337699376350969,1075,0.3761303839033039,498,0,0,9,20,96.33182313883076,0
71.10320399416682,17.742951089914488,1012,0.5465020700572863,1410,0,0,8,31,38.832406677443,0
37.2872095393189,8.908631679564586,1097,0.6036146224806227,151,0,0,1,17,18.96883057354026,0
82.17625398718278,7.319892439264459,1033,0.4618849194059485,679,0,0,1,14,35.99918217605986,0
6.634455567640302,2.478627972765608,1000,0.460605076094791,1135,0,0,5,20,8.041577009376255,0
27.3094776414709,18.871429265046714,1012,0.3441745962770921,502,0,0,5,14,11.067406788974793,0
68.135459790661,4.428841217679459,1048,0.5917914443290162,702,0,0,2,23,77.23530531005562,0
38.526428069921295,20.659077356644087,1020,0.4473018676936505,372,0,0,3,18,34.94393226266919,0
76.1836224340883,18.954371707071992,1027,0.6220384653153138,990,0,0,3,14,81.22580757475633,0
66.03887258367305,17.78656899911234,1060,0.44004899435321154,444,0,0,4,27,39.09703599511718,0
73.02304187458726,1.1772857421070526,1087,0.25000406893961835,1527,0,0,7,26,107.00005333125823,0
-12.594329751132541,5.949013735774818,1040,0.4572869020290906,1193,0,0,1,21,83.28935850116663,0
47.050704576368716,21.747302101613624,1001,0.4897590070251342,373,0,0,1,23,55.52531526326321,0
78.16908406114376,14.008717987281972,1086,0.5528671213918847,390,0,0,5,21,33.59700205044285,0
31.759815711880293,14.437489651725608,1049,0.5505991865308891,748,0,0,6,18,75.59527599539912,0
23.621516527640356,14.096511147311745,1079,0.45494084529020423,98,0,0,3,17,74.28758437274487,0
102.88938957612197,4.584851466241846,1067,0.5310141673383229,877,0,1,3,14,15.651891378980913,0
111.07620605545378,1.1411426131479239,1035,0.39949977550715016,1632,0,0,9,17,86.00951578782272,0
72.76473248490828,7.369977914000188,1064,0.3528735549897215,554,0,0,8,14,46.56782379129635,0
67.16172325142432,20.052942701794212,1080,0.5853818500634744,641,0,0,8,23,40.265128408584545,0
19.960560374060993,1.6504944473075476,1063,0.498964268867141,311,0,0,8,18,58.02421023112749,0
41.94408056282503,12.2346442728843,1082,0.6429654230620954,1876,0,0,2,34,83.37808936991493,0
23.96232611746539,20.582669647813375,1002,0.6260124168822123,1264,0,0,7,21,39.65897693901398,0
29.602823097595056,1.8248175194072278,1093,0.38989394640445607,239,0,0,3,17,79.35485810276316,0
17.382621834115923,4.887567386958658,1034,0.41755340964866977,1397,0,0,1,19,63.1423964964434,0
55.92798814077199,23.038274894004036,1098,0.5781223530472002,1718,0,0,2,15,87.80978274279617,0
84.94218063371514,2.1474811915780174,1097,0.47842538943334284,268,0,0,5,19,46.90434596265134,0
45.58581485557679,20.0541266134302,1050,0.41565005326908006,195,0,0,8,20,73.48974041034293,0
84.82480362135558,4.018150745910029,1000,0.4456440978655101,1827,1,0,8,23,77.70854208575815,0
72.62873989440723,15.078707017565126,1097,0.40508873452795424,1429,0,0,9,24,91.8322180816762,0
38.08414051562037,9.913304350881553,1042,0.6240017837960985,1976,0,0,3,23,65.09578724239056,0
94.70412566299524,22.19444847446164,1081,0.5712284598139303,318,0,0,9,18,37.54825483744199,0
59.63874412272164,20.887862248912608,1074,0.5045125391870394,194,0,0,7,23,29.963336524717956,0
27.00942172204952,22.048156141871146,1027,0.6082455269478335,801,0,0,6,13,64.75393754301693,0
-4.6325820788348935,12.816055337939982,1080,0.40279730548347786,715,0,0,3,18,16.154364139212234,0
26.076856487897032,1.1599713549357862,1001,0.47733011443570994,1432,0,0,6,21,50.738989192815424,0
79.7357333878,6.9318667207458695,1067,0.44893347441965925,1100,0,0,3,24,94.97687087873834,0
99.60851805476855,4.698811364649717,1041,0.38438030752356317,1853,0,0,1,14,14.372836835405515,0
23.21680078171548,11.725947479401082,1073,0.7393799342257561,93,0,0,9,23,101.72862411233245,0
66.71412855210446,1.5319438086267247,1037,0.495269867792908,67,0,0,7,19,77.63141551316338,0
62.76469799720691,14.728955564389842,1023,0.4709646020106243,783,0,0,8,16,19.154056707780363,0
9.939669238696965,21.995240367985357,1035,0.639046947672449,1048,0,0,5,26,52.360969767795396,0
65.54656851336235,21.647714263035745,1083,0.4742984775958803,1227,0,0,5,16,67.31399951748566,0
-8.878770750177374,0.6406358060845028,1085,0.5059615842558928,1519,0,0,3,16,55.98578988708056,0
80.03138277701424,19.593545432677693,1069,0.3916161001751951,1829,0,0,7,27,69.45496661347131,0
47.3874582157055,5.9129135670715645,1043,0.3244992032284049,76,0,0,1,23,56.71416763100819,0
83.62901070843134,2.67765581723585,1039,0.3611377809078071,1384,0,0,5,16,76.94152552042983,0
33.277308406750365,12.946236349829672,1039,0.6560017472411466,1735,0,0,9,18,76.13851877091948,0
60.18067438268661,22.61151847358869,1064,0.3588683542285197,270,0,0,6,20,77.20383311574714,0
59.24029706652023,16.096506351927864,1026,0.3698568195063586,1938,0,0,8,26,83.44748101904356,0
3.651922335397984,4.61953842649012,1059,0.5319075780816177,939,0,0,4,15,118.5882184677842,0
-16.612630268053778,18.322027541296123,1090,0.2899336102915744,1148,0,0,3,32,109.44299639543466,0
61.89100869402053,3.2617771750247746,1012,0.5134461443986239,1045,0,0,8,26,37.75677857450647,0
48.88333290470475,13.192072056088586,1067,0.5655752706653587,1063,1,0,2,22,72.93085579653787,0
39.820664385855224,23.300337635640226,1061,0.6460270510468022,1208,0,0,9,19,52.21081169874511,0
63.02790949766215,14.200547369834613,1006,0.6042870498460599,1011,0,0,7,33,63.869880615493926,0
28.01093302628723,2.1918634647679767,1076,0.6079049836109983,1257,0,0,1,24,37.07456765847546,0
49.832119435128604,2.533985109706272,1002,0.38185468794424027,1005,0,0,7,17,68.13314979013438,0
29.429752472296094,9.3320764091376,1056,0.5122036928020186,1253,0,0,4,21,27.61437607391921,0
94.38445285582618,3.6616446415840764,1025,0.4768059559518546,1242,0,0,7,16,26.404466550806127,0
16.354095577249176,3.490148618290556,1006,0.4071534005744062,368,0,0,8,18,28.42787396107628,0
76.91198590661396,0.9904739369909246,1084,0.34055874235587147,1665,0,0,4,14,62.50478690298977,0
55.658932447039405,11.912995391348499,1090,0.5293838166047571,752,0,0,4,24,76.18550547954737,0
102.16698991392737,12.806457636610268,1045,0.401965809608979,1749,0,0,1,24,49.78431309329853,0
74.24173394843436,20.948958858411025,1024,0.41761272357005147,1331,0,0,1,19,76.75078304385626,0
69.63096969062173,1.016686366866769,1036,0.43819353450465626,663,0,1,4,17,57.76832303309429,0
30.74999539608853,2.1512290756998667,1023,0.4827681921098793,618,0,0,5,14,54.80233742484755,0
14.677504842521344,19.359266921406235,1025,0.5208510378619102,902,0,0,7,23,72.87999110651802,0
76.28521795079226,10.302140990300085,1075,0.7077145551890661,271,0,0,5,13,60.09690410041114,0
34.79170473886611,22.446007545463992,1019,0.4454325770436828,622,0,0,8,18,22.49143348744755,0
29.015143394970703,21.902460521733623,1045,0.594980340076338,1982,0,0,3,18,60.958896222971326,0
13.882590531008596,4.140760816490608,1080,0.4882679590564108,1893,0,0,7,18,65.93472690172798,0
32.422169800467344,23.93569467935449,1062,0.7566611090588433,916,0,0,6,12,98.7299864269412,0
31.254961446965527,7.297086471259382,1038,0.6537659264442146,725,0,0,4,21,19.46413250245002,0
61.18526745967475,23.74452036306046,1057,0.5803757393394875,1954,0,0,8,29,124.40031458273097,0
14.891578808096753,16.47794227251091,1092,0.6264383453745861,1440,0,0,3,25,62.803216781260275,0
103.4539672631318,18.06044785368869,1044,0.4758070653632034,1370,0,0,4,18,71.69499507135842,0
57.83165816539668,20.21304192504624,1045,0.49168924745334597,1263,0,0,1,21,76.65359585911378,0
59.430160493942914,23.89795744942871,1087,0.3431491015656011,132,0,0,6,20,35.35843502316848,0
69.25682368575914,11.989491742438165,1077,0.3581176135384583,257,0,0,7,14,79.51519804109226,0
10.952360515900061,7.854176968791942,1050,0.3758361645543722,1084,0,0,3,19,72.67534528059677,0
73.09906194005669,14.859637237783856,1071,0.4299860232532261,201,0,0,6,21,46.756879112458115,0
31.647210814862454,4.534285330768667,1049,0.4898698838656241,954,0,0,6,20,58.03518574473641,0
34.01897481014266,13.857582411194183,1011,0.5657334357054218,1129,0,0,9,16,48.1951538446824,0
87.18752019324685,9.394464485348536,1001,0.406732807304818,160,0,0,9,25,25.869963353862687,0
20.83513346170025,12.221491532354666,1076,0.6372751883966288,870,0,0,7,12,-1.2957889032289884,0
33.349498953676715,8.211391615128939,1070,0.45956736119209074,987,0,0,9,25,92.0639983860909,0
73.48621204845718,23.1524533547242,1020,0.5551601442477009,573,0,0,8,15,85.12151497020506,0
76.70742502509526,11.27735779299455,1066,0.39458931856811275,1976,0,0,3,27,68.26660317254346,0
157.55214041035754,2.15507814630364,1060,1.040990877171684,245,0,0,4,5,185.2524177749547,1
68.92435053664333,6.6921020058626,1035,0.4006618867415724,1008,0,0,4,15,34.06827600043828,0
81.40735383464418,7.237056318932769,1064,0.5356732479910254,812,0,0,3,15,87.233627025165,0
40.044054145340624,10.77435469040427,1066,0.4572955603454612,1221,0,0,2,19,38.38836714347322,0
60.68758366118251,12.628387442516647,1049,0.36784110605692144,604,0,0,3,26,49.64372299458547,0
9.24277954227577,16.396999429142078,1077,0.5445061729611353,1535,0,0,8,21,76.4588963523556,0
60.1606195376507,9.43049532066736,1010,0.6365174103841535,1275,0,0,9,18,40.29888600814777,0
94.25337092929567,9.350285962527074,1081,0.4494924640159552,1896,0,0,3,13,30.820126704130864,0
58.8569772512181,4.132023491146823,1017,0.5407814617285318,804,0,0,6,22,57.09158829678713,0
59.8023429380696,9.460090910004148,1056,0.6043776525387234,350,0,0,2,19,51.67887264917301,0
48.087641434881014,16.44813076611255,1039,0.5486878811318959,245,0,0,8,22,77.06302421383731,0
53.974914304869365,22.210838214684795,1041,0.3388159973825624,623,0,0,8,19,25.482216176333665,0
59.80782121292488,16.62981963763394,1083,0.4264596782843472,1105,0,0,4,18,46.072044762084616,0
32.76194425449827,14.150022906080409,1098,0.6854073533955369,1012,0,0,7,30,5.448136833997921,0
6.691872134907051,10.24719346058422,1099,0.514993829961899,1652,0,0,2,17,27.966641308718167,0
111.6354466821428,4.309052899060005,1031,0.6433256796399301,1732,0,0,8,24,77.09805846984241,0
47.19839423300155,20.485205470999603,1055,0.417402603558532,1827,0,0,1,22,48.015414692647234,0
62.212711501964954,11.837156246294247,1073,0.42752620452580753,1946,0,0,8,19,42.78434253733439,0
51.12724578007597,7.215045756927565,1094,0.557849793761325,214,0,0,8,16,67.03350465632887,0
58.16710175982164,2.0756266116393247,1070,0.35891256196773547,1846,0,0,6,18,125.86257480976113,0
27.12746148191257,1.652580902580997,1098,0.5088141958617448,926,0,0,3,19,61.03820038180373,0
20.868139126768007,14.751519179589692,1002,0.4214218672580654,1912,0,0,6,10,60.26704630820545,0
68.02199045436775,12.72525714770385,1030,0.454135426466772,1393,0,0,5,19,71.62466128380034,0
19.462655285685226,8.768142326656811,1024,0.6655390178769602,1604,1,0,9,23,23.75154063789367,0
-8.420274224224428,5.2521796068186255,1045,0.5022142562570173,798,0,0,8,18,29.203708311491962,0
5.364148895281311,5.855123554045519,1047,0.6834085396393409,1254,0,0,7,17,84.5926284485973,0
46.87972316825915,22.235308909431794,1004,0.47940910282141375,1734,0,0,2,16,20.678531821338417,0
10.212135141525287,15.493767284956107,1058,0.497437218893556,675,0,0,2,17,48.965203841282396,0
81.6167465688765,8.539929088023861,1003,0.2732411266846823,620,0,0,4,16,69.64040778340853,0
38.42982107066455,0.17112048530414548,1038,0.5754051001815105,1528,0,0,1,29,71.11482131219789,0
99.59928911535592,19.15072250141814,1092,0.5254610347232871,1319,0,0,9,22,72.81111862073134,0
50.73530522776828,9.927474116289556,1046,0.6204147381392916,248,0,0,5,21,18.107962229036005,0
82.57358974818041,15.83032384941156,1068,0.5218226422815142,112,0,0,2,12,65.39690167482743,0
70.50707969601433,6.363576053208256,1022,0.48728422729688065,1945,0,0,5,16,54.88780276544123,0
68.7471078396213,0.25773556315157986,1003,0.6002899641566222,657,0,0,2,20,70.86892712346946,0
-4.918986905693707,14.072739391750861,1056,0.5526072499007632,640,0,0,3,23,83.72060589280835,0
80.88372444795073,21.11299157769728,1091,0.6369901922004931,1675,0,0,3,17,94.37632362431977,0
28.53461043544314,11.845858528132371,1041,0.4785955684072886,1300,0,0,2,15,51.83348256193557,0
63.343214234947844,6.3577726439476825,1028,0.5405399641353813,865,0,0,3,10,62.088729877580775,0
34.695175590493484,11.233958906042362,1049,0.3979672521201715,1697,0,0,5,16,42.46626654232245,0
73.49479663331033,8.589324737416543,1012,0.39420619917168614,586,1,0,6,18,57.15675451534132,0
9.419891424693965,18.596396316818378,1087,0.42681907208613185,538,0,0,2,20,94.77645079616137,0
79.92896230760734,6.452996384196356,1012,0.6064209418105421,1072,0,0,3,15,70.49822339841383,0
53.2117235897689,13.236735670374788,1053,0.5725638811550968,413,0,0,1,30,31.837184913401664,0
31.515696258531698,11.061150640631073,1090,0.5780879000421615,624,0,0,8,11,74.02194946814555,0
70.49669044366424,22.077632794486114,1029,0.631543168607908,1972,0,0,3,30,94.16654217145762,0
46.13367863933739,12.739390274169988,1065,0.5256054033204299,1056,0,0,9,13,20.500042450781258,0
47.113632138782634,15.714300684150011,1038,0.6881128959710654,1354,0,0,7,24,93.67239752140098,0
45.219133035622804,14.440080522326252,1076,0.41704526451078966,1658,0,0,7,20,104.72821614503701,0
79.56199134350149,10.460151334429266,1091,0.4082068934740816,1569,0,0,3,18,52.21119811095441,0
84.89002909115912,18.463788093688336,1054,0.43655070341834845,258,0,0,7,20,48.82429205204591,0
9.461287919046967,4.642310200318957,1011,0.47488688186482303,333,0,0,1,23,24.894035267328917,0
200.8423886999372,1.0165946456780128,1059,0.8799486761450096,1591,0,0,5,6,161.43332959437112,1
42.38144880808295,21.027354832416172,1075,0.5551282228237471,894,1,0,9,22,68.00724247055744,0
58.435742719081276,9.861597719803356,1005,0.48434179317952564,436,0,0,4,23,64.45654408078616,0
56.26560627602995,14.56463288647074,1046,0.6209108946316111,1614,0,0,9,15,60.71965358180456,0
122.5633333794039,7.293301631299724,1069,0.5005023826880768,730,0,0,9,22,74.53321332160704,0
-9.540638243377302,4.294810567132256,1052,0.49523036978372875,1692,0,0,1,23,51.89092252381651,0
39.05141811371344,16.77564259618765,1027,0.425025134733267,1242,0,0,7,21,85.15851473521468,0
51.7359214228027,22.876382325861247,1055,0.5741615660808441,967,0,0,8,22,109.1324552443138,0
52.38738639669682,2.780448919232822,1010,0.5410630725562606,437,0,0,9,20,20.88463090930251,0
60.3893813067466,19.05522542504726,1079,0.6869216761000688,405,0,0,4,21,48.234666745001135,0
59.743447823303434,0.2907664826304561,1051,0.39670938900289315,757,0,0,8,26,92.57152505435062,0
113.62980697535329,6.775465388500962,1012,0.48369169445193394,1882,0,0,3,14,71.83393244993601,0
48.64631329027845,7.967446851869595,1092,0.45566250425908905,295,0,0,5,23,64.60906180013913,0
49.1355019523413,20.648480340088696,1003,0.556646571260273,665,0,0,7,17,86.8556603595038,0
49.006190813786084,8.391681131093705,1003,0.46035199394759535,347,0,0,7,13,68.03072276519154,0
92.04795778839289,2.2964689753417504,1054,0.7406073503209198,867,0,0,2,18,66.83044513863157,0
30.43733334220818,14.825772014999952,1071,0.4826323898349368,662,0,0,1,18,-10.57237299935396,0
68.49991929413355,23.91573278824369,1015,0.47771960018522663,1690,0,0,9,15,42.37196280030341,0
36.935408882904696,11.261878700892952,1064,0.5614589257060565,788,0,0,9,30,70.15221394347223,0
-16.037304203527555,19.889862377483446,1042,0.566448912615139,353,0,0,8,18,75.81348805735946,0
53.087521715697115,3.4710801149627386,1086,0.5671096048037396,1035,0,0,5,26,35.54126493523083,0
48.51608871042701,13.948448225570726,1081,0.4912133932053959,182,0,0,5,20,55.6508236587805,0
239.09644476968418,0.3890382142988438,1079,0.8537000173288601,995,0,0,4,1,179.35542443559004,1
37.541362582975964,16.5397735613882,1034,0.4498629654972439,1369,0,0,9,16,99.77702805143059,0
8.669918961287266,13.802701606544677,1041,0.34484279352870717,1504,0,0,5,25,22.83439867717295,0
92.36661666246287,21.126990312322324,1096,0.4269738305782003,553,0,0,5,18,64.06075590815414,0
74.88424525795246,15.725579629832257,1030,0.42914545766473144,264,0,0,5,11,98.0434161483829,0
81.74354975261451,14.079432298695227,1065,0.5444959191121569,482,0,0,1,24,20.905900520711228,0
68.29640141571257,3.928939635322056,1041,0.46468719380836554,1523,0,0,4,23,14.947223909624945,0
51.39309644468447,23.062018357393473,1015,0.44238815856086633,906,0,0,6,22,69.5767110258712,0
95.88650958381841,14.082115120593315,1060,0.5414556104541309,1246,0,0,7,19,50.97155454219026,0
58.61817542082281,22.90057752803486,1006,0.4192787883961982,649,0,0,3,18,44.79825113046138,0
58.515337019082104,5.604284606238351,1072,0.5213798391390014,1741,0,0,3,16,57.747657617770884,0
49.438737306623075,18.561413391090536,1048,0.3356646775979717,1101,0,0,6,19,63.18596190463137,0
84.75786737022213,5.004660967180506,1074,0.47328081192722765,1368,0,0,8,27,59.20767766515686,0
74.24108568206213,7.093259967245222,1074,0.3822869065800504,1275,0,0,6,19,56.535640933655905,0
19.557298079213993,6.837806953002363,1094,0.5555081007700641,928,0,0,1,30,70.08826841176082,0
44.79366747315837,11.24739356600527,1055,0.4646001508781518,805,0,0,1,28,80.35964284501718,0
94.03551334991928,17.00623938292807,1090,0.3410389807458719,1415,0,0,4,17,94.98501663085153,0
60.709182778007786,16.77366172545943,1021,0.40806252200556925,787,0,0,1,15,52.30616511716427,0
103.83673590553363,2.2282820767348923,1005,0.6752849729082502,516,1,0,1,26,40.79573396494051,0
74.4721163761789,20.8670187969093,1083,0.5179094801084424,468,0,0,8,12,62.43678882398386,0
94.34363678298453,17.831499227734962,1030,0.5965835666290018,1585,0,0,7,25,53.039120130685845,0
34.203346005898936,19.260636836719584,1035,0.45588627826366224,1602,0,0,3,21,108.76297680850035,0
91.67073088888284,22.98751638608059,1004,0.5338800489848793,1057,0,0,7,22,58.91364082929325,0
20.192314532178916,14.629459725715437,1092,0.6173309876846479,1055,0,0,7,19,48.80856623666531,0
112.9466442364024,17.31526890891569,1078,0.5261237192660213,514,0,0,2,25,110.64850820828627,0
31.669966277311126,10.186059820023399,1042,0.42306886002547045,1683,0,0,9,13,64.6185434980626,0
54.88389854299737,4.84367059674631,1035,0.339035719335484,975,1,0,7,29,23.18188957284344,0
117.62114326763357,1.522789461038486,1058,0.6539461433105722,397,0,0,7,17,58.0005736926635,0
112.98222561507528,19.720110344832385,1004,0.5633312406779026,493,0,0,7,19,27.70628250692905,0
46.74416472305457,14.627203274555349,1071,0.4294225348631593,1651,0,0,5,23,82.65120726676575,0
28.462433277571943,22.467527678364725,1036,0.5444178324386553,445,0,0,3,15,51.63777433931584,0
74.32424819479346,16.544131732801986,1080,0.37181964869862805,481,0,0,5,23,71.64235093613458,0
66.5975365995435,2.8597690929711552,1094,0.44085677391942085,1723,0,0,8,15,84.55125037180076,0
83.17701273071927,21.261185701721864,1088,0.6870737368787638,1944,0,0,1,15,64.44489954711352,0
64.10040983739984,10.42300246632713,1023,0.4474916130242217,845,1,0,2,15,77.88216794889196,0
61.99989658830819,1.5665852328397927,1055,0.449803917408835,150,0,0,4,18,38.58191520296383,0
18.48687113732098,14.560357108590988,1055,0.6336919964347845,1219,0,0,3,23,80.653321559761,0
59.482036091898536,2.4772701949386953,1064,0.32724135439976454,1687,0,0,8,17,50.93576690500231,0
14.57082549006843,23.57925229888065,1060,0.3527570465920149,1780,0,0,3,13,103.27654769196826,0
5.712123679946622,19.79841210337907,1020,0.5195049518668674,215,0,0,7,10,77.59635821749025,0
64.202222471374,14.762039195704402,1032,0.6772073412022898,71,0,0,9,18,91.42672745386267,0
3.6281063992780034,20.085682687599714,1080,0.5430862293760694,733,1,0,6,12,78.42718846294449,0
43.92182681245778,22.086862671274027,1093,0.45390613889306647,1608,0,0,6,21,29.388540042805364,0
14.967277523002366,7.675686883220316,1017,0.5113175922476297,398,0,0,5,21,86.84776498798817,0
65.64348197178587,21.064062428442263,1070,0.602086014789058,514,0,0,1,17,57.612691405309924,0
38.707323362354146,3.4778121697481525,1058,0.34839148581758084,66,0,0,4,15,106.96171872401956,0
66.10422407674712,20.713775966173763,1075,0.48742358993985135,1299,0,0,7,19,49.608899290147875,0
96.08183545128585,5.5757709487662614,1001,0.47178486998794833,669,0,0,3,17,87.73813301971387,0
70.11441851723637,18.855043302911948,1095,0.8195155057689087,1983,0,0,4,17,61.13970426618014,0
40.76115411082879,0.9633453159698444,1015,0.40656867019974113,1314,0,0,7,21,88.33246878107133,0
62.00508815601492,2.634669481377408,1027,0.2861402673382018,229,0,0,3,18,80.18425548654562,0
88.08839787799528,17.356803425437292,1025,0.6769925590894075,750,0,0,7,16,76.99916407535433,0
70.78307095546582,19.954877621888524,1070,0.5152685404804004,1642,1,0,8,25,63.21029111664649,0
111.26533731604192,16.649425475098614,1088,0.5847514245939467,1845,0,0,8,18,64.8958367837857,0
68.64040219907307,2.3594750456936993,1019,0.4682575892414691,1034,1,0,8,19,20.401573008320305,0
67.3121638154162,12.078490754414027,1076,0.3460086742718126,343,0,0,8,23,47.80253731721866,0
50.63814730208185,21.173097883615522,1060,0.5673017927577833,1604,0,0,2,23,89.77090140896689,0
66.59447469137628,7.736522241748231,1009,0.5394362032494202,1026,0,0,5,24,102.68550032525579,0
78.40422699535611,5.384332472922349,1043,0.5794662620816167,1121,0,0,6,18,98.66710354733968,0
69.54565974018517,14.617959720504324,1064,0.30922043637956176,714,0,0,7,18,87.1783891536038,0
70.90863213532207,23.685687994446134,1086,0.4079864576171387,944,0,0,6,19,50.385216442955844,0
105.6650994438279,8.280495998651197,1099,0.6686327291561243,1139,0,0,4,15,73.07014244634098,0
27.251537933372294,4.22058915158862,1074,0.3659480155754856,1198,0,0,8,18,43.270761924411445,0
95.91003693063233,20.53122069878653,1063,0.4335831084469919,985,0,0,4,33,25.31846978030935,0
11.432269977319173,6.685505122793652,1037,0.617401552783537,1737,0,0,3,20,12.249910975918482,0
58.4048347645882,5.728819312775483,1061,0.6168116883485666,1283,0,0,8,23,63.581841205255245,0
187.09993872724033,23.45693525952664,1084,0.8539825805503134,1257,0,0,1,3,190.09956093278456,1
31.15568782492465,19.483458466540675,1047,0.46904749286578157,771,0,0,6,16,47.42948681013853,0
29.398028132979455,4.667573537531048,1045,0.4731599262367422,1800,0,0,9,21,53.070510179627384,0
43.16841155492742,22.430529313854077,1091,0.6801190826832024,63,0,0,6,15,34.444765570497054,0
17.844283008795337,22.605853076435515,1012,0.4594350378721337,289,0,0,4,23,34.475974869864515,0
76.75101743208725,1.1268969415776358,1076,0.632677594391413,778,0,0,1,11,76.25276216192817,0
59.94943001377288,10.173902099703174,1053,0.541560852466537,1710,0,0,8,19,13.074702989972586,0
8.516008071069919,22.54754130515701,1081,0.37244935994131756,1122,0,0,1,16,-20.705567950256153,0
101.47722893398083,0.738070572233192,1033,0.5949614091983079,1935,0,0,7,14,54.01951602223824,0
96.5150147844223,17.9224906708663,1022,0.5018097362451643,837,1,0,4,14,39.923079513788636,0
47.573645064036164,9.544347243480825,1039,0.5147246400355506,666,0,0,5,19,8.728405483922842,0
88.17710488785708,12.657444338108332,1095,0.6080099058582175,1125,0,0,2,32,76.1914647401598,0
53.40368120169657,1.0826161508480663,1094,0.6673706063816116,1732,0,0,6,16,33.041097369274496,0
38.39211660200158,2.9933704812541917,1039,0.6075653799671821,1364,0,0,5,21,25.65489427359875,0
47.721469290724315,20.040719070404325,1085,0.6856259559766766,732,0,0,8,25,101.06492840493556,0
69.60436945855221,2.089552879511211,1051,0.4628941202547874,607,0,0,9,13,41.11842453939849,0
60.79216925380365,3.3068524962023247,1077,0.5222379930430732,1415,0,0,7,19,52.241187382542186,0
44.86461890610802,7.510038495725265,1093,0.48466121992104694,1018,0,0,7,18,67.05074683811699,0
46.563804642421466,3.471717648167444,1020,0.5497226144864471,1267,0,0,8,18,19.27611223707904,0
1.7732040689307738,22.066310413401784,1003,0.42696493615961134,1239,0,0,6,20,40.382177922925294,0
34.89291143276848,6.509316489218836,1052,0.5759961802862446,122,0,0,2,15,42.72995516408783,0
56.249675258767766,15.827512278882859,1061,0.5884960796420116,1814,0,0,9,35,26.225526828598085,0
55.409151540125094,1.406855294725931,1064,0.57027802568745,1265,0,0,3,23,75.39516547082417,0
78.70106950383752,5.92599588261097,1044,0.3981538383865218,703,0,0,3,16,81.45559659102844,0
61.87742662874136,3.330971336423274,1067,0.5244386501779018,503,0,0,7,15,83.28802683562998,0
26.487030032408107,9.224136671004665,1018,0.5959318345976835,1453,0,0,8,15,65.87143283463011,0
24.91813543699926,22.331539669916808,1013,0.706514791660581,214,0,0,7,13,45.635814565193655,0
15.688213780380146,10.358772416936379,1012,0.40406241279882954,1018,0,0,1,28,66.82765128579389,0
20.815163222511288,17.869612685047596,1059,0.3095122287747647,714,0,0,9,22,56.67698240910991,0
62.724978392057494,18.118361593733717,1043,0.49490876372564585,1633,0,1,8,21,81.69473397545109,0
50.94187596598329,22.311669066973344,1037,0.642893156276079,1521,0,0,3,22,52.634515318506935,0
21.819938185437373,1.8907697040939437,1023,0.3394548629575713,309,0,0,1,25,114.21572904164091,0
68.57249508164031,1.1826900006981518,1079,0.43431359075544695,1850,0,0,1,24,89.41628118104417,0
42.52891881330865,0.26318198535473414,1038,0.593469942151558,158,0,0,4,25,76.34916803941438,0
46.4970225261426,2.485045726866815,1084,0.6275165965921685,1070,0,0,9,20,96.12762129190699,0
95.46241446044627,23.042568940045488,1099,0.43494114807577006,1195,0,0,7,16,56.92922190981563,0
59.77388949746499,15.177621483244716,1077,0.5378324360612001,1842,0,0,2,21,106.7998465008917,0
69.0717957932165,17.09881835308746,1032,0.44197246194157713,1713,0,0,9,23,67.37281879979325,0
75.60246676340924,21.10043802669835,1056,0.4655611553635508,1109,0,0,6,17,77.30711064108328,0
111.69630694488623,18.813897134093608,1075,0.6081101571629014,133,0,0,6,22,70.4285980331213,0
28.94024936579734,4.355690996608768,1012,0.42049665220441457,1602,0,0,5,18,97.79053160004322,0
91.69292401839067,4.234240718457634,1097,0.4811367437072078,1649,0,0,9,21,105.05503098043249,0
22.813540038583668,6.790270297989693,1078,0.4883429193487603,1927,0,0,5,11,26.56801619141374,0
53.742562989918035,15.016063918197755,1088,0.38472779506721977,358,0,0,4,21,75.58704472762372,0
19.840546220082935,7.53600901469104,1084,0.5643851361428698,404,0,0,2,25,69.74807723636917,0
-11.176965332803015,4.9893204985199295,1094,0.6719051859520483,1139,0,0,8,21,46.55535620659204,0
76.75589066482246,14.55893404342997,1089,0.5404677523995669,257,0,0,3,11,65.26537738125315,0
60.033703699610754,2.741962878193352,1027,0.3014272287051779,966,0,0,2,15,106.35222746948844,0
77.34088166524165,12.707589177105456,1049,0.507767772508966,1038,0,0,4,12,99.02265279962548,0
8.065835647271086,11.779373986864869,1075,0.3970991816055058,1000,0,0,8,14,40.79003240911466,0
101.12306234177353,12.986469994899625,1039,0.5011000784655392,442,0,0,3,15,68.25325789953128,0
39.64559356585919,16.811459272563404,1012,0.6311131552266804,1820,0,0,2,13,71.61250365086491,0
16.10879436027146,5.691553757676053,1091,0.4716119465574693,121,0,0,9,19,6.797512828485843,0
37.140364192504,2.612650719519724,1060,0.506314784920281,138,0,0,7,18,82.30782450384375,0
98.41133807175942,4.53393255440869,1039,0.5725458298093908,244,0,0,5,17,58.70738455770668,0
172.88862726755565,2.2658590761589936,1042,1.1352374788543602,700,1,1,7,6,203.7366970491437,1
9.424739316778329,22.19486183313633,1035,0.3753544891078957,1195,0,0,2,23,18.750587766468357,0
-12.313595613216222,19.309120611420795,1084,0.6151116364154378,1220,0,0,8,17,63.3565182082617,0
76.1510775679644,18.719124598360068,1051,0.26140495892945176,1306,0,0,9,21,45.74937126388757,0
2.6901055342700815,8.947439740876932,1072,0.35128635742302977,72,0,0,2,27,104.24221509112235,0
54.291463096368574,0.8684351407902033,1080,0.5040467158964302,1116,0,0,8,18,55.69884466312924,0
34.130668758079544,5.554479131122192,1045,0.6258067353605279,788,0,0,8,24,57.75137589032538,0
43.48606775161392,12.119062054612023,1055,0.5850629014302848,1694,0,0,8,23,78.62798661506858,0
93.09006217117935,18.23307984813522,1085,0.5730943678769973,438,0,0,5,19,46.49775981735132,0
78.76448919403018,0.7349803737063088,1037,0.6658029146967812,1605,0,0,9,29,40.109952604016485,0
7.1952026965597256,11.250025450425937,1064,0.5258936646430048,977,0,0,7,16,34.06820001824901,0
29.326646068346292,10.593578185928532,1004,0.4195093341657886,241,0,0,2,22,105.47159746562053,0
192.20266502846482,14.769111481891462,1099,0.9846712876994526,849,1,0,6,5,192.09635438937883,1
86.70706647255882,13.569681406812101,1076,0.63410780901724,1821,0,0,1,22,86.92413236032404,0
40.36271701646265,13.863791905584169,1034,0.49184069096282423,496,0,0,1,21,40.64253286703578,0
55.59248509232139,12.3895943504599,1013,0.5043462646078372,1714,0,0,3,18,48.8205297560529,0
-39.7340791270217,14.985611699331912,1021,0.2900667476358893,1516,0,0,3,21,72.07366844892688,0
29.916892590995285,4.529756296764176,1054,0.44672273794528067,1167,0,0,4,24,21.035742827137653,0
66.49049558870779,20.12157812368061,1060,0.3396115863362018,616,0,0,8,21,70.80064880551993,0
33.04818579346423,21.169212407183178,1031,0.4543605917794614,1349,0,0,7,13,78.41461080397235,0
44.383180354793595,22.98327105596245,1027,0.5819921821432331,1544,0,0,3,23,35.024172938501025,0
29.12915368408808,1.0718406930533702,1048,0.44298936371048286,257,0,0,6,20,56.82889649785886,0
-3.0417015752319188,15.526240751176452,1060,0.3556179605148515,1418,0,0,1,22,27.931352716430027,0
59.742747186006255,14.587770531393307,1019,0.48486157937506796,1059,0,0,6,17,36.76632650207272,0
57.66151267022951,18.45655773078355,1002,0.4916196942059201,1366,0,0,3,27,26.97264238101362,0
58.89726635422285,11.322411627595766,1058,0.4928143791804854,1406,0,0,9,32,26.876716787835463,0
37.70940222111508,20.919282492481322,1030,0.39762571409359687,74,0,0,9,19,30.82400101529151,0
43.16687062629096,11.700385076033943,1052,0.5074866487414498,917,0,0,7,21,36.60274349035021,0
33.42291961643443,14.27036289477547,1068,0.31060760918188546,1617,0,0,7,22,110.19780838670565,0
115.55284685108336,3.4977882209754654,1016,0.6412210621692926,229,0,0,1,25,69.62328256018147,0
39.540435967764225,2.9043772019675727,1065,0.4760379518495323,1157,0,0,8,24,74.09999806155645,0
79.19304683045216,23.366583571216765,1094,0.5055729538429298,233,0,0,7,23,88.45785307399966,0
70.33909912689586,7.384613847673755,1069,0.4267545608645153,1666,0,0,3,22,69.1762650550556,0
-13.13748396295997,17.26251324166117,1083,0.5169698738655931,171,0,0,4,15,69.01030035741371,0
13.37862722257524,15.134603319614627,1037,0.4818057532117291,1255,0,0,4,11,68.82656297825879,0
52.27020621840158,20.247312308299065,1056,0.5335609444361107,373,0,0,4,15,66.56470027273801,0
47.98465129851934,0.544484212378741,1019,0.43905263743503586,705,0,0,4,21,51.21474789815508,0
21.816102740420522,18.086925134024618,1006,0.47562724438229353,323,1,0,7,18,51.750531235593506,0
10.73538802642664,11.918971537516112,1025,0.5453939334929363,1556,0,0,7,20,17.66216262957696,0
70.2408493342586,23.061267101399373,1073,0.5873029796799806,340,0,0,5,31,74.3040693089025,0
31.57569406258446,7.805717570561048,1030,0.5208242368022448,922,0,0,8,21,26.844919513961443,0
65.69971348185766,3.385222105685677,1046,0.6534821474977759,136,0,0,7,17,44.089066148070955,0
46.4699809342144,16.712670405995343,1048,0.5316566941916226,628,0,0,6,35,62.026435923891675,0
51.928400572863886,9.470518839869772,1022,0.4922717622273163,870,0,1,6,22,69.55978635427968,0
29.324365457312965,18.685099714144535,1020,0.7280360653492152,1230,0,0,3,24,37.15920357418415,0
33.506319210859004,8.204768926480657,1056,0.3403366446734063,824,0,0,5,19,25.615119951382454,0
108.75042362661782,8.44572133820786,1047,0.5371517433060028,313,0,0,5,16,84.04262232224534,0
48.84474591497878,20.242570647953766,1042,0.5200458501994776,209,0,0,6,28,36.58146027558283,0
33.842789801101276,13.64066837845859,1090,0.5467575631708728,414,0,0,9,14,48.11069597529456,0
79.88143057417449,0.8338115021358465,1087,0.40593770072520513,1978,0,0,5,23,39.18130236178613,0
50.203995336799935,6.52172439562756,1048,0.5952866243616155,1004,0,0,8,20,62.530945784455675,0
12.466592708440913,1.0415206597452444,1052,0.47468286515744446,987,0,0,6,24,86.79393322202073,0
99.00294596903288,20.624645394067713,1083,0.526348251062696,1114,0,0,5,24,44.779169633452135,0
67.17335918465305,11.669008524476224,1011,0.4315572098611238,893,0,0,5,14,53.178718455651676,0
80.0489547562568,14.267960777994205,1001,0.5946841135227523,587,0,0,1,24,61.61424366869866,0
-11.423115573122509,8.42287979345711,1059,0.4399717577092631,328,0,0,3,18,99.80347541810531,0
35.58056175535276,22.336895836619377,1005,0.6748531027373554,1516,0,0,2,23,50.46548148700771,0
37.120933264482204,18.40074777200358,1033,0.4481748487028015,1574,0,0,7,25,86.68317158176471,0
53.18548758320649,5.296884493221737,1045,0.4372495815021844,172,0,0,5,29,71.80264754051127,0
100.99872123729142,5.67182442262699,1020,0.49022397685493707,474,0,0,4,23,73.1206485311398,0
113.6489392199061,1.881322247286204,1088,0.47002708469329507,70,0,0,6,24,76.19029309423524,0
81.74510281472305,14.972700998815904,1049,0.3532955736756517,1301,0,0,6,20,46.72847669766037,0
59.16996705927788,5.252032262104622,1041,0.553435644716522,1818,0,0,8,16,69.14461906872246,0
2.0720249121370387,2.514198228923953,1031,0.4626884034707814,232,0,0,9,31,90.87451234004484,0
58.064370692364626,13.048712603403406,1061,0.44322591570746045,1639,0,0,6,22,53.67584594773551,0
6.068753593705395,4.380757224208174,1016,0.4613837265092217,601,0,0,7,16,48.44092292164473,0
23.864209099771077,9.486923065670634,1004,0.5376007000428483,1668,0,0,6,20,62.51938779288981,0
76.60662170291901,12.592980988374379,1092,0.5572145710281118,1237,0,0,8,23,50.16665333602634,0
70.47016346178978,21.723411591498408,1031,0.4529292796571217,1820,0,0,4,16,101.55901463595573,0
49.80436054311626,11.324231396102729,1085,0.5696419502016403,1640,0,0,1,17,43.011764200471646,0
74.40528908001916,14.12744807318548,1026,0.5452325414624367,348,0,0,2,17,57.444925580945124,0
77.06831521359942,0.6721276673390024,1043,0.5873891755377407,118,0,0,8,23,61.695899844297266,0
29.673060429930345,12.144128034406501,1002,0.4940897451125121,1870,0,0,6,19,59.18624067617747,0
38.20729397895616,18.81827281391635,1007,0.6118784140822977,1326,0,0,5,13,47.74774589358847,0
55.9943130115614,4.698602673915269,1098,0.5861344436017268,140,0,0,8,19,94.76809670393959,0
33.05677987487174,11.831818298508763,1022,0.5515039569964336,1302,0,0,1,16,65.1789388693481,0
69.12817436693626,15.755289453286625,1070,0.5381716811411802,755,0,0,8,17,49.09030917887483,0
61.77902346952904,8.525652415932063,1085,0.4114674262319006,1342,0,0,1,12,54.26414182700043,0
66.73073182175374,10.054580209923063,1097,0.6280522365053123,260,0,0,7,25,74.86336443968025,0
60.28779131964028,8.582388616475038,1065,0.5118186808977596,109,0,0,5,24,94.16270994479581,0
19.365126273190995,5.265975325365692,1043,0.3795708080074454,258,0,0,1,21,61.808122748760695,0
-0.5119770284214624,0.05989088641989948,1029,0.5246496774514781,1354,1,0,2,21,66.33623973455917,0
57.29403965415467,16.441084217006868,1021,0.5328079002978651,104,0,0,8,19,56.905101698603836,0
188.31048636743026,21.26098063080134,1070,1.0254766350414193,1426,0,0,2,3,221.73590633568838,1
23.059183210266248,10.49937174650018,1007,0.5618724492739214,1390,0,0,6,24,15.99962506016243,0
-6.68947876288459,7.423842581203485,1062,0.6068145940106294,50,0,0,5,20,81.11148328721598,0
43.36239129242684,23.64023394790671,1038,0.43855470737228724,1555,0,0,6,24,82.36804044627799,0
32.051619974064565,19.467062497535366,1043,0.48629723419497295,674,0,0,2,18,64.25828770341083,0
55.25634256725536,3.3012506754033524,1082,0.72237087547625,42,0,0,6,26,51.95698831434478,0
47.665356915905804,20.77830551752386,1074,0.6103942682191756,1651,0,0,6,17,43.09933871621881,0
93.5826663537855,18.80816623247049,1035,0.42204881575386954,69,0,0,1,16,71.31718957416118,0
29.881393727700654,13.655280810269783,1034,0.5010885770568139,91,0,0,6,15,71.07841161700485,0
102.1395495537056,22.748706519239057,1072,0.552243332491842,1746,1,0,5,28,57.31237622058103,0
43.58374497336084,10.872576326428952,1025,0.34231158285803337,1318,0,0,8,13,67.61114660813462,0
50.93190279196794,9.703466352490544,1054,0.5280729750741853,1126,0,0,5,19,77.68011846582752,0
188.35816080143724,2.9018473202150865,1018,0.9601545520252931,1546,0,1,8,6,187.31147702636864,1
34.583992479899194,8.908178896538713,1036,0.4447813443747129,1112,1,0,8,10,77.46076715441038,0
79.83674707224864,1.6958110241852697,1084,0.7237283383226095,1710,0,0,8,19,3.3849779566088287,0
26.420316184761514,23.451487987209738,1068,0.7362383999763592,1780,0,0,2,24,104.1344829247948,0
55.144079527711725,23.106876211873683,1009,0.5921437532196215,1342,0,0,1,23,52.246315708044364,0
35.42963766274859,21.56814613352731,1021,0.5609212315545781,917,0,0,2,17,47.21385082841026,0
82.0931436495155,13.38849237912469,1069,0.529444023445215,750,0,0,5,22,30.20407460849706,0
85.36597811110818,12.44443518263311,1023,0.5267224010011999,621,0,0,4,20,7.062107547703967,0
95.98216739007734,19.176248912456607,1033,0.5795637630445957,788,0,0,5,23,69.81022994889342,0
51.70225049890458,16.846675789790115,1084,0.532645480103461,1675,1,0,6,23,73.94814004693423,0
104.2282552330779,4.620452923675152,1015,0.36756729772803903,718,0,0,8,21,97.4135314332813,0
45.639517330583445,13.150711297694626,1041,0.506079849143304,1930,0,0,4,25,72.90953989738708,0
37.43109663436296,4.98419156061856,1015,0.5701032021921688,1427,0,0,8,30,120.64480066614782,0
65.92601486201447,18.10624869983827,1081,0.33901863901845,1324,0,0,2,22,47.10138435850175,0
34.13004757390619,9.943209883943858,1097,0.6316393837201182,1679,0,0,4,19,48.35748217161995,0
39.26516199676199,12.139996311758456,1026,0.40524661925048977,407,1,0,9,19,31.532974839153972,0
70.17168012834148,6.42355589680438,1006,0.46137231971437165,363,0,0,2,18,33.52074825816119,0
59.767334503612105,2.613158784747978,1086,0.4483963797409587,1556,0,0,7,20,64.843960627589,0
52.27865803748262,10.07613077652184,1082,0.5410063967496008,1707,0,0,7,23,60.47840431139163,0
52.02584614063772,12.188688902783852,1080,0.5875254448887338,541,0,0,8,19,57.33979721290211,0
-23.164514748292873,20.881151918553407,1022,0.3884658012658229,1927,0,0,3,24,27.713794058804474,0
39.40501121567935,2.8977204650156754,1050,0.4505839730981256,1853,0,0,3,8,62.164827392735106,0
28.86968928371722,4.116311943552533,1066,0.7108375473832034,1659,0,0,5,18,71.68688071146447,0
87.99983759595237,11.910239473004129,1023,0.49348548475330833,1679,0,0,9,23,84.34207136486124,0
66.74418543555518,4.703489339800025,1001,0.6965317374397157,857,0,0,1,15,82.95849239018298,0
29.927817840202504,21.472022983536327,1059,0.47462415394212,974,0,0,2,27,109.97948187204491,0
21.93683893866214,3.3778407213876775,1031,0.5180140760707416,533,0,0,5,18,22.594813090943184,0
70.49986978433208,2.2286273506445102,1002,0.4383877335234997,372,0,0,9,22,53.22035442925185,0
29.23249012202311,13.531619533804104,1025,0.42975505029393196,637,0,0,4,16,68.00241995855279,0
70.06224966777538,23.793644713190673,1060,0.44975149090650635,1008,0,0,2,16,29.626204129450496,0
108.94175398749168,2.7345163950716476,1073,0.2960706448110386,1514,0,0,5,20,63.69460888289061,0
50.480758468854816,13.416261422324203,1055,0.374305966461975,808,0,0,3,13,41.623188860219486,0
32.45277039746691,23.9675492384213,1020,0.3804604745024506,1707,0,0,6,27,20.367617542845373,0
83.55897002462635,18.26311962625941,1044,0.36911799637020215,1630,0,0,8,21,83.00427064145285,0
100.36024020117699,14.210573123305027,1057,0.31491984954768504,305,0,0,4,23,64.41912977497395,0
7.449028012009052,20.369671866095228,1091,0.27933511421879176,1046,0,0,2,19,14.504248097868917,0
85.75122491321196,13.012077850697157,1094,0.48506383382194296,1638,0,0,7,21,68.6905256833041,0
97.58050448436056,4.343353535472055,1069,0.6347680221679517,1479,0,0,2,31,98.71130387134633,0
-3.7922919373716866,1.9078019604644991,1072,0.4507111369844953,1469,0,0,4,13,76.93375355027398,0
33.87062726660551,22.89931390521142,1071,0.4465295855384943,776,0,0,6,18,61.48588196288239,0
44.092345760093316,6.127531228110501,1053,0.4942900439761801,1305,0,0,1,9,24.938901440006475,0
50.48374363701417,23.557241710013294,1010,0.34491398880573687,295,0,0,6,14,72.15611532136242,0
-0.5400273167916083,13.130671673718744,1078,0.4754033113756204,1126,0,0,2,20,33.2955267512281,0
25.6279295318774,18.992196576471272,1035,0.50281749795789,1633,0,0,1,18,106.07868000493684,0
54.19661698517382,19.513228971439396,1093,0.528705579760311,1388,0,0,7,17,60.231112001448835,0
42.98827826444824,10.638176192624027,1088,0.5869685955115125,1408,0,0,8,15,73.0683973252524,0
61.67477587003786,5.263876416742059,1085,0.402969189883384,1459,0,0,1,21,48.615174288881235,0
36.70153246425469,15.092654048268052,1090,0.4679309568964819,906,0,0,5,24,18.94416037742384,0
47.17192787705298,20.586410228793802,1068,0.39549310318062286,1293,0,0,8,21,75.22294761195306,0
112.3203031870986,21.218496550757067,1029,0.4047205580835251,339,0,0,1,17,91.40608294412486,0
20.63708852653078,20.804965987180296,1076,0.5740927692156471,1994,0,0,3,26,46.380864817775716,0
51.42480404754929,9.226289593617189,1003,0.45215524664443946,1834,0,0,7,22,147.4570899594704,0
37.03114462678009,14.27592905661568,1024,0.5674123066402464,41,0,0,9,19,67.44220263897007,0
59.211177117554655,12.747689541582064,1096,0.5292970195476352,1842,0,0,7,18,81.96477079784528,0
52.16756144713747,10.135533068544774,1059,0.5980660283423214,1650,0,0,5,25,30.16156174483998,0
30.037331056116184,11.076695004961241,1059,0.5195104260684386,1432,0,0,4,23,130.15969023476984,0
-30.90659928824715,9.689592098518325,1010,0.20877617037423607,1628,0,0,5,25,63.096812593659,0
6.847664996163225,19.637694888461517,1073,0.6814533816839391,1380,0,0,2,17,82.6467044377097,0
37.89860762093952,22.867310053534577,1033,0.3988522287103659,1018,0,0,8,21,38.9252704092167,0
68.44883696140325,0.36415162012403446,1070,0.4795273324490681,582,0,0,9,12,83.62423999313802,0
41.7463571523486,10.60866260233017,1026,0.4828915724021375,1181,0,0,8,19,59.81598224492397,0
90.56118097922977,7.4005305414948355,1036,0.6268440341872941,266,0,0,2,20,51.61702696120646,0
46.520087830353994,18.08604861598788,1001,0.45122651836185873,1847,0,0,2,22,61.73697350387865,0
36.36356843769667,20.506151047862836,1005,0.560918835826978,103,0,0,2,12,79.56660505311818,0
40.40521166333731,20.696198687133027,1098,0.5743039549450524,1333,0,0,6,23,66.99190221250392,0
7.732426919284258,22.87718473214847,1041,0.5265652721642441,202,0,0,7,27,59.29319417735605,0
95.49182165760718,16.607820529361863,1064,0.6467102654622985,1720,0,0,2,26,88.62783410309567,0
37.20286241508279,7.401160964633645,1006,0.7675100462786915,290,0,0,4,19,31.270385556023637,0
19.565608198777582,18.07650489235618,1028,0.4805059176000814,711,0,0,1,15,63.05759153950085,0
122.80149459036568,9.871744723758471,1058,0.6139441197943156,1706,0,0,3,23,75.06355046689879,0
44.05820710343281,22.651313015801747,1016,0.2822570059187286,1911,0,0,2,23,70.51800781000595,0
62.834431854587095,7.473032085727772,1029,0.4412471781032372,219,0,0,3,22,9.886359388783688,0
65.47817653112298,14.238227284209055,1017,0.2941783474686862,684,0,0,8,32,-4.984635260005874,0
197.96355254068905,16.578470409433784,1078,0.845660226899453,1922,0,1,6,2,200.9373758577825,1
55.679849218771224,0.7408351810190643,1034,0.7823978445325015,1039,0,0,9,18,45.0867934338338,0
107.7033738447486,16.995640505774425,1077,0.45821471821089094,1105,0,0,2,24,33.51970517200562,0
34.04366749132014,5.804039878907171,1080,0.5107405819505574,819,0,0,5,13,46.443223339932736,0
16.656261291889038,18.704070367667686,1077,0.38325772650130696,826,0,0,8,11,98.96797583497145,0
71.38995290517164,4.167343503009888,1083,0.6178139245385675,1814,0,0,2,19,83.11578160198421,0
64.5607972265957,3.5781544494891984,1060,0.4849982086785418,1052,0,0,1,28,63.74680155785597,0
55.802191015691506,14.353099739208563,1072,0.49175292512870244,842,0,0,1,19,3.0446083225333425,0
81.76185589651637,0.7727141300960847,1040,0.5454990621337829,539,0,0,7,25,80.16010260403435,0
71.62990858716907,2.152278159825123,1001,0.37116063276705524,358,0,0,5,19,68.06031069016264,0
37.59653889584614,11.931139283621107,1073,0.45721767040159156,1216,1,0,2,24,79.28623868052968,0
72.28047255079167,21.35312928298554,1034,0.29347281960833,1146,0,0,9,22,66.03637302979384,0
-7.349216519552712,8.41807715398452,1058,0.4794908503982188,614,0,0,9,19,65.00553234589277,0
98.7787674608619,19.97430926328357,1030,0.437469640459079,765,0,0,4,20,49.0894632936931,0
59.97822530972593,16.309244694844438,1067,0.5373000682169482,232,0,0,3,19,47.81688010250224,0
55.80345724975388,21.115084979843033,1092,0.6103438169783977,33,0,0,5,17,111.80869124873426,0
79.0630968704406,16.955435693265667,1035,0.35539547960749324,331,0,0,8,22,94.51256739095095,0
43.83116439070257,23.200144000927033,1087,0.7102828745377707,684,0,0,5,19,65.20466874929888,0
31.966203419934594,15.546138270864102,1064,0.42928750639903285,935,0,0,5,17,63.20811258286657,0
73.52008337932244,9.147439567031487,1094,0.32265496094480905,1451,0,0,7,17,38.588208189329535,0
45.857529960155546,13.208075946286595,1012,0.3040769095763709,307,0,0,1,20,61.41312663776532,0
56.14276647205352,5.38753202958548,1078,0.42706573460991093,863,0,0,8,18,73.1905136390725,0
29.46110522719988,11.419051001633658,1027,0.5280226408191842,1852,0,0,7,19,50.506473001963286,0
32.488335993121964,11.823941419932689,1025,0.5712782159745349,853,0,0,2,16,59.430944457472854,0
34.93837326942167,7.136249940961096,1004,0.6073123779106873,1756,0,0,2,15,52.843365983796,0
63.18503691860679,2.7215598562778096,1045,0.5191150749581351,38,0,0,8,26,8.68599649152042,0
29.558592947912782,1.4896832810042673,1019,0.5374851105415219,544,0,0,8,25,39.321450389054874,0
66.30080577139805,7.440524309186458,1024,0.39749669258512416,1800,0,0,5,18,-10.364187576407417,0
30.1212872316246,12.669835870654182,1037,0.502437909741698,1652,0,0,2,15,54.46456365127018,0
100.24579018742195,19.58701376769489,1053,0.48489712667518936,645,0,0,7,15,88.40751423952702,0
190.45492315069464,2.3579803274926396,1022,0.7035221276198608,1858,1,0,3,6,151.31409625938406,1
20.608363258495796,9.407546709767043,1037,0.46643685873006596,1338,0,0,9,11,85.5171011973074,0
74.53298897600861,4.463117377395164,1009,0.4507388781894271,1464,0,0,8,12,36.22966862053511,0
16.295179002812063,4.781805086030836,1041,0.5245757101909605,470,0,0,7,19,79.13313778838776,0
19.217574674131267,11.878375784141667,1026,0.441303789980087,1103,0,0,1,22,36.49379041521513,0
40.48691502278103,7.007424207973545,1016,0.39854967333329705,1949,0,0,5,20,72.95556330762297,0
59.95940991707044,8.386202704650913,1070,0.4783234909668824,329,0,0,6,24,76.56707899174026,0
55.33103002799761,12.109847229427213,1074,0.4155863309444059,34,0,0,2,17,66.55953638734087,0
87.68592318241048,20.426482703163494,1038,0.3854378718437187,1969,0,0,8,18,71.95097019391707,0
-5.447755902352455,19.466828945776683,1079,0.549906794904024,1160,0,0,1,23,87.07000918229667,0
38.64260770360538,15.020786630768832,1034,0.332619111215053,1246,0,0,7,14,47.27517350617838,0
57.1957323754789,23.66636432352478,1060,0.4500324141995779,1098,0,0,3,17,58.64405325119755,0
83.79695088643273,15.009543117129905,1012,0.48431373750776063,1207,0,0,7,19,81.75300031499273,0
55.35429991656169,15.680158186051461,1044,0.35799213128224605,1838,0,0,5,16,94.42133722892146,0
62.77661618579107,21.34113632218058,1007,0.42361817975398597,1073,0,0,8,11,33.940682475208035,0
33.50225502606963,7.1231073715239495,1066,0.5782706088754873,1314,0,0,5,18,101.48661613512002,0
26.809706484336004,22.929939953906317,1034,0.4875943461663667,385,0,0,1,17,39.36892095258571,0
159.30084426681594,4.752786244238131,1045,0.8314361960274463,861,1,1,6,4,185.65144371236607,1
67.1146199259072,0.1780873891356043,1059,0.5410117404260877,1367,0,0,4,19,70.15494687747164,0
51.36474428992256,8.36388835790407,1067,0.3248920099010193,1462,0,0,5,25,44.256328030947,0
55.500260172150554,1.3931120884440915,1054,0.5149292371294085,534,0,0,7,25,77.4369345684611,0
25.99331793800289,14.331203645218254,1044,0.7440885435728366,1021,0,0,1,13,60.53314181145818,0
36.898407918782134,12.77363634424075,1042,0.46753016292279687,395,0,0,9,17,62.09813587379754,0
-0.6183723892350557,15.927575748096924,1031,0.38729517874886377,1320,0,0,9,21,70.74263339652838,0
47.66488408961594,9.816185681670557,1026,0.40162200446682106,673,0,0,2,27,54.73619711084173,0
-8.5480873864866,17.1097389687561,1056,0.4106468480946138,1071,0,0,6,18,57.52048490557427,0
100.39242146664589,20.855985790843267,1071,0.5009155611092557,1765,0,0,4,22,25.629592023593922,0
92.3279713923881,20.53506435684561,1004,0.46482812416656877,209,0,0,3,19,76.86355294158656,0
42.920900383670855,8.496118636349824,1009,0.3557204906218361,616,0,0,2,27,40.62324513709781,0
55.895635091044106,14.576553203465851,1073,0.45083545230578487,1109,0,0,9,27,45.0886630224816,0
43.63373090296545,9.614144575675468,1036,0.40508489008728427,1158,0,0,6,24,12.591523272285542,0
25.708254926981482,22.356763233829895,1051,0.4982862134235576,1047,0,1,9,28,25.744625851531282,0
19.182443374846134,14.196245274456043,1022,0.47210767532194503,1738,0,0,1,27,74.50568564453825,0
39.20694062632743,23.170996282555283,1056,0.26786055199091713,1941,0,0,5,19,56.7811984910115,0
-14.693361310150976,2.4269961387957,1076,0.561846936746375,1557,0,0,3,21,71.38203801186619,0
25.18307169343031,6.008953216967464,1060,0.3883240936394922,844,0,0,1,13,94.47893479108185,0
40.69076883845289,14.383209336392941,1081,0.43560696496066226,860,0,0,4,21,96.1179075834965,0
51.616920410996194,19.912457077352826,1022,0.4726156774310176,1992,0,0,2,18,46.563408658632184,0
51.022504047776785,3.936958729833912,1078,0.5091670099003673,1074,0,0,3,18,27.72607483817211,0
29.97999856350559,21.811853138326413,1083,0.4847882560542666,977,0,0,8,23,-25.086421119605887,0
88.52314085536693,2.773507115360064,1042,0.38972355169962125,798,0,0,9,20,22.41769554772781,0
76.46859477797648,18.263365548759676,1051,0.42148648852096215,1629,1,0,3,26,47.07547841639945,0
65.150632648213,9.619498663577993,1003,0.28137524211362286,1532,0,0,3,17,18.76691462646823,0
76.16591000218934,7.129846987115345,1030,0.5554433900802002,1342,0,0,6,15,64.4358282371429,0
9.302545861297851,11.950513281494551,1049,0.6445440118354039,1933,0,0,2,11,71.24495391924796,0
55.57512886708259,9.253509122647682,1057,0.5121037146739531,1690,0,0,5,19,82.2076229820764,0
48.198873749343065,3.649433466672776,1002,0.5620043399054279,591,0,0,6,18,72.21711989544974,0
69.5340872547097,13.919599690850013,1080,0.23043375222359996,832,0,0,4,23,37.42074686894733,0
62.54617267663916,18.564460565810474,1050,0.3821243297953292,1502,0,0,7,15,34.08968939021752,0
34.731091228775036,18.562037061728713,1062,0.6607504634540773,75,0,1,8,13,33.39923539595999,0
16.798010368116472,16.239070627351197,1012,0.6213848748084259,205,0,0,8,23,26.56132081828514,0
68.97223217166562,23.903785222706524,1035,0.48176102355527234,534,1,0,3,27,22.590042805875754,0
32.4075455333368,22.979772744509305,1073,0.6242347050492055,870,0,0,1,10,68.2553716406218,0
114.69048895187896,9.941862036504082,1028,0.3459633729340328,201,0,0,1,31,77.90005322637603,0
-15.697651149356602,23.520009974383953,1093,0.5471184732820629,1694,0,0,4,17,48.82000599545306,0
76.13374110295078,22.677015405853062,1015,0.6533356711014091,1330,0,0,6,26,61.194052699063405,0
48.46643920953867,0.6938837583973747,1008,0.4321347313515037,1776,0,0,7,20,80.43301472865673,0
8.671474977372881,23.995323459211235,1061,0.53942097816538,1964,0,0,2,21,78.31825649587469,0
54.06690249244127,20.17635620682197,1091,0.561786649883879,696,0,0,4,15,65.47743635153236,0
33.83717487961713,2.8263358146388438,1009,0.6201702676825671,1700,0,0,2,17,58.87588259087873,0
38.52248471832699,18.94231192779084,1005,0.513348771495372,123,0,0,9,23,30.501630582571224,0
78.3563460383445,11.309359941689838,1097,0.7670960325776361,419,1,1,1,17,66.97205053806219,0
98.46127068408325,16.532795626213346,1051,0.5479530864374064,1525,0,0,5,20,109.6511655189059,0
-5.073062685312706,19.33402197944706,1071,0.5336609252658742,148,1,0,7,21,73.87215767906572,0
37.963385843424916,8.621547374921352,1057,0.48368212566759566,1658,0,0,8,22,56.38606990434131,0
28.01221885674395,4.598480580444775,1011,0.5066187822761804,1238,0,0,5,19,65.11518778095147,0
-11.94595833050925,14.361094636787913,1027,0.34184230841668306,952,0,0,6,23,67.77357281931221,0
77.01599231994774,14.688022501364834,1061,0.3028983495863643,1735,0,0,1,19,53.671278910841956,0
228.4852763677933,15.416495424777207,1050,0.8340062492919214,39,0,1,5,6,137.29065635028724,1
10.386301607471708,19.47378006481575,1076,0.4033085840028258,329,0,0,1,16,87.27530648029685,0
75.2186007951366,10.083229300394411,1077,0.6008831818972935,1721,0,0,5,25,67.02316983231763,0
-8.533055921158748,21.455481405194597,1061,0.5748113917304345,1889,0,0,4,17,55.53981443587125,0
63.05634584868807,23.348585507633796,1026,0.24207564701501672,930,0,0,9,16,75.75660311906198,0
83.1116004116779,19.182811384023594,1031,0.5056850860813923,441,0,0,9,20,31.18209918333152,0
45.72861544936119,4.164886071333204,1082,0.5029637572551316,1077,0,0,5,23,61.29400726201628,0
84.48462092031104,13.593163214644978,1034,0.5575623131704392,1222,0,0,7,16,-8.434299189899576,0
48.264901628672185,5.777098314774393,1025,0.5455933868405523,74,0,1,6,22,48.15463245110328,0
82.66308962650015,0.7988531823229668,1047,0.481188962356238,124,0,0,7,17,89.31087424298948,0
62.50404723449341,22.15026636417524,1080,0.5342607542346738,31,0,0,5,26,23.18642443987926,0
24.609208403390813,14.442346610651263,1033,0.23247510325556703,573,0,0,2,10,47.34238481658628,0
25.041352475166466,0.10563861609087066,1006,0.5419020349273057,1715,0,0,9,25,66.6477141053876,0
23.811167286388986,12.488933194583229,1060,0.35412946656933386,809,0,0,2,20,84.92107301788391,0
67.6178724039253,19.07882238779225,1085,0.5002226972452819,902,0,0,5,22,32.600984113957416,0
-0.057522216327683395,19.9882342288041,1097,0.5250983997347121,1754,1,0,1,24,57.63713769073108,0
-3.0447073525969586,7.9261979608525355,1026,0.4657236931609733,1690,0,0,4,21,92.45669891766863,0
58.73608265414097,18.88966806537436,1086,0.5520452916096068,921,0,0,1,22,9.081830618856081,0
94.09352776362488,0.22133456609344648,1037,0.5761509760508003,564,0,0,3,22,82.96202394566217,0
72.02319007421747,9.703311793503758,1034,0.621636474129919,983,0,0,2,28,60.35868898321744,0
210.97499645659732,1.2581167323970233,1041,0.8861227952489511,1147,1,1,8,2,167.10684783270986,1
35.02583145588903,4.151268590473803,1027,0.436032657920759,1839,0,0,2,19,62.84723814426091,0
52.4873555951612,16.219556793986207,1095,0.513515219043668,1072,0,0,6,18,45.60105412117959,0
37.28927849267972,14.063260288797492,1021,0.44633594155755757,811,0,0,3,25,46.7866707788499,0
32.87761118751571,20.49637273093102,1013,0.3501455946402563,1562,0,0,8,17,51.049677097014296,0
78.80914388844411,1.9209917781945745,1076,0.5559489125317478,1334,1,0,5,12,46.38021492569649,0
85.3653033207693,16.610529547534014,1057,0.4406343916746604,285,0,0,3,18,39.095189497545306,0
52.75282329606507,4.4833895565719635,1087,0.5210159056777922,1876,1,0,1,18,36.87642524029283,0
51.59177938797857,23.98318742312396,1065,0.47302002191012604,432,0,0,4,16,65.53316226163709,0
10.090591227830302,21.01568130419006,1050,0.49855568391204774,1020,0,0,5,20,81.31681234537822,0
47.4098642525982,7.588273221029002,1095,0.5847574017882693,924,0,0,6,22,59.975347690684245,0
26.565308656066577,20.320817360409624,1090,0.5687866155252539,804,0,0,4,13,60.99355791735958,0
236.4943147674362,5.349452823225683,1098,0.9982591162607839,927,1,0,1,6,197.4537600481393,1
33.167326070570084,10.995320710179353,1057,0.4326045743149845,1877,0,1,8,24,64.02240565294453,0
20.154309425973768,12.493682564877142,1010,0.20865812986146637,1553,0,0,1,19,83.19057398041718,0
48.87095892725455,21.25053034469534,1063,0.5528709633952371,640,0,0,2,24,50.35844436313742,0
64.26004776282474,4.14305448646137,1035,0.48034851963809555,739,0,0,5,20,49.557843602916854,0
47.89502865624059,4.554325395504261,1037,0.6137704267491402,1782,0,0,5,17,30.774002872301967,0
63.87773878561853,13.767998341176234,1060,0.5183218458408471,1391,0,0,6,16,91.54675972062272,0
19.041342737166953,2.677197776324576,1002,0.6650437926033906,985,0,0,3,15,78.44420594705832,0
71.31647306893356,21.856265758039314,1036,0.48038295703748524,1343,0,0,5,14,41.466282882104224,0
62.34697157492846,0.060522280867680855,1050,0.7005781952075141,1967,0,0,9,25,45.46961345288264,0
21.056307871109432,1.4041716347864739,1089,0.42150830746830115,1803,0,0,3,19,88.38702522298028,0
39.92642183060751,7.503901040301849,1033,0.4062163683832229,119,0,0,7,24,16.340854426444373,0
31.22680868804671,16.371022932156816,1079,0.5920628392991447,1574,0,0,7,19,106.39152386036939,0
30.971424569317907,18.28351432502073,1062,0.36837057760664144,1665,0,0,7,21,19.994756867682845,0
80.65888330034426,22.960212889907776,1054,0.5760789355976411,777,0,0,1,28,59.81304987781725,0
18.235995552565406,6.670995771143638,1068,0.3643877048041292,1804,0,0,4,30,36.29125974715527,0
47.240946013908605,20.685838759305106,1021,0.48891943457432213,62,0,0,5,22,27.199125027740656,0
69.36127848755443,2.013661003876752,1070,0.43557220914116856,1533,0,0,2,23,115.51684601842703,0
10.393003789380735,19.014016803936435,1045,0.3993626375676581,1811,0,0,9,22,61.842972367925576,0
71.36966478740486,7.412764824291786,1057,0.6162857967254204,409,0,0,1,26,86.53834613820965,0
19.615066389967286,19.98837699819462,1068,0.5630200210519578,968,0,0,7,11,41.74471112259301,0
52.522831647505896,15.831982360577959,1020,0.4202618143052867,52,0,0,4,22,29.470413497458182,0
57.309716711081435,11.59963731725408,1092,0.4394847044388246,555,0,0,6,23,54.45996070484823,0
57.81326790000668,7.283621005237459,1046,0.5509226517951613,109,0,0,7,25,48.52854430049949,0
34.910756883459705,2.978325026632376,1045,0.5415533097465595,1980,0,0,9,19,89.37349002543411,0
83.82050268066456,0.7856241745012476,1023,0.476973560491268,1350,0,0,8,21,17.248439300901367,0
97.38313675084578,17.954899202662233,1085,0.47767923016723024,1420,0,0,8,13,71.29399260226135,0
68.59134337898409,21.148541685463414,1077,0.5226962918466013,1617,0,0,6,16,19.125811577965543,0
33.94049862297023,13.818002004487454,1014,0.3955716766985134,598,0,0,1,21,55.88638890592132,0
53.28714740233574,8.946649098942881,1019,0.34565649744729265,546,0,0,6,15,46.019927329125174,0
70.19544053809875,2.4839400862456245,1051,0.6431127970496512,1312,0,0,6,24,68.55842891679431,0
23.216374535243478,2.005973328008537,1014,0.44990060037594426,1614,0,0,8,13,66.6256621816323,0
164.10141861520742,8.189112283690168,1089,0.8527006862340877,1264,0,1,1,2,194.19543340462744,1
51.32187702219798,8.611886565945206,1012,0.5467564454817976,1320,0,0,4,21,9.889441516814138,0
30.38962578087743,9.282485006470983,1070,0.5072913915238475,644,0,0,8,22,66.31360615043559,0
-7.961954755598782,15.933356056262173,1011,0.5394363730103756,1718,0,0,4,21,51.70709871103613,0
38.07326703524836,17.262907203654727,1021,0.49777156644315557,1463,0,0,9,16,66.28426126737338,0
47.413487059776415,15.781317020000131,1018,0.5621705475721499,1372,0,0,2,21,64.29662658163168,0
51.43475959354049,7.519867971631573,1011,0.4122493404560171,1699,0,0,7,17,72.7192863494224,0
-8.637790134498267,2.97379273432672,1036,0.6777575096397656,390,0,0,2,19,37.53138037379506,0
51.031259270793804,1.6134872536994518,1041,0.41296163190476043,597,0,0,8,24,42.17313315732703,0
29.537756059286508,5.390805994996846,1071,0.5555389711403085,1598,0,0,4,21,64.46187790209002,0
47.57247987011935,8.9104061787617,1093,0.5785608381375525,1160,0,0,3,21,87.65016423397796,0
93.85151048771354,6.956051097111367,1012,0.5322826729904093,1224,0,0,4,26,120.46390411594058,0
24.974454538021288,20.617864666808224,1024,0.6898222051792604,1371,0,0,5,33,-3.523524210495033,0
57.83751593701568,20.613895826295394,1007,0.5777391982347153,1768,0,0,4,24,73.03917037812873,0
75.87630453845512,3.0757196295151843,1002,0.539991132475153,962,0,0,3,18,54.26923040406551,0
-11.510723718526009,22.157421083669583,1064,0.5996295322438043,1411,0,0,1,20,80.09039011702708,0
11.232119146831444,16.218983127071642,1086,0.5342111037950001,668,0,0,2,18,87.60402437332192,0
-9.10925744054203,14.678829186099914,1071,0.6634769481739836,287,0,0,1,22,77.1819208681918,0
66.37360140597067,7.666130369140907,1040,0.5431128322452478,1718,1,0,7,23,79.63819948652004,0
26.35857130300976,20.921913052621374,1045,0.43296897040272775,637,0,0,4,15,33.644380977406165,0
46.630158509275105,22.88775482311851,1031,0.48761367319656995,1847,0,0,7,13,44.391315561066236,0
25.379530449448687,18.361522352773534,1054,0.504879926793086,180,0,0,9,18,53.453650185338816,0
94.81129277016603,8.210713893406819,1061,0.5893423900096311,1037,0,0,2,19,46.335909141865464,0
30.893705773807,17.38854812589417,1070,0.4333113955641054,1970,0,0,3,14,47.304344075537685,0
-20.945661183745372,23.842000922571092,1046,0.49722445638880947,1953,0,0,6,16,99.8843449244002,0
54.97577080396018,1.963774148303239,1038,0.7075627806680728,768,0,0,3,20,93.041968497491,0
53.61904282680362,20.644935292961435,1061,0.5371124674455582,1010,0,0,8,17,45.35476968472862,0
77.94997900604284,5.9436023633905135,1008,0.47655524885261435,837,0,0,5,17,80.08836316338478,0
61.47299947077606,15.121252851591082,1034,0.4767964809189754,1474,0,0,6,20,91.68920348834489,0
46.55790675599303,8.3178717090187,1082,0.35619968285439824,637,0,0,4,26,9.438659044834296,0
78.12710412879676,20.60758989366314,1081,0.4267875487025965,405,1,0,7,22,60.98818263290698,0
114.37474775229465,11.349983303482983,1023,0.34119511097475935,494,0,0,9,26,53.886188107918606,0
44.424627434217584,11.488852820418852,1029,0.38800054398981093,301,0,0,1,24,84.57939447548986,0
48.10178120309252,17.804804642078217,1049,0.44227556077813357,590,0,0,7,20,37.579459381815965,0
61.060199266187034,15.819117902955856,1058,0.4457083236897798,752,0,0,7,22,92.59935212236024,0
86.71846259438014,20.21833925161073,1048,0.43716878262637515,1178,0,0,5,20,66.4246538346575,0
2.4312287969122224,18.011865227882318,1082,0.4148147738696247,1289,1,0,9,15,42.00332374529567,0
93.06712979490871,17.89473372422986,1088,0.5696868568696777,1585,0,1,1,20,86.65534573001187,0
31.782157577417465,8.58955405309555,1031,0.6271493237071486,632,0,0,6,12,27.549469711860255,0
9.016577571989451,4.550134346345208,1077,0.5202249271928081,1600,0,0,5,26,63.38327097393511,0
7.781196695227926,21.888726154832987,1024,0.41454353338457284,1837,0,0,9,14,80.32489105412432,0
27.23704226193875,9.337457030847663,1071,0.6274882020971877,226,0,0,8,23,63.01440354366162,0
25.75202835077221,21.468509845198437,1091,0.501739763466809,1494,0,0,1,21,104.34192760108567,0
61.73627981712182,16.44386881474047,1007,0.4538061855783278,1857,0,0,6,23,49.91678424534127,0
9.796253130356426,9.173262422949385,1094,0.49806079254581376,1061,0,0,9,12,45.826709378359446,0
71.69113818739592,8.378498770789943,1023,0.5308408047336233,788,1,0,5,31,35.3559601203548,0
58.57409860384199,23.19443544202367,1051,0.44498444574560503,220,0,0,9,20,70.1523986979151,0
75.73696475874029,3.972473654517831,1010,0.5701374011682505,1574,0,0,1,25,61.440354206764844,0
42.38971767372857,7.796996810382929,1008,0.6319939235827242,453,0,0,9,21,101.33016299347443,0
147.29278908784198,10.84460796322177,1048,0.4536690142110637,1214,0,0,6,16,93.16350167551813,0
34.38108180313103,16.637034671563406,1021,0.46751283222360335,729,0,0,3,14,89.10829619211383,0
35.472249442075096,3.332199421151646,1043,0.5218808959810994,1679,0,0,5,19,89.54993024447629,0
42.618125356101544,7.1077072383325905,1056,0.34818511617001713,1442,0,0,2,10,81.63915292707023,0
-2.961627610899221,14.051280696549341,1039,0.4035115894746589,280,0,0,7,11,78.83455037864354,0
86.80799671652923,21.496061103309437,1044,0.5089252332217179,1389,0,0,8,19,64.49409452491508,0
51.03323035117524,12.020878881171974,1067,0.5216617394606796,789,1,0,2,22,49.94088342166365,0
45.86776818836219,15.719431753488625,1079,0.4102463550592798,1910,0,0,4,17,79.89479705763152,0
39.59685269699864,23.562710478671747,1078,0.5984832652277479,1505,1,0,3,23,35.02747189127861,0
75.9274515409591,2.5410965153712537,1082,0.5268598344923172,431,0,0,7,21,65.99474060353893,0
61.20601050235306,3.5650836362395424,1016,0.601680994101829,571,0,0,8,16,86.82124767576443,0
25.32740202853398,14.042397565079668,1047,0.5992271011612986,1304,0,0,4,20,48.779188716716774,0
103.1240190690653,8.731800979145294,1038,0.4088276963860268,1160,0,0,6,16,71.78295819707462,0
18.585272939292064,21.96337774841747,1088,0.4633454307252736,216,0,0,8,26,26.25011676525009,0
95.80437990731795,7.822837054906446,1048,0.48194589422905343,654,0,0,3,16,57.00663034464715,0
85.80759606428786,23.430518410488958,1015,0.3661629663157022,1347,0,0,3,20,48.04654324204827,0
52.65220658875542,1.6847186737851265,1036,0.43064678586714167,1924,0,0,8,23,71.89271065083554,0
18.826664948967824,12.837091571222157,1067,0.5283735750854326,107,0,0,6,22,64.33202419384448,0
23.420877983066692,21.718042088262408,1012,0.4984074210222809,1288,0,0,1,16,62.533261220101416,0
56.498749262138574,11.503806666516372,1061,0.5684425976726846,1769,0,0,1,20,31.87871380940723,0
60.321617646903995,0.8570627766754342,1093,0.4315344774379687,1664,0,0,9,19,74.338837733186,0
-4.115883776870945,11.839045933504616,1032,0.4444900922095257,1081,0,0,6,22,105.58254691120341,0
18.029519065413,19.840392654508097,1043,0.32103835517227947,996,0,0,9,20,74.4054226327241,0
174.6352020127044,23.073451665579057,1062,1.0394707823974283,1340,0,0,7,5,178.8438908068462,1
88.30896158264564,0.47327357290350136,1090,0.45049310972421225,1261,0,0,5,14,31.270365103172317,0
81.96441125196054,16.848856043571413,1021,0.6370619895781795,75,0,0,9,20,96.81291278644326,0
71.568599319952,1.7788601852629933,1098,0.41726239340472104,454,0,0,1,15,84.320890092437,0
114.71924639796511,9.502586299535377,1040,0.3721038624538055,320,0,0,9,22,44.74281151199871,0
46.90235719552858,12.776427036411336,1093,0.4446136271814485,1893,0,0,4,17,73.63507301830023,0
47.98167605259396,1.848640712909556,1041,0.5336958466677778,1778,0,0,8,19,93.00530117189976,0
51.38019160209023,12.789255279380871,1014,0.4584364170710995,85,0,0,1,21,27.24157464796575,0
111.87574757729435,12.343835493836611,1067,0.4422604801749699,1339,0,0,3,15,67.45125798799671,0
71.46479290308456,19.118410955961046,1048,0.4638545609277306,127,0,0,3,11,38.72807315638559,0
14.872253185776387,5.7847135760622175,1032,0.5876565547371723,1585,0,0,2,16,42.115155178285086,0
-3.3616074671283585,10.092904561653036,1018,0.4979824588543118,378,0,0,2,18,66.28569572843725,0
39.260286967599924,20.628686906713355,1001,0.39774941226647054,1825,0,0,2,26,67.21976661332727,0
87.13448935920385,14.669143948771922,1089,0.29964907394455353,1375,0,0,5,18,53.74403045539693,0
50.45083250861291,16.173564908657283,1054,0.5349203748496053,124,0,0,2,19,77.45363076826743,0
47.5323890098564,21.360174592657387,1094,0.6565232480621227,1784,0,0,4,18,36.5643126243453,0
35.31681672445333,12.984726937507475,1048,0.6261073597788489,1252,0,0,9,22,34.85822006061298,0
51.54982930553239,12.767563197720017,1097,0.4436250035956048,641,0,0,2,22,84.7924552245187,0
56.09707863758093,11.549842929044077,1043,0.3701269617237558,482,0,0,2,23,67.98044435220417,0
16.892320483526873,11.798720276167938,1071,0.5767383980098615,392,0,0,2,10,91.0745548646205,0
59.59895573435489,22.86886848859401,1098,0.5738740561433975,1523,0,0,3,24,46.416876886788,0
50.756326026202466,17.24064525394516,1039,0.4433255727514256,443,1,0,2,24,73.83180184806035,0
34.582981200534704,8.279090034221571,1084,0.37067907522122284,1199,0,0,3,22,-0.4926949253343125,0
65.18722967917779,13.9664931358568,1073,0.46965444596845807,1085,0,0,2,20,67.61472993131243,0
63.15427216429182,6.168149573338374,1029,0.5840382847295673,933,0,0,6,20,33.30352965953693,0
60.03315544545565,22.097710456633347,1056,0.6072045044929151,602,0,0,1,28,58.472154582922734,0
46.78908920136327,18.123433202787396,1090,0.542959415998433,1539,0,0,3,29,39.23519854884863,0
99.30624527361587,8.209843103305698,1087,0.5212429749625074,1023,1,0,8,23,11.841061358355049,0
104.04290297799464,18.638363572720515,1056,0.6306940480157923,1375,0,0,9,16,58.26683925818875,0
-3.190974046206442,22.181704819539192,1061,0.5258331641864107,1918,0,0,8,26,20.768310297533354,0
17.113390253943045,10.757732317329516,1023,0.6483400721355286,119,0,0,3,20,133.73939602730445,0
63.32789934458119,10.474761571754708,1084,0.3866993327394092,827,0,0,1,22,57.56219898504714,0
0.04624111087866822,13.169363720377767,1098,0.5542125535154476,243,0,0,7,22,29.096450146163196,0
58.491594867759616,12.012952251171011,1060,0.4493476936386246,423,0,0,6,24,58.1400078135746,0
198.61755368446651,9.706123509468295,1029,0.9243462362422424,386,0,1,7,3,176.33557819128174,1
62.06804231603894,23.99691451857921,1012,0.417634860482793,1654,0,0,8,21,53.759973165281984,0
31.074607911584337,15.603924780423448,1062,0.5596608160081783,1543,1,0,6,27,50.82513096082725,0
30.387009840535406,16.152218423113254,1016,0.3642541735178817,48,0,0,4,21,44.53918480252379,0
105.56120134441011,21.90916188534473,1084,0.4359452078314734,433,0,0,2,22,52.69168889613368,0
112.54138763693048,1.9745253762289545,1078,0.492762943127503,434,0,0,3,24,69.22403736730051,0
38.43520277262925,8.354136774040395,1013,0.6554084756777534,1107,0,0,8,27,102.64077407428384,0
68.40380497015511,12.783185856690768,1050,0.4559729284650067,1741,0,0,4,20,37.80062821294897,0
70.45230226445426,7.866865659882163,1065,0.6273488327260051,1541,0,0,3,20,64.67431996351687,0
25.44714002173996,18.497486767357582,1076,0.4651323731066347,790,0,0,8,24,66.49073013987802,0
36.4634351916837,5.370541658044958,1094,0.6910674970585502,1122,0,0,1,16,43.46246374018257,0
62.76334592552517,7.774538883857179,1079,0.6770522987910634,47,1,0,2,23,102.77262208033811,0
33.17717279060419,17.409389907814667,1038,0.45705572983619613,272,0,0,7,18,55.468833317593166,0
76.73911060609267,17.924354911106835,1043,0.4383086491645441,1214,0,0,8,14,63.10896432838553,0
49.20782729123219,4.906712809575912,1075,0.2694697095658546,1946,0,0,3,24,50.10743747616486,0
31.517863539910287,9.114966275470927,1019,0.4515244173318962,1976,0,0,3,24,34.95745474627908,0
2.1573212551000296,0.9107935257568993,1091,0.38458996748667973,1869,0,0,3,25,52.80129923216808,0
12.304793171622308,17.665296347586953,1098,0.573693109201348,861,1,0,2,20,45.82949992463334,0
84.97749560765669,17.04411857767203,1048,0.6019497880666493,357,0,0,5,26,69.06492227438578,0
39.72352397426705,4.0693918648832526,1041,0.5646674203191733,1312,0,0,6,22,75.50814273622002,0
39.32077746842502,14.94188376531117,1061,0.45781630140641427,1298,0,0,7,27,73.56025885621267,0
50.02048456872448,17.898031919622646,1088,0.5027873962769991,916,0,0,7,12,43.32843383312216,0
64.77353792024448,20.694521504470544,1063,0.5005049654972028,754,0,0,6,13,77.34615544717659,0
65.89412533745849,10.226403695540645,1069,0.3676870886512562,1831,0,0,6,21,48.53194080071787,0
31.33895583336856,8.512099838647451,1034,0.5926021309785481,254,0,0,2,22,108.56685211784128,0
28.51869691172479,12.621431245895995,1022,0.6004561281325868,1510,0,0,3,15,53.71308511472408,0
47.48846120452364,0.41520294578327555,1047,0.4673330779668246,238,0,0,1,17,63.140519354114566,0
68.70026902024486,23.165463828136577,1031,0.49897795073204204,984,0,0,5,21,40.678406016966846,0
38.598894611319395,0.5473838565029538,1063,0.6859037068067132,346,0,0,8,21,54.57297338253282,0
72.71530463306067,2.690643700522071,1024,0.5199045409858354,1201,0,0,9,28,57.3618249733986,0
26.875435918139317,3.127778725442906,1094,0.6137964612096757,796,0,0,4,18,27.848237475447185,0
32.01080015536389,7.84136839547036,1040,0.39919350591101654,1720,0,0,2,16,76.41871648652845,0
35.60843309701592,16.695065889672595,1028,0.7216197582745264,1020,0,0,8,19,76.38879344548525,0
46.47035205193508,20.82986716174227,1096,0.3338832852570983,800,0,0,7,22,118.49857865721499,0
18.592347496792815,8.396433288729426,1023,0.3608570662666355,1377,0,0,7,25,72.13688768088387,0
47.34880137420812,2.3212760052271095,1039,0.6634070335098323,1094,0,0,3,26,28.976482451783482,0
31.664685439420186,2.8477402730253587,1072,0.5252991675821417,346,0,0,6,18,53.72955490372082,0
86.69249201285976,11.198228962454868,1097,0.43617974142733296,1291,0,0,6,20,33.91381182030415,0
43.59220273384872,7.852277712463629,1053,0.4243696476828622,1553,0,0,5,21,18.938971146178005,0
16.073346940222528,7.978745237943319,1003,0.43996386420462896,1643,0,0,1,18,72.60250419028068,0
87.49131260552956,1.8292414426811572,1024,0.6519688443252238,1789,0,0,9,13,-14.916613247626415,0
70.92760911017598,18.449501472289953,1036,0.29582695294310835,748,0,0,1,22,81.97447585546517,0
94.29621049177688,6.013066182511684,1077,0.40580555049680334,155,0,0,7,14,81.17324918050639,0
33.3467231621495,9.728438727012517,1024,0.5756619085784062,589,0,0,4,17,58.423808027378925,0
48.35317998151141,19.908555972018114,1014,0.4326125704116692,1334,0,0,6,25,76.95203089681794,0
64.20896230434363,14.192222155167402,1024,0.5914523971882024,1479,0,0,5,13,57.72915489239931,0
44.19977150961132,15.567296859318926,1060,0.6022714348703769,319,0,0,6,21,36.52701864097455,0
24.526854470293294,0.5313399106115018,1080,0.21112816463908113,791,0,0,3,26,45.47798252918398,0
83.59063335660144,13.944389669958468,1008,0.5499625905376705,386,0,0,9,13,103.90545468345366,0
55.59362944308283,14.478996254688417,1023,0.5212660550359667,252,0,0,3,24,99.67852154874438,0
38.73099002703393,16.642219250390312,1088,0.48163490282024707,1588,0,0,3,15,8.451914391760944,0
58.84157758706905,11.532752235801798,1051,0.4567875727406648,1712,0,0,6,16,101.63215326108318,0
63.6060290454194,18.215674570643582,1010,0.37904357819050716,428,0,0,6,20,27.171043445390822,0
59.62992691058069,17.377834122969677,1034,0.5069366125498578,200,0,0,2,16,74.39611101416232,0
-25.668337524638517,7.37089667692946,1067,0.42676635717156575,1954,0,0,5,17,104.11042993427407,0
46.55147205524472,4.750794793174804,1070,0.5690242052071282,225,0,0,6,17,11.24774089189274,0
23.36691465384378,21.23984672148062,1068,0.653145606628874,1627,0,0,7,17,45.161348687633485,0
28.799926877805788,9.462504834822735,1065,0.6874596437328293,547,0,0,9,20,65.86958115531182,0
66.12436113819285,10.786482607393092,1015,0.40441994593569736,1458,0,0,4,22,84.43286825741417,0
143.78597279163898,11.821766911043394,1009,0.8632175451957098,1542,0,0,5,6,230.85608838582286,1
58.147365115861206,7.5234069584184375,1031,0.4913754681861204,1658,0,0,9,25,6.766942778321408,0
65.39256260291879,10.507188750594565,1048,0.7466716021549539,1081,0,0,6,15,44.031039165943255,0
80.30823760508048,7.876842012902819,1077,0.44270653818140765,1046,0,0,8,33,99.84853324880466,0
5.528096390126933,3.2724910826581803,1001,0.46732852445681244,770,0,0,5,20,-10.248175658762051,0
75.48753593139853,6.055371378207313,1064,0.2583441342970555,1610,0,0,1,17,107.27816918664878,0
52.62421261042218,7.962660216111533,1025,0.6969532027613854,1952,0,0,1,24,86.0541663360374,0
-36.98541639605446,12.022305705996132,1027,0.6442346884091492,863,0,0,4,18,11.398014653201187,0
-7.275923769317288,4.8712659399404,1068,0.5904426056541231,772,0,0,9,21,12.584621776757409,0
44.53518248426228,1.0768191135023955,1014,0.5350429279079046,405,0,0,5,18,60.002494899105145,0
66.3043813601028,20.274968646949482,1040,0.5946317287540199,1381,0,0,4,23,32.28887920733759,0
54.06286504159871,21.889633437319638,1051,0.6291144147772094,1649,0,0,5,22,12.892768820372055,0
75.40519836407495,12.140180699017417,1009,0.3966929157032527,1041,0,0,2,18,56.67618656595649,0
82.59142133617513,4.541647462782481,1051,0.531773598559897,1861,0,0,8,26,49.355434928610705,0
69.74429108007689,14.322917520346564,1058,0.48456475144974526,1869,0,0,7,15,90.00731308987582,0
24.30954445156388,10.275236273066266,1028,0.24950118920499792,316,1,0,3,16,90.66267229397576,0
55.760127109060306,16.485290846217563,1074,0.4661594621468567,1183,0,0,1,14,99.45262857094988,0
47.636347997591,9.138421731785275,1031,0.5323802988742532,1742,0,0,8,26,80.85141401799216,0
59.15452507624918,11.600415921333198,1035,0.4305276237200661,238,0,0,1,19,97.07057786219562,0
62.5715220426038,14.12658205665253,1031,0.4988536140922523,1073,0,0,5,25,69.66056280163376,0
91.23833802729663,17.4298221241769,1085,0.4665410807711672,70,0,0,1,9,43.14552491105914,0
48.21754456182518,17.92739051248249,1000,0.5461383334918575,1316,1,0,3,28,36.379513920415,0
64.20415697105685,19.15311798808369,1034,0.5575511999952794,1778,0,0,5,24,44.880515867476944,0
102.02125863267858,10.004874800746496,1013,0.38944350027618196,776,0,0,8,21,70.54539273887174,0
223.42098814490546,15.075588228263378,1051,0.9863151026788366,1763,0,1,2,6,104.4830260528842,1
52.83863134008074,13.75952986971653,1051,0.5263762345526759,347,0,0,3,15,60.21323906843415,0
45.65286262755706,2.942861290978523,1040,0.6339985395942922,83,0,0,2,20,61.07678421859418,0
43.64999054206469,22.635913259050543,1003,0.28543209998250874,527,0,0,6,14,33.439433582578275,0
48.82941441867368,5.760922050339595,1091,0.6735566404452671,585,0,0,2,23,57.87877917715975,0
17.28802767671462,2.3341011805327776,1082,0.4675824240976374,392,0,0,1,23,60.31559401087195,0
35.24129285391551,1.5465030132646147,1055,0.40439768302823337,1832,0,0,6,14,66.90531318317045,0
60.00986315860845,12.961577166820124,1004,0.2575205566579484,1770,0,0,2,20,47.62005080521166,0
50.11087015543542,2.7276302714804004,1078,0.3419264146263094,128,0,0,2,20,28.17545703612881,0
60.13872584696355,18.31618525463373,1065,0.2985056143179773,1254,0,0,2,15,85.95993911089144,0
58.693245706892384,8.255054726005621,1070,0.43641454582301353,1964,0,0,4,17,45.738671329011595,0
38.73499879773287,19.839291546504136,1093,0.5414587208506618,816,0,0,7,23,58.09739332545493,0
23.993462453496,10.50503151400174,1034,0.40051064421311133,1653,0,0,8,25,61.956110201456504,0
98.90389894623232,10.82126859516249,1049,0.6902175191520076,750,0,0,5,24,37.127166284741385,0
75.97265582510364,18.202702967996743,1096,0.5341185218491301,405,0,0,6,23,63.051790933783444,0
55.489833489357814,1.0258705565906157,1059,0.49413707698792936,411,0,0,3,24,41.356614872935474,0
31.610501861879314,13.145176996301661,1018,0.44396104772561895,1444,0,0,8,26,60.60997729089401,0
41.823658359145725,7.49020598176997,1015,0.4098093533819639,475,0,0,7,23,61.36785855599454,0
26.60579972787199,15.675258546757803,1085,0.3023369817241336,1433,0,0,1,23,77.24309146509925,0
48.850284929078825,5.905779414643883,1022,0.7020730131725245,606,0,0,2,22,68.96174436910005,0
68.68549797042496,2.657964187932217,1085,0.6066415512897145,163,0,0,6,24,59.723677981742256,0
55.430646761111205,19.169979574848018,1030,0.5427654004967526,57,0,0,5,23,63.09299887632905,0
48.214239318146,22.113542112004712,1002,0.5403007802381811,1949,0,0,6,24,74.4716121317379,0
46.543273023434075,14.193777909573932,1053,0.47430642693221836,40,0,0,7,17,78.29275627731442,0
71.13008629562236,3.4475367617308708,1047,0.6134785945201142,709,0,0,9,19,24.660141051817412,0
32.09083916296653,16.359059960634642,1082,0.5430257476543684,1481,0,0,3,25,41.06929378687145,0
42.23285078887768,13.008849252146836,1002,0.5650928997730459,88,0,0,2,20,87.2716642145671,0
153.16334321074748,17.76852776218825,1028,0.8819389760913425,230,0,0,8,8,182.6287816065189,1
82.57946348525097,3.75922034857245,1065,0.5570706437141982,1738,0,0,6,23,98.16171482977781,0
49.42045087184493,2.932722283901712,1059,0.5356740832098794,310,0,0,3,21,60.3066139849825,0
82.89641354690761,6.431914771088728,1060,0.4245921606064908,1694,0,0,9,25,46.07003780159265,0
51.046638412682256,12.58845462373943,1033,0.5134667939927022,1116,0,0,6,20,45.60555286599795,0
41.63111209004575,17.727889285483805,1000,0.43682830485447194,761,0,0,2,11,21.548817463151593,0
43.58220600946504,7.4581585968853865,1006,0.5821327136360017,117,0,0,3,24,60.63710536084016,0
38.98388197364755,1.8144381334722972,1040,0.5459238191268195,1490,0,0,1,16,44.86954997638003,0
120.13483236164899,1.0639740192547542,1025,0.5346454391494317,1392,0,0,3,21,39.28793073618935,0
-65.09966645378108,9.345925021178495,1068,0.3848503772017678,460,0,0,5,16,80.08021828883454,0
25.333388133007055,18.280197729460404,1040,0.5888665981048945,1590,0,0,2,15,104.90546497146948,0
74.34189663474777,19.4496465806156,1052,0.651950491698736,1501,0,0,4,14,56.84078841501169,0
91.24629257444555,8.354293140188979,1038,0.5001004442814878,434,0,0,6,22,49.56997785195611,0
213.19022948660864,8.31800344717309,1028,0.7397913934877525,211,0,0,8,3,181.7341987212664,1
32.21891531128681,18.110332765387014,1091,0.29205147213625654,1008,0,0,2,17,53.978611326870556,0
63.71972843260296,13.72501719530284,1080,0.6057637634581984,977,0,0,4,27,49.71846188217167,0
14.691136616900955,19.510744846670914,1090,0.5793620165702293,783,0,0,3,14,54.06293981724346,0
69.340694098527,10.467530397977876,1062,0.4757356249798674,1242,0,0,9,21,79.73370682098131,0
67.48212749521593,21.297779375255125,1028,0.6204769564388536,1174,1,0,6,19,46.433728021956824,0
-29.07243217050633,6.21835692917067,1079,0.48641681650740065,484,0,0,7,21,81.77850437580133,0
39.44236046550473,2.124457261513622,1088,0.44191060726788395,721,0,0,8,24,49.22962728096009,0
21.216822898295607,10.257962884505027,1052,0.5506059535031723,1608,0,0,1,16,100.74067343405255,0
85.3525795269116,4.172303947755667,1063,0.7055773609978957,400,0,0,4,13,58.151770695169034,0
87.3403874221036,12.060760422169801,1081,0.5498923965396383,742,0,0,3,10,81.71405962104335,0
22.26602035611337,22.166464031470028,1033,0.557657086253508,1120,0,0,8,23,62.05562689328452,0
112.25782617875797,8.041180102523578,1026,0.3485369979308165,324,0,0,3,18,80.18472786063336,0
30.76756200384934,10.016195358391819,1005,0.6885340751592712,218,0,0,7,26,25.761411600445797,0
49.70465574048851,9.634824182696928,1079,0.555665343602277,1061,0,0,7,23,53.28091553151938,0
115.12828152493441,10.081504069906728,1012,0.5297527013875712,1688,0,0,1,16,102.8340905133912,0
75.18047342694807,15.580542831275835,1076,0.3512319277195839,690,0,0,1,18,75.79489637899576,0
24.756514576129746,4.694615910052618,1095,0.3817911447911351,1585,0,0,2,14,102.41410823234438,0
67.45345311885087,16.9023188836883,1066,0.5274560079155973,1236,0,0,3,17,69.3283379247996,0
43.354602111436286,20.107817278166422,1007,0.6283438683342693,859,0,0,4,12,101.26667395734381,0
5.700283294458401,16.613612991490097,1075,0.6663712756492363,1738,0,0,3,25,86.18883067808942,0
65.65824696850693,2.6333712299308827,1074,0.5331957856128517,1005,0,0,3,29,43.14036180087843,0
-8.562633985675056,7.87853504539563,1071,0.451671458956669,724,0,0,5,18,8.907865999162645,0
24.99205151100781,15.638061654427325,1045,0.3268859350378427,176,0,0,3,19,36.29005108544008,0
70.30982292125162,7.834786602032865,1080,0.6660219517213791,843,0,0,9,28,61.14676441413104,0
62.051351662968244,23.616435604712652,1098,0.5320040368977457,614,0,0,1,15,46.51051532524109,0
40.89121781305997,11.210954224635348,1059,0.3916217630168422,162,0,0,2,19,48.85955197216915,0
201.21923829342447,9.642194307600747,1091,0.8581060949296232,392,0,0,1,6,203.19831406017738,1
45.60557987815516,5.008809987403424,1057,0.3468860773015965,1916,0,0,8,24,65.43717020309133,0
56.89773036253813,18.9688373967621,1039,0.31091120180006104,1580,0,0,7,21,97.37298919401451,0
-45.11277207634167,3.5352322970854324,1021,0.49563477088991076,1139,0,0,1,23,35.978392125563154,0
57.08427229637303,4.889339086332371,1070,0.3695841566836384,690,0,0,6,19,59.86026728411083,0
49.038575175088596,16.408140521748162,1083,0.4220401636886193,1007,0,0,2,19,35.54086485865738,0
70.40690625252887,7.130127676493778,1075,0.43116579116402537,1192,0,0,2,17,48.12207094195382,0
73.28685514172318,16.91963132346194,1044,0.6002972563014333,1029,0,0,3,18,85.08600938119662,0
-10.754277599728212,6.389478871619237,1010,0.5572227544537123,327,0,0,5,24,53.52801277873887,0
23.671479294112846,7.447920171229513,1045,0.369482389434006,550,0,0,7,14,70.1900024962336,0
2.769748468041108,19.19486859504255,1096,0.5704614539398888,1366,0,0,4,28,62.175165212965226,0
22.23726121821238,19.04027586866342,1020,0.4966914398620893,1682,0,0,5,18,51.21565785055483,0
48.661804034509956,10.083073895894834,1042,0.43575599783655405,870,0,0,4,22,56.98094563225451,0
69.15629951802796,20.513390258842456,1077,0.42363980889747177,333,0,0,6,17,92.15440204896765,0
55.70669665534681,12.486134030722251,1047,0.5586876084876238,619,0,0,4,27,116.41094501966458,0
4.913881739528321,13.810582236735968,1072,0.4213179323925873,1348,0,0,8,19,51.19654850357707,0
-6.197203354574562,3.8765741351822705,1047,0.5740852911935181,1297,0,0,5,19,75.05403074832738,0
16.48440614878993,9.099343578542218,1090,0.588282102468336,1577,0,0,8,30,30.190619317676628,0
16.811194627650977,20.241399511897697,1045,0.6024417791676827,1352,0,0,6,21,70.64161664153622,0
23.91010756175917,9.596608683293173,1096,0.5247753399166445,1184,0,0,6,21,36.29686343259469,0
45.25976304263032,6.589744696310319,1004,0.4651647858785165,714,0,0,6,24,90.40707616570069,0
-13.206673438782424,3.3347024626259616,1039,0.6700841058936982,1528,0,0,7,15,83.40251886588607,0
93.30896010406443,8.730865238377369,1055,0.5244562241222537,91,0,0,1,19,80.78668859356846,0
8.985865806192628,8.225769926132301,1090,0.42089026786819866,1422,0,0,9,23,45.15997612296835,0
20.37431112719016,13.394602589196577,1066,0.3512812297130883,231,0,0,1,20,32.70001514332006,0
49.024883208269316,5.38326304379939,1082,0.5922541078136655,662,0,0,7,22,57.42700244312021,0
42.59245017531636,22.312739967970693,1040,0.6200783510967014,1992,1,0,6,22,48.52920486498813,0
33.858567245295845,12.354634128010886,1010,0.4593510973223693,1416,0,0,6,19,55.83720614945093,0
27.81885777622891,12.063584030934773,1089,0.41738712662091354,1568,0,0,2,28,82.6806531076871,0
61.06199441952559,13.044965705533702,1014,0.5552462404479134,738,0,0,1,19,7.185542050543617,0
27.478389965215616,20.282697913707864,1001,0.39511189603093955,1348,0,0,6,14,37.85861251424762,0
151.20624177020918,2.303171993153022,1087,0.7493887280760847,140,0,0,3,12,183.10486845590623,1
40.20392442396287,9.416543051557433,1061,0.42603805447378695,835,0,0,1,19,39.859459704611496,0
127.57925527051687,9.505724494000562,1089,0.42113677803120186,415,0,0,2,15,65.28075784910759,0
32.68313822868287,12.088261762105496,1031,0.5142973473177047,1439,0,0,8,19,29.15396478982808,0
1.510681746902364,0.3699590027617843,1092,0.4791709218234094,603,0,0,3,23,42.090914363492864,0
54.27133737531399,9.517885471477856,1052,0.5465032288177111,293,0,0,5,18,22.17605476652855,0
81.06330249250834,9.482124536559187,1005,0.3368057302574763,170,0,0,5,22,52.36537236099602,0
30.99231453518562,10.454875506478785,1056,0.4199671742890538,818,0,1,3,22,75.67438886979576,0
71.64687515378431,10.15472234389887,1076,0.555394726586853,261,0,0,2,23,37.56420262351636,0
224.11991677327032,21.32886720298278,1058,0.9779720314807535,1980,1,1,1,3,184.83851740370721,1
-13.97786878464509,15.38139995609297,1006,0.5117620731402481,1169,0,0,1,29,55.68070979685983,0
68.76753781025002,2.263778319642533,1025,0.6110371138729555,145,0,0,6,17,22.073689054365012,0
-4.094190287678352,0.041395730636176964,1009,0.5496642593577052,64,0,0,1,17,103.46240295803801,0
102.64382545953094,4.379431946381504,1018,0.5887302170728487,373,0,0,3,17,82.20052466050879,0
-4.248859854985433,7.572942497516512,1039,0.5020155226213772,322,0,0,9,26,19.441742665200742,0
101.93508895301898,8.853944960486881,1000,0.5916546688628886,1795,0,0,7,19,81.19705188964282,0
38.79894724990747,2.5177052723834716,1056,0.7700403320387308,1986,0,0,4,18,51.030191255356215,0
48.92521882670145,15.734254829876141,1048,0.6567323692698477,238,0,0,9,21,27.003820031925528,0
38.14149355951458,8.497580683046008,1025,0.4320460670570544,1673,0,0,6,15,32.21885522147025,0
65.05055135506365,13.31621256891859,1092,0.4332124148703438,799,0,0,8,25,36.22032294070623,0
-13.719784543769066,4.563692709902652,1009,0.4445053219484922,992,0,0,5,25,101.12341667776819,0
15.60963820943936,2.4377314474718705,1009,0.5879329026548271,1148,0,0,1,21,48.128101209710465,0
43.892589196929144,21.032450712652597,1082,0.35411903285076163,1342,0,0,6,20,72.44466450485754,0
19.24342742787701,2.99769372778087,1041,0.46348422397492783,518,0,1,5,20,29.374373285149915,0
38.23962080242611,12.34097218745487,1041,0.6212516708076783,538,0,0,6,21,22.09251052130204,0
77.37860967621322,4.912600190922969,1035,0.42003407454135316,334,0,0,2,15,42.53274941245043,0
86.0579500861863,10.29429741640602,1024,0.506244422100913,1254,0,0,1,25,72.83420227062746,0
67.74326455255564,1.7654646954651891,1056,0.4798822842596647,1663,0,1,1,21,55.56645575678172,0
85.71938824359023,14.218690578969943,1002,0.5202651676288358,1998,0,0,1,19,77.90912812242505,0
253.13654801069663,17.491805786374943,1028,0.8918898272617461,1962,0,1,1,2,196.72628743897943,1
1.8588497060656337,14.012094252055793,1089,0.5364370543058626,643,0,0,1,20,8.542636004341013,0
24.633434709361588,8.993568322874914,1021,0.6355564225894034,1257,0,0,7,19,29.00204318686004,0
27.5175203912908,22.492549173020507,1095,0.4921263144132753,1669,0,0,6,13,77.55941807575219,0
79.94030329578956,13.39863658569398,1030,0.5003373547830662,274,0,0,8,19,44.86920142885544,0
62.24407738335069,3.796077369826226,1062,0.4576959455840208,1553,0,0,3,21,80.50205553697648,0
25.906674981400563,7.528743313677662,1024,0.3975133359812422,465,0,0,2,19,71.85152580386864,0
76.32086871727014,5.159813366121389,1073,0.49230479852884934,1670,0,0,6,20,45.56637183656617,0
16.854116208124395,9.770039347569238,1041,0.4812157505571599,1439,0,0,1,21,105.78612595483418,0
-0.7739388914445797,1.0144558616624293,1071,0.5232013500903288,1140,1,0,5,26,114.28897813072302,0
3.3231306138911805,6.877137565291609,1026,0.5338942925679655,614,0,0,9,17,51.8554777683124,0
65.46884265331869,19.227734335227773,1090,0.5479813733249778,329,0,0,6,36,28.367055495711092,0
1.8066103922728232,13.7864101751126,1032,0.34957293420508784,1688,0,0,8,23,110.47383884670715,0
68.30648508767668,19.875004604565625,1081,0.47149101710412833,1647,0,0,3,29,29.42873502020383,0
97.94965422923099,1.958199129286247,1012,0.5065794607967977,717,0,0,5,22,-24.69694825101361,0
77.20361818797195,22.283247657483763,1057,0.48697514787651375,282,0,0,2,19,72.66947221339099,0
73.5555524693113,11.850930486153795,1067,0.6416958261953776,1909,0,0,1,22,52.67828711562032,0
71.63406087636744,16.98092375075217,1085,0.45402319643123873,1166,0,0,6,24,36.80468796878424,0
48.475976341414,11.576673995153747,1018,0.4344427771561868,1801,0,0,2,20,33.231550459764875,0
86.87644352891152,19.16827454178317,1024,0.3558529255612426,1286,0,0,3,18,84.51421688101097,0
78.08168503808048,2.595590352318303,1091,0.5224697834709784,1760,0,0,9,16,65.14258111616854,0
70.85495744990422,4.472765542332414,1071,0.5940092860829773,590,0,0,4,16,76.91765509812937,0
77.69134481680285,11.733441194909755,1087,0.54870565648768,1734,0,0,7,23,76.23389641238181,0
18.046590107738822,6.533940872891311,1047,0.5459151679996692,1238,0,0,9,14,63.13020253406753,0
20.363799772977526,3.439103794342426,1089,0.36789441364682496,1808,0,0,8,21,65.43890739101882,0
52.30465673180766,22.265574714792095,1051,0.5428406092598216,1520,0,0,8,17,63.83966659750052,0
42.56742745280872,22.882247601619518,1087,0.6855683737825131,1766,0,0,2,23,54.41159558643311,0
97.68569108311587,12.033306432117218,1000,0.5095333821324616,816,0,0,7,17,85.1150750364612,0
91.72917074004202,6.633104287581587,1059,0.373540362405565,1032,0,0,2,23,55.98148708487431,0
-1.1435771737034344,20.71934800747075,1025,0.23924004887147415,1938,0,0,5,30,51.85433992245109,0
84.38082725040245,12.234472163977177,1037,0.5733400744873186,691,0,0,3,20,93.21834117234546,0
67.50632909035663,23.75334937119135,1061,0.387671581493394,145,0,0,6,21,54.3206566099621,0
10.329576959501132,19.899633675723678,1057,0.5758643034134987,1341,0,0,4,15,75.96009507964501,0
29.95728639070854,22.73344865632106,1015,0.6045259340637417,1244,0,0,1,31,43.84732782581214,0
18.305087881242198,13.27591871211336,1077,0.5176504574262344,600,0,0,7,17,59.98577377080155,0
32.17367382855,23.20932967747944,1016,0.4518785810137524,722,0,0,1,24,68.34153495797413,0
11.72952020012805,21.169305702690444,1054,0.5566901417885134,1723,1,0,8,24,85.40550895131997,0
63.700640321911976,8.431573086076213,1039,0.3580576344090888,908,0,0,4,17,29.040985953687407,0
82.28021415795794,10.596161838940105,1020,0.4470066182581178,1458,0,0,1,16,50.000499013805836,0
73.12250628856361,13.335234172919275,1040,0.4250111699740912,1339,0,0,3,15,40.03941727826195,0
115.57191850167723,15.479574289275403,1074,0.6661221879340464,1260,0,0,5,25,81.20930651311141,0
49.33895407987189,7.8155158124988775,1004,0.6481658177805273,275,0,0,8,20,57.24772207525676,0
46.15209558548508,4.476014001715294,1064,0.6453189224917419,802,0,0,3,18,49.66570946904694,0
-9.425094127679024,11.904835425750344,1070,0.44953984102230155,299,0,0,8,24,108.55307991134583,0
62.25958434442013,13.92104532715436,1099,0.497646783893565,1542,0,0,7,19,31.81876498476891,0
49.932856505774566,3.866021926010677,1027,0.386839127099945,771,0,0,7,17,31.044706607651843,0
54.48090446813567,18.68324015796444,1046,0.8809165107217942,929,0,0,9,21,85.60068231380545,0
81.5014712466028,3.65424312268504,1039,0.5084135574897722,1379,0,0,6,17,67.04573806574085,0
-5.086161193098896,9.911809444629302,1050,0.5467631275282686,266,0,0,9,24,108.5294171667932,0
67.12837083811618,13.454353696986693,1088,0.5139798688914512,115,0,0,5,15,23.815948460238516,0
27.159341905731782,16.005486500888214,1048,0.6086579583052957,359,0,0,3,23,86.00177217515939,0
96.47060454485562,1.4873041675058465,1086,0.5343349785242428,1114,1,0,1,18,21.84726247972072,0
16.035525778519798,17.90200651196535,1000,0.5055991859820232,1357,0,0,6,18,21.08875968782744,0
17.730485492753374,8.17774453706431,1066,0.7604410032290612,1875,0,0,8,25,41.70693605114855,0
50.091803502157184,0.4567740862257219,1041,0.56263299478787,930,0,0,5,23,54.1316979575557,0
40.95260576626685,15.13023515312777,1083,0.40331512571092026,701,0,0,9,17,62.18754297971308,0
28.77343144117681,23.531079242635936,1053,0.4046320529145533,655,0,0,8,21,54.430088790242294,0
-1.6677080187255768,0.8002487486150018,1093,0.5889342883979984,274,0,0,1,20,46.04979725476947,0
72.23221342046858,4.63292979105066,1015,0.6461624742233126,1002,0,0,5,16,19.855216799098613,0
71.27011272765537,4.443961089988862,1098,0.4531971988231514,914,0,0,3,24,1.514666856019602,0
55.988312552083485,8.87050314273035,1026,0.5914361211877972,754,0,0,4,15,25.895150006518847,0
24.42839701777689,4.065579015182575,1001,0.31115624518719953,83,0,0,4,22,38.68429520571806,0
56.82379803812388,9.257575869595998,1020,0.48609586854312054,1261,0,0,2,20,62.36288417964382,0
64.67535051913381,3.208864370632079,1056,0.45356191993281014,674,0,0,6,22,42.35767009038853,0
93.39689873754102,1.3956726717564027,1040,0.6745232155901104,1231,0,0,1,14,47.1847703106134,0
-2.5292672321568404,0.528386776010846,1039,0.5968034413534048,1942,0,0,1,19,45.898081306204844,0
69.63293081316863,12.699914422935898,1073,0.4486281329470327,1998,0,0,6,23,77.96751250404947,0
-16.91404057373377,23.85388771756277,1023,0.4520963082217626,1467,0,0,2,23,42.666090720489095,0
17.971387118522166,8.459410598296786,1066,0.54407281099441,747,0,0,1,14,39.94333693575233,0
26.38891163200103,23.3110778873505,1076,0.5348280285566769,1785,0,1,9,10,51.49692858832677,0
9.065874391481572,12.604945666970124,1010,0.42540525311798916,1186,0,0,1,31,33.016519699420705,0
78.82796535824784,5.23195930532243,1092,0.577504011179047,873,0,0,1,36,60.28344835547084,0
81.68303755009967,5.9691763674927,1086,0.5153329715293564,458,0,0,9,21,58.68146699991567,0
78.28365542420227,2.8965232283097704,1012,0.42981044447974637,451,1,0,3,18,104.81912973962051,0
35.99723564145678,16.378810084569604,1007,0.7815009632562306,1941,0,0,3,21,14.511267734616354,0
36.028107392892295,22.91735304022219,1050,0.48325041265876245,919,0,0,2,17,60.44865086756322,0
11.900042078183724,5.335637021141431,1047,0.7033759411621163,869,0,0,5,17,49.17041568053813,0
47.049811196157506,4.761617501897193,1068,0.589218864675995,515,0,0,9,13,103.69611623880195,0
70.44078531328844,21.376286294531297,1001,0.38481766726937466,359,0,0,8,22,32.58242661871245,0
40.55927513635723,16.01423150357638,1001,0.48022306451393476,631,0,0,5,28,19.273792097674416,0
74.87971317748587,22.95620990963388,1075,0.47758525938540664,516,0,0,1,19,49.03006124195707,0
122.35030026735264,7.3769452608970765,1099,0.4212236095361937,1744,0,0,5,16,42.312940518783876,0
39.0454216040536,13.721031647003155,1039,0.40060681153106714,304,0,0,8,19,48.31719949851558,0
58.741369544478374,10.9244490728252,1006,0.4038223132244535,1002,0,0,8,20,34.55073769811615,0
114.44890591360877,19.332644697720802,1096,0.35284715326173133,1915,0,0,6,22,36.15785486355017,0
69.88643806002239,17.371085524194854,1055,0.40264900320049535,1497,0,0,6,21,103.43771740529732,0
15.29010633006908,11.742540479426015,1079,0.6031869873791996,464,0,0,6,20,89.26619186595602,0
22.70949749054499,9.411235898466604,1096,0.6115416840943418,830,0,0,2,17,46.108947226069695,0
53.21687865257458,4.764688569249938,1029,0.48023806384367834,1411,0,0,2,17,54.99392473052167,0
70.37881459947047,16.94405782961259,1092,0.49014547861055335,1981,0,0,2,31,41.46122190599419,0
57.35342853117854,10.769778020340148,1006,0.5042650926703796,192,0,0,8,22,73.31351757031781,0
64.90620771522791,23.41996535478497,1074,0.5361066191487384,764,0,0,9,19,44.44443967925215,0
44.69677510652654,19.63463483386002,1003,0.6942397262832909,448,0,0,4,12,108.96327824276808,0
34.09227144882678,13.116329008828885,1011,0.3219332918275387,1640,0,0,7,16,51.551002868577555,0
78.3973101072016,15.157874627498078,1096,0.41377248378082465,801,0,0,3,25,44.7464875506424,0
22.00196122780412,6.06801079596387,1074,0.7072550780009776,1808,0,0,7,20,26.542678437879992,0
58.43027750845419,10.357302958874575,1092,0.4969832644524314,863,0,0,1,20,62.820021247807134,0
163.56400153780632,22.013308224972644,1031,0.7921186162535125,1571,0,0,7,7,175.8891772878352,1
50.960124471972996,7.50013096764486,1020,0.3969216871056425,1466,0,0,2,31,59.894217590457785,0
91.98066309758006,20.87422198962452,1010,0.37406425081310474,829,0,0,7,17,45.487697817279816,0
71.39798752389628,5.62365859315263,1070,0.42600271588368926,142,0,0,6,28,87.04008683752656,0
125.3466965475327,20.039377760757368,1054,0.36706516331745875,315,0,0,3,23,60.31813591344899,0
98.88926393338396,14.718873451995115,1088,0.4104979855237101,752,0,0,7,26,34.0241891198908,0
34.856752363153475,9.390644529766693,1057,0.5757781823128548,316,0,0,8,22,48.7379248592951,0
73.28083741530426,20.231337649165518,1060,0.47726362037168407,1655,0,0,5,20,50.59208326684355,0
35.7462416466619,19.08907947192863,1097,0.4522625201758317,1194,0,0,9,15,90.60882343292717,0
100.61424905217694,23.907523942400122,1019,0.4186666780164524,1917,0,0,6,25,60.94734123307902,0
37.462713627023284,17.498478806277028,1033,0.43919773638110554,466,0,0,7,25,62.990874671250836,0
85.45673278879885,2.3254118679400344,1004,0.5610423756218696,756,0,0,3,21,84.26913371437222,0
66.844178894784,0.46870272712605665,1022,0.637415840687162,1625,0,0,8,28,59.19490731188863,0
19.22395682091571,11.08474701600407,1020,0.47722325704539603,851,0,1,8,13,36.08822045832337,0
30.48030135991415,14.243428796503313,1064,0.44241696933415015,1120,0,0,7,19,70.19085531258159,0
39.70382219470887,11.216608430854057,1007,0.41943935618526984,56,0,1,1,23,74.67795270733995,0
42.77827088032848,16.46859601163045,1061,0.5158461571937992,551,0,0,3,12,37.17636887410089,0
104.97683721068037,16.405939999793034,1056,0.48637916936393194,1837,0,0,5,15,76.63263155830941,0
7.746161109093208,13.556380103989786,1080,0.6558600044033457,1179,0,0,3,20,46.796525470921964,0
56.04958715387764,12.209766946323406,1008,0.7229798509541813,155,0,0,6,23,58.725290071151484,0
17.723185138272214,4.010996676451184,1046,0.4283155428304739,1089,0,0,5,27,70.42283168666877,0
-24.634259696052382,21.174746281089195,1018,0.3844339145442923,429,0,0,3,19,89.60486310150704,0
76.55768962597881,22.042840126250933,1007,0.49861849344266523,470,0,0,1,13,19.488158266537674,0
47.08066547895226,5.0428244695766065,1055,0.4838570886069797,1916,0,0,9,18,81.97854826489917,0
98.24201741518186,7.21068910920054,1072,0.4092164274776819,1435,0,0,6,19,71.01979452342322,0
25.293950881224518,21.723212996260457,1078,0.3655465698307352,894,0,0,8,16,82.27795175060639,0
9.291932909012743,9.09003476257617,1057,0.3880660897378982,979,0,0,2,17,11.67390539281756,0
95.10194905301452,2.9173591084384576,1082,0.4397306739468424,1037,0,0,9,17,103.89807257688616,0
66.09167656542729,3.8124498278317445,1048,0.49548843237133416,1186,0,0,7,15,74.0138086190338,0
253.66326909122256,14.497823393900047,1085,0.9075544703756749,1895,1,0,4,3,182.9107545037125,1
41.00911830007057,16.04072033485061,1072,0.634483074006181,1162,0,0,8,16,62.13850663984709,0
9.643709875741926,17.319805187619778,1028,0.39648915920592204,586,0,0,5,15,77.3237323057411,0
48.789982693578686,21.756735170867746,1081,0.7144147900007987,364,0,0,2,19,49.66506737665586,0
55.3974310863925,23.359369908009036,1069,0.5074470458719464,1088,0,0,9,23,22.728653215095036,0
56.71742402193984,20.282575176129892,1033,0.6661022907512157,1316,0,0,5,27,25.36317973294841,0
77.68932695421293,17.715510827217354,1082,0.2362889308798728,434,0,0,4,19,39.15859219268586,0
70.10149015446572,19.750807680533185,1045,0.5074251958148502,1338,0,1,9,15,53.17111707945637,0
24.877828240535262,12.614279755880965,1017,0.5257075995519465,1685,0,0,7,16,58.07476259355146,0
-10.30649963698189,15.45694254063384,1061,0.5900992451601283,1540,0,0,6,23,71.30866251864285,0
60.790425430589636,16.641528630540833,1026,0.6415306061602521,714,0,0,2,17,72.13841556186628,0
59.695564473746174,16.898936501578433,1024,0.45430326244555824,1643,0,0,1,21,25.22689441479264,0
65.21822093321893,2.4792114675187173,1069,0.5680196554420481,1013,0,0,6,22,30.152868827501447,0
84.01310290601194,15.138119952978423,1067,0.601293415689972,1055,0,0,1,29,29.09191830317146,0
40.057058861554914,2.581888865132705,1074,0.5996675003771725,1938,0,0,6,19,84.5885038020227,0
48.759883855724894,3.1116096117870873,1070,0.31551085601413736,1444,0,0,7,16,75.88180798157038,0
14.2725048207882,6.031511009410648,1008,0.6816402121330112,88,0,0,9,15,90.20370069785021,0
30.174972925695627,5.801129570191631,1052,0.43443268556649467,1177,0,0,5,13,39.49827560019398,0
-5.737043541948616,19.664307569322503,1086,0.5699307897561747,872,0,0,6,19,48.841049711213685,0
46.00990508209809,20.39525425925649,1009,0.5448752374582801,1255,0,0,2,20,33.59669953793779,0
38.086540052964416,21.55847159121226,1071,0.4431379912042628,1202,1,0,2,16,60.787616448544554,0
53.7937765718207,12.489413423831095,1047,0.44681429559657154,1787,0,0,5,25,55.30886261354017,0
68.9367307091535,20.408594525748878,1036,0.4026357607495683,1118,1,0,3,18,44.07139822919905,0
88.2332068354671,15.08714917365343,1091,0.44885738588320917,1807,0,0,8,12,36.41556249180498,0
88.06141683729712,2.3234893582834353,1089,0.706021662142509,89,0,0,5,27,115.47085799726898,0
85.80835265517764,1.3806428091516993,1004,0.4266447687452362,349,0,0,3,22,41.806596064982536,0
98.85189869385614,16.506552853091556,1001,0.6123563965828864,161,0,0,1,21,74.11990326986705,0
92.67109585095523,7.375047437815035,1085,0.5896857164238308,1760,0,0,6,19,54.074419093134544,0
62.445965010857314,7.166130150919023,1081,0.4806080953424427,160,0,0,5,25,102.07438114274872,0
85.79338837553084,17.163953628922503,1005,0.5137879276999143,163,0,0,7,20,85.61904789079178,0
116.31569004774053,13.439139531500237,1098,0.4545657080816587,1226,0,0,5,22,21.30240206060116,0
10.53676078850463,18.661800648937206,1048,0.4064029218863527,1801,0,0,6,18,82.40852967640349,0
46.25339343949798,2.9798444771474593,1018,0.4709103271844526,1487,0,0,8,19,66.73319415446063,0
43.74595368378776,5.579256965202322,1001,0.6762225994386086,1826,0,0,2,12,95.19299285804962,0
66.30800463783297,14.801095938411237,1031,0.6824189417116552,997,1,0,7,21,57.756276528296475,0
45.2648747047922,17.384566435916057,1011,0.2259256831169758,751,0,0,9,27,81.08027566944259,0
69.8639202356314,21.04865451027929,1042,0.6022432302436312,737,0,0,3,23,43.70517398601044,0
48.795261480669694,5.547368208236344,1048,0.43820801012682065,1981,0,0,9,26,62.7366620981666,0
67.11521625063548,11.56050644787691,1060,0.5204439795693379,783,0,0,9,16,43.51501823851024,0
52.939494604126864,20.55802666145898,1064,0.5156739776628516,1729,0,0,7,20,61.37535506022478,0
79.65826380497523,21.22172988203174,1026,0.5329790046979545,451,1,0,7,18,35.266181534944934,0
86.3929309993755,5.435152600257478,1006,0.5144184449050515,75,0,0,8,22,82.52971265848475,0
56.71652072837394,20.150987900677457,1091,0.6150155522809051,1145,0,0,2,28,58.81228571617329,0
40.83102672779613,6.814038982041337,1014,0.6743854260111777,1533,0,0,2,20,66.08211525748449,0
52.10156489339544,7.456884565397782,1022,0.6109772381358948,668,0,0,7,11,58.791154677098554,0
63.79916428817349,14.136934574600172,1071,0.49922114899017733,1767,0,0,7,18,46.011133582204664,0
11.201811263865089,6.640078612297966,1052,0.3909118629909317,1713,0,0,6,16,62.04853006270404,0
56.730189703342475,23.155755011333948,1058,0.5614103732726631,1959,0,0,6,16,92.25918868416139,0
74.6705141268726,18.717978698529837,1090,0.5861006512449958,698,0,0,7,12,62.54318233487906,0
131.28307467192104,17.882772814523342,1075,0.6527543863901968,1472,1,1,3,7,172.64292218759508,1
39.10605059548766,13.588586097537764,1080,0.514329422440711,1468,0,0,3,18,85.12482868904722,0
79.25937375433936,14.259824589111634,1039,0.567570608057338,511,0,0,8,23,71.2822016695794,0
118.44955509616528,13.111429713103178,1081,0.37966238436690575,526,0,0,6,16,-3.7283190126837766,0
28.45805649145207,22.93154147473992,1038,0.43391277052710026,1320,0,0,5,26,51.50047125313564,0
59.67513980869714,9.418676260246198,1012,0.49708117264526047,1083,0,0,5,13,100.33636396809256,0
-16.33405927023655,1.0371287891999597,1057,0.55101821577653,1211,0,0,8,19,86.24575414261241,0
11.921266842706878,12.153520911659019,1078,0.4753930032089257,1530,0,0,8,16,75.37772403742609,0
36.998312999415404,5.257603724630387,1040,0.29842839275828204,1466,0,0,5,22,46.898674125364565,0
64.89903844939685,10.819665875008221,1031,0.6624587782439135,722,0,0,7,22,42.58065421365055,0
77.30647350994236,8.634323080721435,1091,0.3869156855977467,453,0,0,3,14,73.56593924779284,0
43.23945544867401,22.409943245993567,1037,0.37348584650259,1982,0,0,3,17,96.28625338427833,0
82.44542258899224,16.618691549797127,1011,0.4632475132199099,1309,0,0,6,30,102.52460115334137,0
36.56115984650074,15.109417343883516,1018,0.6394748285605892,1086,0,0,9,13,62.89762352442578,0
53.92221731858274,19.535615389759407,1018,0.395823154302613,219,0,0,5,25,53.75483530708673,0
82.82574555412845,13.901280845461388,1034,0.4290697885139119,1709,0,0,5,17,30.437404057022086,0
54.21079609544141,20.264005180784103,1078,0.5836522259010579,1596,0,0,1,15,55.72888105392063,0
37.64529893109028,0.8964392355795079,1073,0.6400431101799684,1303,0,0,8,12,34.23139776055868,0
31.13989258907419,9.237107061223563,1058,0.37450608710672195,1244,0,0,3,19,58.81143992992825,0
21.408786099054506,11.030783900926796,1032,0.4856438539137602,1705,0,0,1,24,56.981201202563454,0
28.66090319151562,23.324329302738924,1087,0.5420963942489498,726,0,0,2,18,39.039620990577845,0
8.747443004987453,17.197177632559004,1042,0.3312010153911256,796,0,0,3,23,96.67667116874058,0
44.07138596612103,9.629519990680603,1082,0.5671101109593609,809,0,0,1,15,25.399923180502952,0
56.81103436594667,9.322486525261779,1007,0.4920007895216755,811,0,0,6,13,52.56174458036228,0
19.934376326555817,5.747154708827202,1003,0.33691328458330283,429,0,0,6,19,59.63061606627701,0
10.019646769243892,2.8582639244821193,1019,0.6745293831234489,720,0,0,8,19,21.82008980756276,0
0.30130376966678796,11.05221983779629,1048,0.6107998346807954,1576,0,0,9,18,37.75033248193539,0
12.065047791351034,10.855540194323462,1015,0.48840777021492804,1030,0,0,9,20,55.86385562374013,0
10.281467473413116,23.582639793713867,1042,0.43610269317657085,1630,0,0,1,13,16.91501789601358,0
43.7187316006426,1.7263956355527794,1042,0.3684724660717894,809,0,0,7,19,27.47446312359896,0
69.98937502727635,12.982075518895169,1062,0.5858755539392909,1554,0,0,3,20,36.516766327678155,0
89.30575724242692,0.5229347942941329,1004,0.4626129176625906,405,0,0,5,27,48.41875037046931,0
-7.398407339733936,7.960566040161255,1077,0.6331206266181086,1592,0,0,1,23,75.1706558284382,0
55.42613334447297,17.305562575269295,1019,0.6447215654360533,1377,0,0,8,15,21.154902605609387,0
82.66245859112558,21.56863329125186,1025,0.4839717485597703,150,0,0,5,26,46.11300540727948,0
96.01183129749498,22.22595232288605,1046,0.5002304673123394,1306,0,0,7,16,45.918852381773284,0
1.4985987515595696,14.769736258266498,1069,0.5575258904923235,557,0,0,6,19,44.537473157598285,0
114.5954737253467,16.176628299027186,1009,0.5295480619993507,393,0,0,1,18,34.585965085220764,0
56.059970322719636,6.522690580999232,1060,0.5392135062421008,805,0,0,7,22,93.60723600923944,0
22.685398894054362,11.784923276114942,1001,0.49154252849133423,574,0,0,5,18,56.60142504109267,0
-4.146463019935574,2.0488507038375667,1002,0.6049407470615394,610,0,0,6,17,51.697403543462464,0
33.836290862698675,23.907618972723277,1069,0.5161175500332347,499,0,0,7,19,56.227787019426124,0
68.12362668765553,13.074710768882392,1020,0.49476143549803103,1621,0,0,3,16,25.813166940446393,0
83.37902915609905,14.29318272974048,1041,0.5329126084801692,1897,1,0,8,15,50.68137491807208,0
84.06860441548832,0.32171554204778463,1063,0.6419876134798466,1557,0,0,5,18,83.38630452275024,0
22.870501246867743,7.015908380223203,1019,0.4500393155568518,926,0,0,9,25,59.526172562681,0
80.37912228932215,22.673017219809893,1081,0.42933019632702757,167,0,0,2,18,42.96955061275207,0
18.616367448124873,19.957087952227116,1011,0.5599970043467105,1304,0,0,5,17,12.678881148301315,0
39.04035346063674,15.664536944182217,1076,0.6208744413567084,1605,0,0,8,11,87.48170984666847,0
75.94473315473034,16.017566989459382,1045,0.3536730116183009,485,0,0,1,21,84.86762838216876,0
94.14755247709681,3.366435879250285,1033,0.46615115292936316,251,0,0,8,27,86.23615959475913,0
67.33935570918672,7.789832055104817,1060,0.6700022699550676,1144,0,0,9,21,115.78143322479752,0
-15.180086380421088,7.566732314494142,1000,0.44795532008101663,810,0,0,5,16,38.853056095547174,0
81.40138141327292,4.075080118456304,1080,0.47370011601348416,1294,1,0,4,21,30.803400380207616,0
83.51887494764384,18.33733415645852,1085,0.32197965787254523,815,0,0,7,20,34.24510530353699,0
73.3081010879455,15.744349910196153,1015,0.4120613856972248,826,0,0,9,16,90.22131765405308,0
33.1817708945807,0.23199040056437603,1048,0.6105040888832469,332,0,0,4,18,70.22181913558711,0
87.08392165418653,9.376861216514623,1042,0.6387951314524478,1173,0,0,4,18,56.50996461458652,0
25.575402302071893,4.845651681598541,1091,0.4660547284010025,251,0,0,6,22,60.28881456290622,0
14.260895083920545,18.15825441633912,1035,0.5435755000181598,166,0,0,9,14,41.25881115073675,0
73.30795077064487,16.07516946659077,1052,0.531484787147254,759,0,0,5,25,102.8797756230835,0
75.72978869606058,4.278595399728979,1064,0.6249007274124381,640,0,0,9,21,39.57863816235383,0
9.902944990552399,17.599551870381745,1086,0.533332547412452,1338,0,0,9,14,48.54912719447715,0
31.057923333003252,4.598278792426153,1058,0.6680906006263178,1038,0,0,6,17,117.23917598026722,0
28.43502837173809,17.275927481998888,1093,0.6094493352525443,850,0,0,4,21,70.11436877831193,0
69.11974049069218,17.943470702322553,1034,0.41788296546957016,1886,0,0,7,22,36.79069799772492,0
33.59423176278824,0.0984348103240098,1096,0.555493076804426,353,0,0,8,11,73.83898265735903,0
49.17847038788768,2.968603969617101,1068,0.4536726770903742,732,0,0,4,21,48.738852821362656,0
12.263955322733366,22.70816891511229,1009,0.528279452611945,796,0,0,3,12,31.667612389332604,0
-1.4712495591438852,17.022290250708004,1002,0.47731781663890915,1460,0,0,9,14,80.2179158179903,0
88.32994687365274,5.227178762794118,1028,0.453030509568048,1166,0,0,1,13,96.22459864506679,0
42.031863191416846,16.670934898571435,1062,0.4791988248051085,1558,0,0,3,25,64.15803169830049,0
38.92168582261391,21.50003224056389,1004,0.3944369851085247,73,0,0,4,24,42.26830302245263,0
41.41987334359668,10.956282161322966,1047,0.43827427642450545,104,0,0,9,16,38.410057502306685,0
225.21978003971986,5.4536745827616375,1074,0.9651064977010656,1795,1,0,4,7,164.50090462641677,1
91.53596142781718,15.891056372501971,1054,0.4819631425488954,1035,0,0,8,14,25.8762066622457,0
46.2880195970073,2.914622777481,1018,0.3761911398874484,1241,0,0,7,22,35.80165360794173,0
46.66321815953899,11.771481772993614,1053,0.46233733721481846,713,0,0,2,21,63.11581316231269,0
49.358981169546915,23.038477723173223,1023,0.6481672227397792,977,0,0,2,24,101.3919758645082,0
28.270923973769996,16.807334215547428,1013,0.5844497235083246,706,0,0,4,25,68.78608184654533,0
56.95526276404544,3.8629316989615,1042,0.37819834695008636,550,0,0,5,17,62.251186756113285,0
74.30780133126001,19.533986557586026,1013,0.4317614031405024,1127,0,0,1,19,71.62825930049465,0
69.33555474935875,18.86804211478491,1073,0.39439015025189705,725,0,0,6,17,42.83635948974715,0
53.667290136411985,21.989971278783237,1054,0.44391020268886666,987,0,0,7,17,23.111642864341263,0
32.69686008295002,4.0771890038597975,1040,0.45133820384206014,855,0,0,9,22,67.72457930647928,0
91.46476973112581,21.3021357772526,1002,0.6382717432688754,685,0,0,3,15,68.2363704923373,0
43.22671098540393,0.14610074341416013,1096,0.5950286236892509,528,0,0,5,25,61.379590598644384,0
25.49192987038292,10.737115743313618,1091,0.5370828874583584,202,0,0,7,18,53.491513247476874,0
65.41357852736627,0.6925899200669887,1045,0.5612017566546974,1921,1,0,2,15,91.38160345042382,0
33.39052083958454,13.271414064418554,1055,0.5941301634256462,205,0,0,4,25,63.39137397761156,0
66.938177776808,11.239783376845324,1067,0.5130149108454973,1008,0,0,1,23,32.07522764852488,0
42.903878498943946,21.134851971880565,1017,0.4420918996034487,1172,0,0,8,18,65.58098295489478,0
54.17181195960253,17.168477100004935,1002,0.33973260934980776,1214,0,0,6,24,25.4380039978795,0
56.55602127232837,23.287049585970056,1057,0.5075140928756958,1246,0,0,2,17,54.181642048011284,0
100.53574503810356,16.967927127130036,1064,0.5872071319575151,1044,0,0,5,17,85.88495521393601,0
85.03346184979422,1.4987845360027627,1036,0.5419009656370951,1519,1,0,7,20,55.556820868792876,0
62.96788851902467,3.699745191008195,1062,0.47050523348969436,1328,0,0,9,18,108.67973224943542,0
126.81508878067052,15.468603256088645,1078,0.3522565946218022,1853,0,0,7,27,62.237191677542995,0
35.71337379366023,1.9323974061962845,1089,0.4812389607693649,1157,0,0,3,12,77.9218027579293,0
22.4184622524073,8.733129447045199,1040,0.5009560253751303,937,0,0,2,13,53.378754017701915,0
19.636868742194974,19.70047931267192,1075,0.36549912443845,1482,0,0,9,16,44.824555004785424,0
86.63884837055444,13.157181855718093,1066,0.4735414635659209,1349,0,0,9,19,42.469153927496365,0
94.8671520944728,4.786292599294962,1038,0.6987247318694452,1496,0,0,7,19,57.13014144234018,0
58.51733176209143,3.093721293159298,1088,0.5145062109187075,439,0,0,3,29,71.49853059406595,0
62.12152570443615,4.536409616029302,1031,0.45185377080565114,1033,0,0,5,17,40.78655432828879,0
54.709188829053026,15.32460110859995,1086,0.6011544712131108,600,0,0,3,22,86.02735634164115,0
20.764120859880755,11.212179200458717,1058,0.4406725634113343,791,0,0,1,27,44.79401989678169,0
65.39802299340069,12.392155652119838,1011,0.42487898465767904,597,0,0,1,13,25.00667136533348,0
40.728012897852196,17.042498270227952,1010,0.4280743293582809,218,0,0,4,12,113.83926230806075,0
19.933489432198257,17.92568772853256,1024,0.5559611952845793,167,0,0,9,21,79.8039275654368,0
55.59827369469075,1.0643246868864278,1014,0.6222182116505154,1872,0,0,5,18,76.95226662182708,0
41.89197186908333,22.756969483571147,1050,0.6672971446299003,385,0,0,9,19,37.52444741932057,0
54.41894001167252,7.1165212893875065,1050,0.4960564192705832,505,0,0,3,22,42.407059479503765,0
48.45818829234541,12.556272236148017,1054,0.4724151238603356,984,0,0,9,23,42.77239121646511,0
25.373632327709398,17.67335496120107,1055,0.45792988630042475,138,0,0,3,23,109.65152823408373,0
45.85207096486446,19.97341873210509,1021,0.6386893027988109,1664,0,0,7,30,53.04346582523142,0
92.34070585236876,3.5308882816220315,1064,0.6942215615418981,588,0,0,1,18,47.99099994433401,0
95.98620066908936,20.24066709292775,1088,0.5324763703310934,1290,0,0,1,22,63.20276004910876,0
108.62472301250858,16.774263862685203,1051,0.5072082598797679,1191,0,0,3,14,72.54384221160653,0
189.51837464596872,21.87948264739594,1003,0.9107753975854479,76,1,1,2,11,211.13992309291692,1
27.326254995249112,7.199795293289067,1058,0.3035629055629237,316,0,0,7,17,41.350054107436364,0
12.513052642279845,4.332170876265532,1081,0.35190153772560995,1642,0,0,5,17,62.145959520337385,0
25.609568832196103,7.493564150897645,1033,0.4015939688926942,1841,0,0,5,19,11.405954207764495,0
69.54173753917394,19.455978563604297,1073,0.3678871495734929,1969,0,0,4,22,107.3524690761318,0
47.76699712699861,13.332448000862298,1092,0.54615460487562,1203,0,0,1,16,101.646139734233,0
74.46503067332787,21.35993958194717,1049,0.5646708079996151,959,0,0,7,20,98.57305753932872,0
52.43874275127443,9.369464953665702,1038,0.47558217108521916,1962,0,0,6,25,75.61458417684041,0
54.57064616101166,21.74292503398518,1014,0.6305096452943943,585,0,0,1,19,68.53663250572623,0
51.01708171047012,23.769547106207156,1043,0.5710836081601609,1652,0,0,9,20,96.79186379795189,0
71.73775336169368,3.245487698833255,1094,0.43640207523156704,265,0,0,7,17,51.82166786824363,0
23.28692741172015,1.382203889996366,1079,0.3477477651047024,1980,0,0,1,24,66.209009603042,0
62.27422768327982,0.3298520325829726,1074,0.46406470690587,1347,0,0,6,34,74.82099329955959,0
38.56586909979744,9.620716307673131,1014,0.5109274955260208,1531,0,0,6,13,71.41132317256023,0
42.60849792456356,19.326494332974022,1047,0.6197332467162425,1339,0,0,4,21,66.18681860607872,0
55.43188228313247,11.945923606953023,1048,0.4041741557977063,1264,0,0,6,22,60.196220419605126,0
118.12078573413187,23.17501734810222,1064,0.6153801486061797,1128,0,0,9,24,68.3149139890414,0
200.26083163954556,23.02907523338712,1096,0.904398785538778,156,1,1,5,9,149.16694429687672,1
185.77266752221655,21.054898904156342,1075,0.8795558629168461,1732,1,1,6,5,178.41546272607744,1
48.9586469088427,1.8884077666055479,1011,0.4322775648970274,1865,0,0,9,19,10.725094482501575,0
20.65076150532506,9.852790234941043,1073,0.47209128071288464,42,0,0,4,22,44.77335267431851,0
14.60669751876474,15.255073340056683,1094,0.5372324804184263,1677,0,0,2,22,57.921280199989354,0
214.81366461573225,9.695392230906677,1031,0.8194275304294274,1563,1,1,1,6,175.0496725977008,1
41.00367576510163,13.56701782842954,1021,0.40620955331471426,1871,0,0,9,23,41.0095393997726,0
1.9410256430849486,23.269729244077396,1075,0.5511251651618022,394,0,0,3,25,19.824958129421837,0
91.87051432369869,16.916068740416076,1068,0.39156519689775576,1159,0,0,6,16,74.37385142998448,0
58.51253070984504,4.684651542622213,1090,0.4548472347660894,1519,0,0,1,24,42.250799922058576,0
1.1737268635051237,10.665176695225558,1001,0.6293939203108448,1122,0,0,6,20,28.92406679360143,0
7.059354588367185,21.21582120173781,1081,0.46845414026875887,1388,0,0,5,18,69.89932670590944,0
52.556283489017034,4.483220185080854,1015,0.36846612688357283,763,0,0,4,16,65.65116577438857,0
66.32661057021042,8.689340404139795,1098,0.3225116014780247,1680,0,0,7,20,70.9186662315825,0
25.82601035347386,16.26417059443312,1096,0.44604094569075,944,0,0,3,24,17.930159714887182,0
67.94297465142398,17.99007096184357,1006,0.5317001649126483,706,0,0,3,21,64.58209166385392,0
63.43125680051945,10.352770953312046,1040,0.5918942701008487,1043,0,0,3,20,85.95361524851508,0
45.690214103086454,15.02136517293186,1052,0.5994965112896338,1894,0,0,6,16,79.35549950836524,0
72.32557130945104,23.921433625385596,1077,0.437210535301911,917,0,0,2,18,28.350865797370837,0
31.23311895471412,11.310017198964676,1076,0.4227034503089108,1093,0,0,5,15,49.90011720195511,0
114.95168203419807,10.439018552429204,1047,0.544273293979549,1142,0,0,3,22,52.379273739943315,0
52.195909730050836,15.491242212436024,1045,0.6224691926433721,660,0,0,1,20,45.95490375313807,0
63.56203514779013,21.37536927073481,1099,0.47511056769898896,528,0,0,6,25,89.5789644573551,0
5.466827954197214,10.251744987592183,1077,0.41982582692908654,405,0,0,9,20,60.446905621028385,0
35.9070660698859,6.2251198853083345,1080,0.521990864352993,1018,0,0,8,18,69.45894285962457,0
50.47093387873275,12.169143817144274,1026,0.45158124032496816,736,0,0,2,21,94.59960654703357,0
98.74035375408681,19.555108143839426,1068,0.40660113700449196,1344,0,0,5,23,91.28642536283138,0
51.02082233216696,18.007498521113273,1010,0.47827874695604555,1245,0,0,6,24,105.40437026065072,0
46.200079179570096,8.16928103780361,1062,0.5551542803699352,463,0,0,3,28,73.91979115307299,0
38.1916525390097,21.986660252871303,1049,0.5217244115589982,900,0,0,8,21,84.46181231920428,0
173.28178437100811,5.31600782775994,1021,1.0837371453164997,1718,0,1,6,8,182.62845240976782,1
56.230630614893336,11.100838639096946,1086,0.42315716063605546,1132,0,0,4,19,44.898492889198934,0
33.333596615394,14.544802860489082,1067,0.5377590225510475,1012,0,0,2,25,75.08506645370244,0
20.85029796376142,12.709514247560094,1035,0.41755257607592056,1100,0,0,2,20,45.64481830038139,0
60.08434889078686,2.6506350465876265,1042,0.4818952850854955,1982,0,0,5,14,51.81835221090081,0
-15.964178698602453,23.937147043531514,1027,0.5816979918572048,1057,0,0,5,22,60.58321571640025,0
-3.824305335958009,0.23711055940935744,1010,0.5661102735865121,910,0,0,2,19,57.47380001607901,0
59.834332207223696,3.5454793404137828,1085,0.5860095338214186,178,0,0,1,23,40.422713689164496,0
22.888944178096157,13.506481699236758,1012,0.3135675056475799,458,0,0,6,13,66.77813336868051,0
39.71363415327308,23.121441080876377,1038,0.49126442982048113,231,0,0,7,28,59.74805708341398,0
27.018643927988006,0.5535212879334477,1030,0.6085361058462792,1083,1,0,9,17,58.189911129922514,0
42.71903756524155,0.6308345361025696,1011,0.6951055855108693,1974,0,0,5,24,17.241488409352407,0
43.37107478511008,0.8922069131915036,1020,0.39327958201338165,246,0,0,5,20,38.092798799537704,0
-12.523388184957653,18.785657048644605,1036,0.5123939209197429,1685,0,1,1,10,120.78662323875955,0
-12.267640272355997,5.430783055048024,1076,0.4455096121689635,986,0,0,9,26,55.45480120527263,0
91.35402066361425,16.361482489323222,1064,0.4596202584259461,1721,0,0,7,26,42.16505421607586,0
62.588299160723544,8.983813550708492,1062,0.5397653602673146,800,0,0,9,16,74.21389594527214,0
1.061725536171636,18.031375095652237,1028,0.5275319193541207,1080,0,0,7,19,67.20142498140984,0
30.499922575296207,18.07767394341026,1003,0.6237262499304492,924,0,0,9,23,76.59779908936869,0
55.46511883136305,3.9020714823147253,1022,0.45217718282032227,206,0,0,6,19,28.99946582363292,0
77.48983024107444,3.100414027409988,1067,0.5045513362847901,756,0,0,8,26,23.014629831845262,0
56.50326691287887,5.612360858051464,1076,0.5751111682491746,883,0,0,8,9,84.1974836641471,0
19.208923770023237,15.167570231599349,1057,0.3673237301834275,1941,0,0,2,21,61.33560568484393,0
10.154418533047085,23.76263480963801,1095,0.5682769879622459,1960,0,0,9,24,71.83866970236903,0
58.401360280922134,9.886143069459905,1084,0.47719903044605233,1881,0,0,9,25,94.18003409740123,0
34.76917614830868,0.9955167094668571,1061,0.4923561619431274,823,0,0,7,22,55.38392937216947,0
52.35731089157449,2.3748552404768377,1041,0.559363714062807,1093,1,0,7,16,104.63885213913727,0
38.051508993723544,21.055348567489382,1093,0.5139179507410697,746,0,0,7,28,64.06684480126395,0
0.432719679395305,4.635965066922504,1082,0.5326804596040087,602,0,0,1,28,50.03196802316825,0
31.188541559067772,16.095305911834693,1044,0.646650851118102,1246,0,0,9,20,98.33768248670873,0
83.73060079611508,17.982608083778505,1071,0.48217712553154657,1697,0,0,8,16,39.90997684029644,0
25.615292289903053,0.4590324149695286,1053,0.3949907383620139,767,0,0,8,24,18.927407062608722,0
41.75593085741936,17.00095190454543,1020,0.41008171336186877,97,0,0,3,18,76.88458824679171,0
-7.4218021176240185,15.922665447335184,1020,0.3642235138382766,916,1,0,8,22,44.54555530674516,0
54.5757764869285,19.931448688478984,1040,0.7948980927156102,449,1,0,3,23,37.71029998552892,0
42.79023805525595,5.352303393885073,1002,0.6309954463783735,1191,0,0,9,16,45.020864109419776,0
72.17541484104703,14.313115984856777,1099,0.7197065735811699,331,0,0,3,20,67.18448688813311,0
48.26108000995092,22.405495478465596,1072,0.6751341325418339,1318,0,0,3,14,7.514972338550379,0
9.021328663983972,0.40544052171644296,1074,0.5289984758441973,1566,0,0,6,29,32.01593016494866,0
72.03430235003654,18.70772031531681,1017,0.4469298437312822,519,0,0,6,15,55.390682078554555,0
50.42447794897275,2.229879871912879,1051,0.5851302525354685,1803,0,1,5,23,23.25905769062622,0
20.652030522012797,8.427307526295753,1097,0.4481852195199452,1838,0,0,8,23,39.340601946426396,0
36.02583292645512,7.842145133832741,1020,0.4748365229157929,682,0,0,6,21,94.73494190620772,0
26.153190589949286,0.6069938157511947,1073,0.5947342981057282,496,0,0,7,18,73.13275249396705,0
100.51783074373606,15.786681773716284,1085,0.4918014071145178,1545,0,0,9,12,77.75806502868393,0
26.773885449412983,20.219193773103015,1031,0.4501017036760188,1336,0,0,3,26,102.4957842167123,0
7.588565092850594,19.064455901944203,1098,0.6093230534863519,276,0,0,9,23,42.12184350524339,0
70.20418388474693,7.127302976437687,1024,0.4213457350183432,554,0,0,6,22,36.62600973314079,0
70.60869896296032,23.91842188931785,1084,0.37245779506487103,557,0,0,7,18,47.589986404230885,0
31.99349368523616,6.213329807292108,1009,0.5512765410681056,392,0,0,3,15,36.59627622394679,0
78.68885006274039,4.146111504287208,1004,0.515794931335154,1068,0,0,4,28,65.25913048975681,0
60.31363644649656,6.9671395930568245,1039,0.4061674605744132,990,0,0,8,21,88.44496602404837,0
100.29311936825849,22.565620628949347,1074,0.5780669475594842,1045,0,0,7,16,53.2778796807995,0
58.47739851464899,9.79840257423422,1012,0.45122823118740263,1977,0,0,7,25,76.76158560563985,0
55.02710317402971,20.01701443024009,1023,0.6786539822553708,1561,0,0,5,16,53.46385336552531,0
43.34335186123194,9.750595213430078,1044,0.3777128715016868,90,0,0,2,21,27.787891794685613,0
69.05515405045908,22.44183878353125,1026,0.5527032873419718,146,1,0,4,17,28.347392567435854,0
32.06996950235428,5.686952702115763,1086,0.5236223216914814,1352,0,0,8,19,-7.787396138599647,0
41.94893602587858,20.045926773252038,1043,0.6101119978797718,95,0,0,7,29,34.831361640679745,0
57.960870481988856,5.033735854525581,1056,0.37878546776600563,784,0,1,3,27,68.80190724962192,0
85.68411466773921,1.533018812685322,1029,0.43907770026311704,1059,0,0,9,18,58.759107549671114,0
33.15986010673382,18.438622747188543,1012,0.3800720579743948,836,0,1,3,19,59.43136340144817,0
60.71046457895142,17.08517004550294,1083,0.3524873482714863,512,0,0,6,14,23.14247713749372,0
41.8503466902184,16.61856846043512,1080,0.2746177792341604,1705,0,0,3,17,3.512711391512269,0
99.30134467413602,5.882326020687268,1058,0.6241084221920495,1509,0,0,7,22,75.73436243790789,0
65.63839715041443,20.02172231137536,1056,0.35708557294907795,332,0,0,8,16,65.9235027356326,0
78.16871534704555,20.334359613719133,1027,0.4520436840255392,546,0,0,3,16,60.45098631675977,0
53.70643087866747,10.03813327814515,1063,0.3865539437527547,1885,0,0,7,16,74.04424588783935,0
36.25330912230497,13.704681390010858,1084,0.47946496284467116,919,0,0,3,30,100.98435395731047,0
118.27476282942912,11.019117786610472,1065,0.43181957530909976,159,0,0,2,21,49.485908924240256,0
77.46170826680485,22.016687641566637,1001,0.4127917626753585,1356,0,1,5,19,41.34692300089018,0
35.3718132778252,4.40973422021827,1097,0.43716447315230983,1651,0,0,5,20,42.64579875102691,0
69.28566481888842,13.379970232318739,1029,0.4877134841189519,505,0,1,3,24,100.55703112273491,0
12.079814961579089,8.51339923074066,1087,0.413802787618662,398,0,0,8,20,63.207218706575446,0
43.72058541261915,18.97795484585943,1011,0.6029732278710609,1412,0,0,9,21,32.41097760740554,0
38.88251712797651,14.605721383344395,1077,0.4700413097743774,1993,0,0,3,16,32.58996736278919,0
36.271002519871544,17.793479334713993,1083,0.3682407931192455,1727,0,0,2,17,94.54688201649658,0
31.269638308603277,11.700054686886716,1046,0.48286813204396817,844,0,0,9,22,97.34649937341823,0
46.737195546294274,0.8701174905966571,1034,0.34665680861125736,35,0,0,9,16,28.451814555251584,0
-10.970612928951539,16.258432426711213,1012,0.7035412285486402,725,0,0,9,15,40.53174543917341,0
62.29455970785538,15.76543763171243,1053,0.3939941194540481,427,0,0,3,28,109.24103119764804,0
5.974242027426797,19.86410725366066,1078,0.5884971544146956,1376,0,0,4,19,63.07205865111371,0
78.13746612531965,9.088575919992055,1003,0.25099873120339555,1359,0,0,1,19,77.83322130692306,0
48.540429452886464,19.87331935126255,1030,0.3078151663992006,265,0,0,1,14,29.708110333373767,0
16.46217175889781,17.068971857616543,1083,0.4438030225695153,1459,0,0,1,22,56.947149692920355,0
-2.371222985789558,22.00760153235366,1041,0.42559672026998746,608,0,0,3,23,66.77594601979587,0
91.7062264705194,21.82861342469591,1044,0.2894962643750417,1123,0,0,2,14,92.53984956977135,0
70.1459351518716,12.366128738701846,1063,0.540650672341409,1196,0,0,8,18,47.569087008043965,0
108.58752147468533,4.106672000098312,1096,0.6496935193352237,1221,0,0,8,28,39.082515762901295,0
-37.64051450483822,5.009820802281357,1008,0.6436201016598257,1872,0,0,1,25,63.96014289030431,0
102.39471894783864,5.452689952504877,1078,0.5572210412501606,328,0,0,7,22,55.65530367425501,0
64.94665245490356,23.581170276950385,1043,0.520795953899469,477,0,0,3,16,35.98542407128602,0
22.344205606240603,8.045948056807948,1065,0.5475074059013137,387,0,0,4,16,57.27773751046641,0
40.69199730219632,13.98531542361069,1072,0.4563787120184657,615,0,0,1,20,63.5828755456446,0
42.29164624634655,22.054433834651935,1096,0.44348425466446684,312,0,0,9,18,35.701891640694384,0
49.38318327948478,22.125323654050973,1084,0.6047068312751241,1633,0,0,6,19,17.77271118868577,0
65.50839547245113,1.037278494118973,1049,0.567509869281143,1537,0,0,6,17,47.34306322269948,0
86.00785249216489,10.981089776961891,1063,0.5785341676933576,254,0,0,8,22,107.4498261264577,0
42.60286837221277,8.985186833150848,1086,0.6581411991946968,267,0,0,6,28,53.359299826249234,0
44.92631943071551,14.612810271101594,1085,0.3768257860108821,1767,0,0,4,23,42.159565076364714,0
60.42684841410656,11.021697392738183,1093,0.4252999359663649,1276,0,0,9,14,87.81590382265198,0
12.73260399352312,21.830731125189892,1044,0.6050061084597285,1456,0,0,6,14,33.645214606105874,0
88.1567726581597,12.810079694250867,1017,0.4312486343880233,1551,0,0,6,22,86.79873570101583,0
36.61449700355661,1.100448440992837,1014,0.46148983763193363,584,0,0,7,17,100.03418369543576,0
30.74818569043612,2.537646430234812,1080,0.44169915325962916,1971,0,0,5,20,58.465148080766454,0
47.535464648222934,15.226875354134473,1077,0.4955710564372836,1126,0,0,3,21,74.65685291824606,0
74.90484117038913,20.125448721552424,1000,0.5755310614879712,172,0,0,1,21,49.378117275510014,0
-13.142485171570442,12.833753169924265,1049,0.5499525531509202,700,0,0,2,21,36.444694603287154,0
11.676901884639719,23.937179851808867,1040,0.43046020646038063,1958,0,0,5,21,60.714440718903845,0
42.06932500389599,2.0556094539698444,1024,0.3464058780243465,1130,0,0,9,17,104.69967686668303,0
50.72658370018274,18.13089142380619,1014,0.6339947301332488,1639,0,0,3,22,47.06817762735709,0
61.657358135928924,4.544010083929692,1093,0.5216809930524552,1316,0,0,5,18,47.370414603948106,0
70.33777614017808,19.156391749796228,1022,0.5038838773120413,1661,0,0,6,24,71.06834444153779,0
46.82154937087593,7.891993125148567,1007,0.6096224971909853,366,0,0,4,24,71.26730737204498,0
21.120469642430713,0.8594230660255375,1036,0.7485260179006441,342,0,0,3,20,66.35954341705919,0
82.00024068767462,4.743546746870768,1070,0.5778505984384387,337,0,0,7,19,55.39219429447632,0
81.41829225678387,2.9141309359502996,1046,0.4005208544126367,1204,1,0,2,15,71.01594261550544,0
9.797837866281952,10.399667765589523,1036,0.6410003758894981,697,0,0,8,18,55.713681444106264,0
52.567841118335764,5.243290344467127,1006,0.3336288671396629,1459,0,0,8,26,88.24579656177994,0
53.230983473198556,10.49671350844266,1058,0.5886691885079238,632,0,0,1,25,53.17357097259682,0
54.71437351107603,21.283436775825642,1052,0.5845706889245554,1391,0,0,5,13,67.79414501201315,0
27.101416874642553,16.42638454995837,1034,0.44818242192976204,920,0,0,1,25,28.830513885464,0
-14.073995462044167,12.173128360274156,1033,0.45933224524335636,1044,0,0,5,24,77.23335366045353,0
65.0253342483337,23.702298588318744,1065,0.5370933746134959,440,0,0,2,17,71.34956738311529,0
39.945866564856445,10.596448716260761,1024,0.40985313490768344,662,0,0,2,23,67.67606260580389,0
50.553017991961795,6.307542589270601,1057,0.5013709767301292,32,0,0,1,20,70.70980170181326,0
50.42014902114142,9.732605314990646,1044,0.557288375142121,865,0,1,5,21,30.36504792974801,0
9.51184232864216,9.042425764905879,1076,0.40335700789403006,126,0,0,2,35,59.715909261228596,0
40.42838193000146,16.835949613578805,1083,0.5102678398223839,1154,0,0,9,19,60.0575537776953,0
74.84689070553868,8.099392680880154,1076,0.3647461190483178,1404,0,0,3,19,115.32568328761155,0
39.0296875240844,16.933516568660092,1047,0.6773603152012135,759,0,0,5,16,60.72579949708647,0
19.363015486078602,6.17786952472093,1055,0.5374376351996142,862,0,0,6,25,23.527581906925427,0
85.77522537433924,8.914414815521576,1018,0.39710926180939987,1325,0,0,3,15,44.63215898644307,0
36.63492435797684,13.938266206854074,1019,0.49568471039028844,1276,0,0,8,14,33.83617976780975,0
93.092885586766,6.124850976374351,1064,0.488517186159266,1342,0,0,6,20,93.62675641049202,0
27.397463889614496,4.185853037193961,1023,0.8162417284935566,1181,0,0,7,17,76.13303845076899,0
78.75157459526127,17.860466573558234,1093,0.4417813899626009,431,0,0,4,22,45.49065802469072,0
-3.2190884833638833,11.118158505468063,1097,0.5960631103096029,293,0,0,8,25,69.96660914669228,0
43.37204825181162,9.158621231585407,1093,0.42423750335724125,1564,0,0,9,16,70.05988454965467,0
52.05114697902976,5.949527346021015,1066,0.4222407926113465,1965,0,0,9,21,13.840108199100797,0
32.53815997720963,15.716536012036393,1081,0.40477374755026496,579,0,0,8,17,81.76440880135266,0
17.27100709354405,5.21391773954113,1009,0.5693872242182675,1542,0,0,6,30,63.087953944370305,0
33.78870983038837,22.343349941828265,1008,0.3642736273017738,1851,0,0,1,23,92.23954248249737,0
86.86569650601677,12.735294159975652,1037,0.49840249494660943,1466,0,0,1,16,125.09323670351365,0
56.66401314901138,1.1192616110781692,1076,0.44442161957446985,514,0,0,6,17,73.01955491777359,0
2.1231809427765995,2.185592543699342,1062,0.41066559032562266,1732,0,0,4,22,78.96375259710938,0
79.86245571348424,11.289512468255335,1009,0.4749814608280917,1194,0,1,1,13,51.61864509455356,0
122.14512626761919,5.932936889055586,1052,0.6077823553396009,1465,0,0,1,21,0.5173800078191135,0
52.37143406450838,20.28581049217997,1034,0.457777505346069,767,0,0,1,22,44.826092187888364,0
75.70107440727668,22.98375538532874,1059,0.4790381505973331,517,0,0,2,15,70.09818107335853,0
55.918767968936194,3.3609415503444513,1025,0.5089249632446763,836,0,0,2,22,41.887863577667424,0
46.50285960640014,16.751033066110157,1026,0.6156172879655646,1598,0,0,5,14,20.688828749962894,0
85.71424955580446,18.078641451151285,1034,0.485755158983756,740,1,0,4,17,53.03135254141216,0
69.25841388331104,1.6869027367180482,1040,0.6430720497635581,1065,0,0,4,16,80.99131562397034,0
54.37509410646152,21.74065353102065,1073,0.48459707515495004,1173,0,0,2,26,37.96213961408037,0
73.45468615331932,3.1245443808192572,1044,0.42051439121059375,1827,0,0,2,19,25.692190778451483,0
35.510482217814776,11.119822538800639,1028,0.5707891382356688,235,0,0,7,22,66.71038777486892,0
65.1641047749988,2.743754738859005,1098,0.6438600116800554,860,0,0,9,15,68.06978081487725,0
25.567915370204283,8.530284732190783,1094,0.7830262486560806,1350,0,1,1,18,107.91244610985765,0
123.19257219017818,5.6911584571997516,1052,0.6057686736851555,1373,0,0,6,22,92.82732098447974,0
74.75294794002905,9.372376744425456,1033,0.2855398437527016,1259,0,0,6,21,93.0794620459001,0
59.66246932300956,3.3800022636722957,1092,0.4178115372928812,1120,0,0,8,12,33.70333456443432,0
70.87591517281356,6.831117886543658,1093,0.573417710718315,120,0,0,3,15,63.26119241511511,0
63.99635934350381,5.53523149587392,1099,0.719989137346742,230,0,0,7,18,94.73456644359463,0
68.1215493476487,9.555582814423925,1059,0.4801837214286601,269,0,0,1,22,53.59549641598308,0
38.73473058081501,16.890744120831954,1037,0.5358230949181456,1792,0,0,2,12,75.68009089422391,0
-12.422215761729348,7.5548115795074535,1043,0.4493844437909138,1680,0,0,6,23,38.635194954879296,0
25.261632486957172,14.122651863372557,1012,0.4641422277238017,948,0,0,4,26,64.88356263293335,0
100.8515312129226,1.6702043375114153,1035,0.47835351982468843,1874,0,0,5,22,39.1958388690763,0
23.696786563644658,0.7535911155057873,1071,0.6071077983372426,1411,0,0,6,25,27.0266412301372,0
6.924135464616818,14.761760160444256,1066,0.6696776196266565,234,0,0,8,23,37.13047235791487,0
54.72903675322832,6.674669938184555,1086,0.7453766421073484,365,0,0,5,14,57.47130855885517,0
64.29073308068658,4.680725562939704,1019,0.5278729127395548,1161,0,0,2,21,107.31960287373758,0
32.24371800970722,11.799329186737193,1099,0.466180162062801,1814,0,0,3,24,57.08968193557142,0
20.1841197549544,17.147907666824388,1089,0.596657150284192,141,0,0,5,28,53.53325967634635,0
48.57887892366692,20.543420649483444,1037,0.5295992262995253,1514,0,0,5,23,77.23889518648427,0
26.093142335885695,5.70290922145009,1035,0.42348892252341047,964,0,0,7,22,67.4965970070522,0
136.05209167000305,19.62226912683711,1064,0.6158618444694914,1026,1,0,6,24,50.11091211968763,0
106.85445836326909,9.72351452059415,1081,0.4353587120409143,1012,0,0,2,26,68.06161666725002,0
157.49188726759843,13.70165858696323,1021,0.971615591080956,1871,1,1,9,0,180.84699631478256,1
60.8901285441823,5.679445149165632,1015,0.48731321035537856,852,0,0,1,26,39.584684789708035,0
82.20895249579317,13.570643989568225,1022,0.48576533223927143,1964,0,0,9,28,56.40167105891374,0
47.50484684196142,20.641197112709207,1008,0.5298681530971794,1637,0,0,5,22,107.73365648187945,0
17.02882326404422,1.164622837840633,1049,0.5359140551256256,1559,0,0,4,21,49.26652744415848,0
68.55081698778994,1.874914338953861,1039,0.5801028189086062,1474,0,0,6,26,74.59603051691272,0
50.19144622889945,17.2876851188648,1024,0.583207089664123,1081,0,0,3,21,31.326134135693035,0
50.69241976851262,14.32683351028358,1031,0.5241955561350392,690,0,0,7,17,78.70778584455428,0
47.956297244961405,3.5697962369159395,1097,0.5968354062935175,890,0,0,9,18,42.484014762469215,0
58.6617098847507,6.831729443846209,1000,0.4767082008197813,103,0,0,5,20,91.50165868194605,0
3.480097068016022,14.714927369797437,1058,0.3934273264692185,1418,0,0,7,21,130.109071807552,0
22.132205526178087,10.123171662828742,1032,0.5046694518387326,67,0,0,4,13,-19.144652406130774,0
13.02430055694473,15.34724254781049,1058,0.45812322226071184,199,0,0,4,21,78.31581006182013,0
34.160179347031594,3.5245715673648546,1022,0.6219712752149431,568,0,0,4,17,60.935988512302416,0
70.85608700251998,19.69501423361267,1057,0.37864825635794563,1378,0,0,1,17,58.56874367854761,0
45.196095812061884,11.090030510997522,1060,0.45538108589563364,342,0,0,6,18,40.42726378070607,0
53.08575733797002,11.318272134643049,1046,0.5568430545728972,666,0,0,9,26,19.480395607907433,0
123.37255938850478,15.226558588040456,1048,0.4058218221748824,1433,0,0,7,23,41.028235579737355,0
158.0902854374915,23.871897463876063,1085,1.0851910993749128,171,0,1,2,3,183.12491135856658,1
100.09713513054218,18.34558086150178,1053,0.622008227685255,619,0,0,9,14,56.88249273847848,0
82.3054443397304,3.9085989993078654,1058,0.5690582993633191,288,1,0,5,21,47.36217716915023,0
32.40406191308193,21.558218008195787,1068,0.38247271053965204,607,0,0,2,21,68.91276749909933,0
10.205836150667508,13.905735146079712,1051,0.4001555080685009,987,0,0,9,21,35.17671215595513,0
119.74019917558454,20.46317358651696,1094,0.26396832602894826,453,0,0,1,14,48.73344898335981,0
13.78935056428353,8.68057947120607,1091,0.5867381691940502,1443,0,0,2,20,115.13360259633885,0
59.95755343123662,10.928825604085525,1019,0.5096676192430963,1925,0,0,7,25,84.6330098209437,0
73.35083228499913,13.39076979442753,1066,0.6931931394421954,531,0,0,8,23,48.34788197921236,0
67.46293110405847,22.023196582121045,1048,0.5564139625985929,1480,0,0,1,21,82.60441848077957,0
71.87710847932259,11.730778024433228,1033,0.4282274611443081,1341,0,0,9,17,66.34504784395807,0
31.674270805848025,13.565433148099936,1043,0.35803846961078123,1316,1,0,8,23,51.666293722880695,0
35.003827087674445,22.390945011409883,1014,0.43031056174037435,1169,0,0,7,16,68.23714908284016,0
-3.4347524339690025,16.949476078991367,1019,0.5488070597374295,1504,0,0,2,28,84.580657326888,0
23.04755985954926,0.06066119596581476,1078,0.49928106816443424,508,0,0,1,19,48.24858977274908,0
175.60588326424616,20.13355700531287,1027,0.8675782533072605,131,1,1,2,4,174.72318906667954,1
90.26540393734562,21.254378276396046,1060,0.5040062019196601,1760,0,0,1,30,54.81428862972542,0
62.181683672842425,4.994093156402647,1019,0.5310971139241143,1275,1,0,9,25,91.92338253375704,0
108.07583077041814,15.041522080530846,1076,0.6294914814333019,714,0,0,7,20,93.57824866270505,0
27.829140259303013,13.989264037133225,1070,0.4466247277971713,1116,0,0,8,23,29.36603750099729,0
41.532782242303135,15.51032104897746,1081,0.508145920707638,45,0,0,8,19,73.27305459749515,0
98.47617470366941,5.1884479770880265,1057,0.5446999679074905,178,0,0,9,22,62.67532186114654,0
78.59528762988062,11.585041109739404,1022,0.47592829975552603,1595,0,0,7,20,53.25034962046945,0
16.707496163351777,9.385653099634077,1023,0.47794312163956654,1154,1,0,2,31,29.455652681414477,0
72.5329836352193,14.671938079268465,1010,0.4598654276477192,215,0,0,3,26,90.86303155888946,0
52.168650413746086,21.287706188927743,1034,0.38727306989313887,1408,0,0,8,23,76.08309491256418,0
56.10078379996303,8.01195656884973,1035,0.35345138156372,1493,0,0,7,25,81.700351818986,0
66.20863832107086,20.282535383526284,1045,0.6190399652524525,223,0,0,3,24,38.03846303524639,0
70.61715351185865,4.632867893143706,1046,0.5123333046755135,942,0,0,8,22,68.29790956527185,0
85.0876997728332,18.878713469229645,1004,0.4731568822814259,1418,0,0,4,19,58.79639858722978,0
62.5627988038249,20.233042480120883,1089,0.4111914887140835,927,0,0,2,18,53.10140751741345,0
-31.09696878997711,22.374428132116012,1041,0.4368796133109285,1328,0,0,3,22,40.604205925298345,0
20.691627818543537,4.562258152513956,1015,0.5007389401608164,1173,0,0,8,20,81.03826384806831,0
67.84563120191734,3.819844745333432,1099,0.45057222904364735,1843,0,0,1,20,66.00344873277842,0
62.38794362826873,10.076870180887365,1039,0.42311458546476655,256,0,0,6,19,76.33132063727595,0
-1.1787728467220546,12.871915806866546,1017,0.5210912362432847,674,1,0,7,28,68.83046301058414,0
50.091380604602435,11.762675439274929,1063,0.37971738728556687,991,0,0,2,13,47.11596423859857,0
92.25858480337757,22.00923820896911,1022,0.5764741784725361,1848,0,0,9,21,54.409717301124296,0
47.81426933476835,22.04842027063914,1011,0.5948758908419868,1260,0,0,5,23,91.36449093415476,0
35.09203924646065,1.2810118602542602,1017,0.4130498767597308,1433,1,0,7,24,41.458028338268065,0
68.8503652779284,1.3058430660042708,1098,0.4467904340632546,596,1,0,7,20,80.64714336055539,0
65.49190003359736,3.052252756605056,1062,0.4924836436891321,50,0,0,6,17,38.65429674642832,0
66.69659373601274,20.747445686827877,1066,0.43723167195141355,1258,0,0,6,23,23.733159561658255,0
83.50043825202567,20.84705437150876,1087,0.5998924982592171,758,0,0,4,25,69.16290873463825,0
17.041387244665636,20.94159644059112,1010,0.5621667062698037,1156,0,0,1,25,70.1856952867199,0
63.73318598455657,10.97519515192555,1057,0.5130378351035088,165,0,0,6,23,105.89827383907007,0
43.551354857631466,19.17510060616731,1051,0.4099487756560677,1126,0,0,8,13,50.427511340201754,0
93.31010957498715,10.657553697462046,1017,0.41549197315324465,1791,0,0,5,18,2.4219236514176785,0
3.030559051832114,19.554448352328595,1088,0.47245917527746256,307,1,0,4,12,76.94498721036358,0
48.925232638806115,12.2763632659974,1002,0.5527912550125321,118,0,0,4,20,84.41652842143725,0
36.922955927287006,18.739551146047095,1000,0.48999595698368703,878,0,0,8,20,78.31736413077468,0
20.907688410959768,17.598679100823638,1094,0.5019511476839236,1747,0,0,6,21,60.494559087726635,0
107.70540462810364,13.135889816235586,1066,0.32458298704499555,1412,0,0,9,19,58.318738976949014,0
20.344129764022984,13.3841257128616,1079,0.40721048102059376,1375,0,0,7,17,97.670790059101,0
27.536006119398387,12.73651538549865,1046,0.5685380617893766,995,0,0,6,30,113.27197683395909,0
17.974012572371812,11.368587174976811,1062,0.38440024462181666,389,0,0,6,26,64.4554722206799,0
35.6247728646413,17.73185849642831,1027,0.5359789962284388,290,0,0,8,22,96.43473730091833,0
38.62616777037539,11.309680494999544,1078,0.6119797567145232,798,0,0,4,22,22.887221433977402,0
50.88291775032656,6.866106676919256,1014,0.3213256185427437,1219,0,0,6,21,65.31715925438371,0
64.38522644004826,15.382853276356212,1032,0.4159353695920987,200,1,0,9,17,55.80749649096137,0
34.21895471997259,23.556993433063507,1029,0.45144966162736583,1393,0,0,6,18,77.25397882939704,0
122.37846264838748,9.999164402865876,1040,0.4014912753358514,1757,0,0,5,23,58.07612199667288,0
38.83379671786841,12.777568493445912,1018,0.29931194971278174,1840,0,0,4,18,40.04879628320039,0
94.85090929207513,18.049126267340664,1013,0.6355975081501195,1944,0,0,1,26,55.145385023590634,0
56.967610914830104,12.999396187993273,1096,0.5618041112522364,1793,0,0,7,18,41.43460729740404,0
21.33378678198723,14.3095459162164,1086,0.6967132180141548,1887,0,0,9,15,40.90883914635398,0
27.145259850234538,11.121203660791673,1057,0.5012197763550962,1429,0,0,4,17,24.91246345312716,0
24.844981508481432,22.7339490409503,1098,0.47690303045276206,1257,0,0,5,22,77.94706822342059,0
46.177793828301205,17.789704731292645,1036,0.6277450701529723,1729,0,0,1,14,58.42799264118116,0
52.263009167047784,11.013996583169646,1032,0.433626121890255,293,0,0,8,24,56.342310202096,0
70.02644241109988,7.720417120008826,1092,0.6264208088355815,1182,0,0,8,25,15.928600236208716,0
98.17033874247363,6.295484209103422,1026,0.4781132711225163,1555,0,0,5,14,61.36209627795893,0
39.402075936855255,1.4933446890922255,1089,0.5980972466477846,163,0,0,6,25,59.27768637769826,0
35.70345730342276,15.057962670487086,1079,0.593688379930128,849,0,0,9,16,118.99566880932535,0
54.46630411753073,17.906756572877672,1055,0.4670733525572283,1060,0,0,7,20,61.86409267475918,0
95.97103174034348,2.648034571804871,1051,0.582288707322119,83,1,0,7,20,47.77004189089012,0
114.06760190232099,17.106072049438357,1042,0.5914692222234615,1617,0,0,9,19,55.00943974014115,0
48.18788812409275,2.5354283728858054,1094,0.46740359976680074,1177,0,1,5,17,-4.9301058039172005,0
94.72178410549856,19.68828036114073,1037,0.3856490245289662,1698,0,0,4,25,73.11980737611225,0
74.28972590444724,0.07601553932160776,1097,0.5352853095255413,1087,0,0,4,17,59.969407302056766,0
74.25078648997125,0.7576199138371518,1054,0.45593209547856295,635,0,0,2,26,81.13168568502674,0
79.77884308938289,2.096169938734664,1037,0.5952777489826897,437,0,0,2,24,42.81477999378069,0
7.332964954793795,20.31458900360037,1071,0.6067494735920981,551,0,0,1,12,68.91080213207378,0
34.26012778799591,18.95634980364834,1016,0.587710414681738,980,0,0,4,20,32.11233786005996,0
52.62174286760365,8.646569273592254,1047,0.41902692270725017,44,0,0,6,28,40.10873409848322,0
59.23029960203341,11.785075722537055,1015,0.4435693065835462,137,0,0,3,10,83.52140625702889,0
43.145823685713786,0.10489547486429363,1004,0.4007284125268443,1455,0,0,8,22,104.69603455325066,0
-12.7090869655947,14.929428222770593,1057,0.6853708866968216,1930,0,0,1,26,52.64614232241608,0
24.842426046583068,8.364139195958185,1093,0.5911315441604004,1300,0,0,9,24,76.11580196953145,0
89.05223868196394,19.33833198103217,1022,0.47622810902332335,1299,0,0,2,23,12.20729268856121,0
73.142053847113,4.054658194838039,1048,0.4297245778128691,1633,0,0,7,15,38.926863879230694,0
50.55204892350314,4.576222722114996,1092,0.5830298689177554,1201,0,0,2,15,42.83083686892568,0
5.533057289680741,2.096351723554301,1048,0.3840340052623686,1520,0,0,1,19,115.02853928597835,0
31.01734910344883,18.18064785918827,1062,0.5144223387670201,877,0,0,8,16,48.52872748453237,0
28.031013507887348,3.5712505710829543,1050,0.501058302396597,1743,0,0,6,15,58.33831839722116,0
66.7948534648418,1.8791344076857142,1038,0.39400000218856385,1439,0,0,9,24,30.311040231133664,0
34.705799204273525,23.7277573179363,1094,0.5843662501966255,1977,0,0,8,19,70.21892840460512,0
58.10172075174266,19.40606806629835,1052,0.6742993089125928,1054,0,0,6,26,73.7258777186817,0
-16.087400596171562,3.188681962260599,1026,0.485360624104198,1019,0,0,1,23,86.02227227875483,0
82.69714877272492,18.724883924562278,1011,0.46833792609568603,1380,0,0,6,17,60.49568094953646,0
15.38881029108908,22.892015324999,1025,0.3718934893727108,1894,0,0,3,21,70.41478128731653,0
41.247241032243885,13.852853667022979,1043,0.48993769959963357,1595,0,0,3,27,19.781240617626516,0
41.818292907569884,16.186585712804842,1095,0.46224409055434906,623,0,0,3,21,46.38380425795683,0
95.5526609195654,10.712016617295312,1044,0.46843497394933215,67,0,0,3,16,27.905286083042107,0
31.470443136969493,8.304057911334635,1086,0.48427378059565307,1957,0,0,3,20,77.94505339814482,0
57.31061634475737,13.096872384790764,1071,0.5668019224576927,633,0,0,8,25,37.19998353945083,0
44.50264270372154,2.8446726916830274,1059,0.6664373219709967,1075,0,0,9,21,57.94557236559571,0
77.5768680372561,1.868881543352792,1010,0.5072767807354266,511,0,0,2,24,39.754394156114785,0
61.86796504288827,21.40727790661453,1025,0.40569363937239244,1707,0,0,9,21,73.14767663955374,0
142.94898302213772,8.83367292521517,1082,0.5537765524494754,1662,0,0,4,18,34.29202325585226,0
51.29092919963844,16.545881002332308,1054,0.5968470030929167,1950,0,0,9,19,21.79937890946929,0
-11.338870114038045,3.3264359543568425,1057,0.4384672694751946,1276,0,0,9,19,71.67669923568455,0
99.1021988549192,9.243377671477909,1088,0.4958153096189344,836,1,0,1,10,21.554947435627923,0
36.94583756113897,1.9534093924309976,1017,0.5212679493986945,1557,0,0,1,28,46.860292394971395,0
-28.59235312269233,18.37196400972719,1062,0.5167846095010602,1589,0,0,3,14,45.52356773779816,0
84.39461476199115,13.252466614433665,1091,0.32756087597151784,637,0,0,3,15,74.02046523718825,0
50.586375343945456,5.250929899382003,1026,0.5804773328586488,1423,0,0,8,17,31.890112148266926,0
23.986093528672992,12.577738716160905,1099,0.5124337836849667,360,0,0,6,25,98.29490573998616,0
12.244852679739964,18.626798361924013,1090,0.548914270917303,117,0,0,5,16,63.97050661842636,0
79.76127048609568,22.89968945086027,1042,0.5378796226156651,203,0,0,1,29,41.656580194814225,0
61.42334214095155,4.500673150717461,1073,0.532295652934612,1907,0,0,2,21,89.41389084402454,0
11.424079481608551,11.934103582763315,1034,0.30082101011462126,104,0,0,2,23,79.47638276138447,0
66.09529530711211,4.516420060030693,1079,0.7702802830283961,201,1,0,3,20,52.25014257019286,0
-3.383167762702925,0.9800050884735212,1020,0.4899980993770071,1243,0,0,7,16,12.930377947144748,0
86.4934216183124,2.9579105340069747,1008,0.4907244899712553,745,0,0,6,31,45.8667677259173,0
35.24292657481384,18.55532814924666,1026,0.2720857818766792,98,0,0,5,23,77.46633232132285,0
48.493861488747655,1.229748987514193,1045,0.48665962720951295,1273,0,0,4,26,69.89871935260007,0
14.096340607210657,13.525880226637172,1031,0.5765309116457598,73,0,0,6,22,40.020642997361264,0
34.507110683372844,6.814017591946335,1075,0.4702952373405573,565,0,0,2,17,92.72548661770247,0
14.409907186704366,18.777194237365208,1037,0.4827804003923203,259,0,0,8,22,77.89473008016343,0
85.35538069395268,8.604784400876254,1052,0.47307781322318215,1247,0,0,6,27,75.36116614728743,0
56.449484523636436,0.08324302184388888,1076,0.4703034018584659,93,0,0,7,24,39.189144242718726,0
22.98137796056394,12.568663973872518,1031,0.33380953929415536,151,0,0,9,14,80.52211543689825,0
42.09655351753253,13.452209617871354,1091,0.4179391065743182,836,0,0,6,21,112.96845388678376,0
96.84533590180558,0.22181554994587582,1030,0.4855450915402819,269,0,0,6,29,46.98479986355223,0
55.30286309750792,3.5762050418796276,1060,0.47276757241926237,202,0,0,4,19,77.51964684587077,0
54.05528724028007,7.814748171059098,1015,0.4805039486579811,502,0,0,6,23,45.14882306985948,0
30.443342524058576,21.34410268851476,1082,0.5308922119003733,132,0,0,9,24,57.03253897658344,0
40.72650607392496,11.985709473125869,1040,0.5655819436102749,645,0,0,2,26,80.71998593741394,0
36.96511317703053,2.6263297160635037,1044,0.3791036758014569,373,1,0,5,19,40.40471280592382,0
61.02096520448534,4.805302458927986,1082,0.5320314605998081,259,0,0,6,24,34.240712843317084,0
45.138136938895286,14.070644362070844,1081,0.6018246554516701,313,0,0,6,28,59.785827155656875,0
75.57405930298852,1.6905596632862485,1086,0.5167808021685163,173,0,0,9,19,60.33133606625666,0
58.063273674459246,6.464207993994118,1056,0.37499798785210564,868,0,0,9,12,62.790182085229794,0
52.270848200152805,4.253337199355272,1015,0.5863113402971804,1223,0,0,1,18,68.57971875777781,0
87.77699719360396,23.840820021170135,1092,0.5842475568197895,273,0,0,7,22,88.64885131601548,0
52.080114851460436,11.985494380105576,1067,0.3992624286869203,1978,0,0,8,27,124.25503445940952,0
50.96429440893683,22.112817664788448,1017,0.34760687482113717,1452,0,0,9,15,54.160830054088706,0
69.90793605682288,17.7222024298292,1093,0.6154785262224206,72,0,0,9,16,73.68979456289264,0
59.20943218058713,17.34129831878775,1080,0.5397561697443308,1559,0,0,4,20,78.56622823180102,0
82.57686697494734,22.95666597787222,1034,0.42952135300810806,652,0,0,9,21,79.57601524630869,0
46.17035955445429,4.0290936259883114,1032,0.4793441946274692,1527,0,0,7,18,90.80592349265001,0
40.54739806417674,5.617499821729798,1085,0.517905926121595,645,0,0,4,28,66.61851395367823,0
32.303230467331765,15.062992822153275,1075,0.658404323571024,359,0,0,5,15,83.00349633832782,0
30.755392728670714,8.863924051671475,1031,0.3121884509067858,1650,0,0,5,23,8.066369772527374,0
16.016451461967648,9.023066451872495,1066,0.43371042387957925,90,0,0,8,26,104.35751488969967,0
106.76575282499203,3.8454906245281206,1032,0.5080588567243357,754,0,0,6,18,88.50910572159604,0
47.02472408661851,20.303551018704315,1096,0.5075885507721491,1418,0,0,2,17,29.642977577105075,0
118.9669437085775,8.065881305813715,1034,0.4292846888781527,1010,0,0,7,14,16.53925503299827,0
11.773036427696148,6.692900375789353,1030,0.3091849448979437,341,0,0,9,19,97.53103116795054,0
13.214619265619497,16.94498361499604,1003,0.3726188673887529,161,0,0,4,27,45.862719566820715,0
48.296342123411684,21.458250565353243,1088,0.6095280645795295,1727,0,0,9,22,33.593058437290225,0
45.382843190759374,1.4664709556784858,1085,0.3739135018394564,1762,0,0,1,33,90.17525220099625,0
48.27827890995373,19.24671061780261,1024,0.39469837583277545,1026,0,0,8,19,109.5700152434042,0
12.628478706608469,21.061093021427354,1084,0.4566942322482891,1228,1,0,3,19,47.323192282012826,0
34.82101403036434,11.925057400483094,1001,0.35841185260426134,1654,0,0,1,22,36.44884542220628,0
56.22626884666226,17.921997180368344,1056,0.5428086609421433,569,0,0,7,20,81.26215256278506,0
84.44272599192298,8.622330593414341,1052,0.4757861130624071,1010,0,0,4,16,49.01049697487435,0
102.04809727510425,22.885764897895136,1091,0.3531881111911368,1597,0,0,3,8,59.50551894431123,0
52.18622294046546,20.46568189756636,1015,0.45729675268391307,1152,0,0,2,17,30.700333785571416,0
81.20173672380167,1.4408715120566082,1037,0.40607403649928275,802,0,0,1,25,32.83232206143225,0
16.56403054975815,12.738220252459797,1067,0.5312182649752916,310,0,0,7,20,35.016346829267846,0
60.001095537826345,6.947272528140869,1046,0.37073403297446106,1936,0,0,8,15,30.14484353624253,0
60.15658628857743,22.130890463069232,1073,0.5842079966101807,368,0,0,8,19,28.59186552920738,0
14.543776237375965,12.150041627935845,1055,0.4964095404251123,1150,0,0,1,29,25.206098587380986,0
-18.238630936185984,22.83715472824175,1022,0.4740985368493708,462,0,0,6,22,70.66252353677453,0
83.86542462648168,15.980557057389053,1013,0.4486308968965835,785,0,0,2,27,91.07189147494023,0
65.92682942647848,15.896918985509975,1027,0.3784809446063696,120,0,0,3,20,51.52346409406428,0
19.875776997437963,2.2759305322584327,1016,0.3927325977519762,1615,0,0,6,22,94.59137780893982,0
54.70081184739574,16.502522423851037,1021,0.37903196798736394,1682,0,0,1,20,107.15556052316006,0
50.23183679527054,15.351942402956205,1027,0.4649855476874307,989,0,0,7,21,59.24623080107992,0
80.92998567487854,6.530019781871464,1086,0.4739889424585947,1651,0,0,5,17,39.02565103444838,0
12.345938840798155,21.78314288003297,1008,0.47518307713916264,1972,0,0,8,23,78.10268695493617,0
79.3537341699965,12.085405111812538,1051,0.43127118436935125,1635,0,0,1,25,54.87114592794583,0
38.81500543724699,9.047837648799238,1046,0.5947031654333045,961,0,0,6,24,38.650211530088924,0
56.98604262280695,19.621984508384063,1003,0.4809255809404793,123,0,0,9,23,74.14324392378303,0
47.48650700332806,8.627705612450876,1014,0.3820621431528882,318,0,0,7,20,52.25342959795651,0
9.736167545446548,0.3854117443227292,1086,0.41238935468927024,627,0,0,1,26,75.73025754570295,0
115.35686521974985,10.210999983226415,1049,0.4539258085366176,149,0,0,5,23,25.856457081455922,0
36.54371490416416,18.745034905847234,1031,0.323964752736485,1267,0,0,7,25,102.35479316874572,0
42.25474585905697,16.112016746472136,1093,0.5920975210921845,372,0,0,8,17,36.39694284430941,0
199.57371378086205,0.8394812166047556,1014,0.9915963534457504,1660,1,0,8,6,207.1877286141192,1
17.922365187347594,16.661565091755293,1074,0.5884120524531169,593,0,0,7,23,118.5369025708917,0
103.95440261414353,2.8367234523596503,1018,0.5107925927538534,910,0,0,6,21,24.43718956480423,0
37.66925190490481,2.552739192651975,1041,0.5124601896632969,554,0,0,8,10,83.028827372752,0
31.19098826636698,1.7444138640629534,1014,0.5010733889880308,1192,0,0,5,17,27.74564180732539,0
32.51724027165254,7.8794090485898876,1029,0.4327741725983747,578,0,0,9,20,84.21144496275255,0
41.96703443825466,17.257329546644783,1045,0.42850494179199183,43,0,0,7,16,79.61422792000977,0
27.319879416301855,11.992574469266888,1089,0.5268778207179312,1585,0,0,8,20,25.131091598991794,0
3.4538773709561994,3.5396153936944197,1025,0.3531545328573213,1493,0,0,8,19,70.5693557979074,0
85.40384521224583,1.8913607530897778,1014,0.43943801573661195,1245,0,0,3,24,107.27634040938791,0
76.55694448966973,23.558626255968342,1096,0.4617730468729605,685,0,0,1,16,78.38998636690435,0
36.494322054457655,12.578676989446922,1095,0.6155263635906737,81,0,0,3,27,25.25389918993566,0
45.41435024557323,1.2969502163496562,1096,0.4493049139283876,825,0,0,6,22,38.489769425183724,0
60.561661895428905,13.611949111100895,1015,0.5894825626460216,787,0,0,5,20,107.1084667585595,0
55.49038784934446,20.59033568804481,1090,0.46187927266061546,1870,0,0,2,21,42.95581666672285,0
109.77546059504354,10.860807456703215,1034,0.5281624122270032,129,0,0,7,19,83.68407615265507,0
89.44743360752142,8.332004152183023,1035,0.580744771203116,1667,0,0,9,25,89.09782845517404,0
87.6621082837969,19.353487040039592,1054,0.6978168548243893,1698,1,0,9,21,84.43395916044936,0
42.51891124482556,23.598734461804174,1025,0.42091732998301357,375,0,0,2,30,75.35287377373062,0
43.98082103523704,1.796227715313722,1060,0.6272463242683854,158,0,0,2,20,64.78480983257505,0
91.4958354598803,22.673523079824726,1060,0.5164544017715598,1432,0,0,4,21,71.35015493463182,0
93.57850236458538,12.675361374570087,1043,0.6526044342460089,831,0,0,1,16,57.280942571318135,0
70.96066440551131,21.620087526775762,1052,0.3795058548987479,225,0,0,7,22,92.46483580710833,0
71.32879904610475,2.190013662773887,1097,0.37098903459048327,1232,0,0,9,23,34.362387101616605,0
65.66751908053335,20.421751731623992,1079,0.47063915108833515,176,0,0,1,18,85.7508165815666,0
102.44411207362506,15.625226807470721,1027,0.6663891158513436,1805,0,0,8,18,48.930986457562824,0
29.70823093822191,1.5318248330331263,1047,0.5529835950266726,1225,0,0,5,23,111.53290471691753,0
5.236939485639084,8.218950847119245,1045,0.6102399194703579,643,0,0,3,21,25.033626407218975,0
8.020814755941757,6.568692383192373,1007,0.512257853561303,988,0,0,8,19,73.6961240137436,0
88.42818730000182,15.408326032205789,1052,0.5238525504440728,608,0,0,4,24,61.08186555166906,0
46.22761107512682,16.399810380861233,1005,0.4188528880263911,881,0,0,4,14,84.24487025253742,0
87.0021822905801,0.6123251727544714,1024,0.43095249839634575,35,0,0,7,11,44.393981498692675,0
30.842425245649096,0.22948110841147784,1081,0.5915740776677042,1790,0,0,7,15,49.31464799695216,0
59.623571777980516,13.744093996586903,1096,0.5551613608418251,386,0,0,3,20,64.91147857559157,0
58.36399437156382,20.125863992914198,1041,0.34677877990036465,1315,0,0,3,19,86.40811367709782,0
74.01228575683047,14.713248620867486,1045,0.39398234288005646,1275,0,0,4,14,39.364447179869174,0
51.21775073611647,23.959275737615002,1051,0.5800767206622888,1655,0,0,8,23,74.48272755560913,0
47.56862105834769,23.56339254522785,1030,0.43579830277650344,1109,0,1,8,22,55.1531289796315,0
42.032221002127656,23.651409576106374,1046,0.4373009577743424,1244,0,0,2,24,34.81782552244252,0
25.28193539084001,19.41644501440074,1004,0.6086288290897167,1970,0,0,6,23,99.33810179710156,0
53.24042362938503,16.662358321502722,1054,0.3266210436994579,721,0,0,5,22,53.50598220876287,0
26.937007698844383,0.35528214764313937,1080,0.5141444031369525,1543,0,0,8,21,84.51184258142835,0
222.14067829715276,19.627144184270655,1034,0.759262788808206,1432,1,1,7,5,152.34535486517922,1
78.42535725726702,17.345778426518915,1088,0.4629319142060559,1982,0,0,5,15,34.82491945285956,0
20.391717904953296,11.547464635103411,1022,0.3478164352772002,1147,0,0,5,19,43.90702578362354,0
34.681745021072615,10.004175822248826,1088,0.6937929027193764,321,0,0,5,20,52.92592264230466,0
82.40144197143945,0.46317917344763426,1087,0.6180726943337685,391,0,0,2,19,80.0263033804707,0
24.187599041481427,0.08411192474539853,1098,0.4707319716200657,1494,0,0,2,15,63.6404610269044,0
80.46883651983413,7.452709664208137,1008,0.36533206300730897,615,0,0,7,20,84.38637494388165,0
97.9219187966487,0.8786331802128204,1009,0.3840328056565377,687,0,0,6,25,68.54372623259378,0
73.935313396873,19.84543761181416,1047,0.43514287051950884,1160,0,0,1,22,32.23573434059605,0
14.540540117953434,0.1216107479342945,1093,0.5946762133261266,1589,0,0,3,20,52.89855483443971,0
48.16988084433849,7.84509095436767,1086,0.5496633404701994,1603,0,1,1,20,64.44651705734096,0
39.62278157999516,7.242181374005539,1096,0.46056804595468087,69,0,0,3,18,39.68348830137553,0
89.42224944573812,11.560931516256217,1092,0.5152718369984558,544,0,0,6,20,5.526152084640778,0
39.45757292858802,21.867258483122,1035,0.5029816907408163,689,0,0,9,28,76.58657992917267,0
87.63015082272018,12.660622168190367,1059,0.7390460457152028,1514,0,0,3,19,59.26127161002353,0
54.36281652217278,0.8117194012607811,1084,0.23718465246227055,1703,0,0,4,20,103.39454052349535,0
33.032708963780294,19.066588822113452,1043,0.5585702542553954,1917,0,0,5,15,55.63684678879986,0
7.289520893482312,22.507014882882757,1077,0.4339176459365812,57,0,0,5,20,70.49622236054098,0
80.01746954128934,19.15035282027157,1026,0.34122352049484606,387,0,0,7,18,39.74791290098409,0
50.693130380021934,12.7071564473152,1047,0.6426408648387396,1126,0,0,1,23,58.943247506158734,0
-12.610810558062063,21.609024536342382,1086,0.5524669609727167,1556,0,0,1,16,25.0069165220603,0
-24.64982060238968,4.659889857948231,1003,0.5022548313097003,1024,0,0,8,22,27.680069909317943,0
62.84921291622946,5.055494343252881,1070,0.5664494210072774,1950,0,0,4,25,87.09360121259735,0
56.2340752205994,22.41344251559672,1099,0.42554629809388766,212,0,0,6,18,12.099876008810966,0
79.33446649058601,7.801236566630101,1004,0.4331995171247503,1997,0,0,7,20,91.3510003350882,0
66.67478082725381,4.808384732366467,1074,0.404836152507974,1972,0,1,5,18,10.527210831722677,0
45.19601613300079,1.9306368050240224,1037,0.6868282250017639,849,1,0,4,27,47.72171836426756,0
56.362800592225256,8.631281836296061,1070,0.6218101256151998,622,0,0,6,20,77.11091476874397,0
62.014441595189865,4.795702088192739,1075,0.6164208789056411,1663,0,0,8,13,71.4843514840357,0
63.504669018399426,18.609948359194163,1051,0.45554157283642016,782,0,0,8,16,76.68671087047802,0
61.2218626439313,6.597242198577588,1025,0.5075575453247048,1158,0,0,7,29,50.33135063670999,0
52.43247628702471,21.75037902175319,1001,0.6236458781648089,1574,0,0,1,18,40.125333421211366,0
40.467173179478124,4.613568108649534,1032,0.5168059693296929,1555,0,0,1,23,43.667278106082506,0
-4.469469276364521,20.920053822468304,1010,0.3549845563665603,130,0,0,1,21,54.90219003891763,0
108.5917908661969,10.793628025679375,1063,0.5208464502624472,1181,0,0,1,16,64.70903443073786,0
20.28391024607935,11.674220040625721,1075,0.6807757610119999,901,0,0,4,10,53.36363352380466,0
111.61456070259787,12.824746292625104,1010,0.622908943587035,255,0,0,3,15,109.37252894524295,0
78.50047486008937,9.971570080790478,1081,0.43010098031903043,967,0,0,8,17,45.421684607150624,0
35.07282505072359,14.911250140130372,1082,0.5574721812817387,1074,0,0,2,17,38.38553838108345,0
-29.554841891348474,23.47099072690811,1082,0.5420950721761711,1575,0,0,3,23,20.80972133162495,0
105.73107030613198,19.447275296003298,1099,0.4365678406032787,1972,0,0,9,20,108.40882201208336,0
34.314199185401954,10.592641888454914,1062,0.5072781921276958,96,0,0,1,18,39.662635497405674,0
53.41912004383317,19.995487292698208,1079,0.5601077190085787,1289,0,0,3,28,53.43745010086114,0
49.891923827282945,4.419120553948437,1004,0.4444100902006062,117,0,0,4,19,35.238919061969554,0
128.2057748944931,16.103867568679583,1057,0.24895010730670775,1551,0,0,9,26,21.490286976348067,0
70.69123415735584,9.952563699978873,1094,0.44401137246818506,1763,0,0,1,23,85.57423040055257,0
78.28815859691701,6.866688557468712,1075,0.4049817815495387,1748,0,0,9,15,38.788940661349116,0
56.96149812072909,8.619934527214875,1091,0.4823423968560429,1303,0,0,1,17,26.72639574776568,0
80.95533618405905,23.40244562640481,1062,0.47277334279515054,1450,0,1,7,12,23.940158887178917,0
84.07843537831465,3.782167731755247,1033,0.4979807739288238,1463,0,0,9,18,55.33579679255602,0
70.93922090390292,19.664875630424607,1058,0.5214253176017809,1162,0,0,3,21,76.55747580923068,0
43.14200253979944,7.897507605621829,1036,0.47705144395314586,435,0,0,7,22,63.38958294998665,0
11.697542725390718,15.961858559962273,1066,0.5679848413576991,1803,0,0,6,21,58.917155227070744,0
48.761259146460155,9.494380364395855,1054,0.4517019642151714,1030,0,0,5,20,57.204361972293306,0
19.743359477713756,16.06796583721667,1022,0.5855853858009137,481,0,0,6,21,60.90129076421863,0
38.23675540603527,10.20739560722768,1032,0.4257578941773985,1144,0,0,6,19,21.2823739618605,0
65.59706418586258,7.8160015746742575,1030,0.5729249829380277,1352,0,0,1,19,53.032351325147296,0
53.10314387924319,20.547589742302595,1024,0.4727940528377317,1091,0,0,6,21,120.34770636116546,0
-13.916994394216019,20.116222096457726,1026,0.4376155317610857,285,0,0,2,12,54.46657234780726,0
33.551381105281976,20.086532275438948,1086,0.7138303606212797,1695,0,0,7,19,49.44302407542214,0
80.81453107679454,7.985077966376974,1032,0.4345572450255325,1078,0,0,5,20,87.30939175679438,0
73.38047011715997,18.580571801143794,1076,0.7590029510847573,263,0,0,8,21,21.745545736330534,0
30.71670851300156,6.147146183090767,1046,0.4877285272256422,1923,0,0,4,17,75.85638533707198,0
5.024563941269051,17.84067001171018,1059,0.5334738628909255,646,0,0,4,25,74.00115854098415,0
96.1219019205287,2.292951491935453,1089,0.5921275416871703,199,0,0,4,21,80.35035053260135,0
85.34758542644008,23.12520331591331,1029,0.4263594485301769,276,0,0,1,21,62.80823088445535,0
-8.966676744295157,15.929118060484655,1054,0.6032744557627109,68,0,0,4,30,44.82625262031093,0
0.1252403589297728,5.8855189975602915,1027,0.45114916622275153,1035,0,1,6,18,44.59178805429701,0
93.25835017405669,2.5252433794037827,1091,0.49645504532264717,148,0,0,9,25,63.76126502490099,0
26.4571427561689,22.683874972269525,1006,0.4799497794801821,353,0,0,4,22,56.47985178131087,0
3.072751648668458,13.27290825575043,1012,0.3359077942381868,1131,0,1,8,25,20.444692283068598,0
47.96385854901554,14.658752545870733,1045,0.5262434380600034,284,0,0,9,22,76.07389193599265,0
65.01997164143629,13.695460381081075,1030,0.6557224083595881,1272,0,0,6,14,93.15732161712813,0
42.7629182643101,10.98982576715317,1078,0.32741852779151703,1299,0,0,8,16,86.17142049283868,0
83.1657779887395,5.260424295655961,1065,0.6809160162066269,1378,0,0,1,21,64.74670085509906,0
21.306908695459736,15.742769060121407,1080,0.6025926064824192,1239,0,0,5,22,68.23575865015994,0
52.02555444230327,3.591281316214241,1089,0.4134108892705105,195,0,0,1,24,77.7226775987464,0
53.98909022440628,12.958757453313225,1036,0.38586320794668527,567,0,0,3,17,56.12017137272989,0
73.9570001933177,11.269936880443819,1004,0.5501463514397027,827,0,0,4,14,26.860255414575747,0
43.84147941511246,0.238887017120744,1064,0.6696022496801455,1058,0,0,2,31,37.00468933934171,0
-2.4166500089576672,1.2940004109544825,1026,0.4687730273894886,251,1,0,8,23,49.16836678998254,0
50.61251501638755,23.606359893075695,1088,0.3692345769647536,1802,0,0,6,25,104.38465377501583,0
35.47948629133746,17.874016633245716,1093,0.5238270023679394,34,0,0,2,20,32.822807862587,0
70.74855725364165,20.902095860397566,1070,0.4632539361058873,352,0,0,2,22,51.30829152700565,0
46.32692030757808,3.1908544983832066,1028,0.5334446464661782,1923,0,0,4,21,73.59096272291028,0
53.668925090968514,11.93389152454952,1073,0.441941848712791,1573,0,0,1,19,52.314314388596166,0
40.434609335158065,21.934132777591294,1012,0.48328712787529093,1242,1,0,3,26,59.67963606332977,0
12.397948451149446,8.776812724681765,1080,0.5315521507208982,1091,0,0,3,33,35.91786111348796,0
67.80670166842586,12.097798724162121,1076,0.3650311392782638,96,0,0,5,20,87.95895901298795,0
34.46922281392356,3.7640087975127114,1016,0.5706671297361029,982,0,0,9,21,88.494356097489,0
57.94325932933939,5.518203925093454,1080,0.42380228982973944,681,0,0,9,26,114.4292518555136,0
23.543760463168468,12.92014776840039,1094,0.4686672952372418,371,0,0,1,14,75.49758894231864,0
-35.172359784562815,18.082793045810533,1012,0.6119510130698893,1523,0,0,5,27,81.24870620526369,0
57.01357735372243,2.1596533523908965,1013,0.557258393816751,221,0,0,9,22,42.890562544533964,0
110.72928869860557,6.048353608297259,1092,0.371508896970582,233,0,0,3,18,80.36496985929173,0
64.99592371221114,0.6596446759049028,1010,0.5364668397411032,361,0,0,7,20,28.072114001065824,0
2.0562694434875723,12.86246383509771,1081,0.4099236053227938,590,0,0,7,25,86.93251840228653,0
69.56918454830691,20.674750113704356,1017,0.5223591692731218,1276,0,0,7,26,86.16888392817802,0
81.01643164772625,15.875442452550889,1017,0.4853037569153608,799,0,1,4,18,65.0672731055023,0
97.71210705720915,8.301361813968558,1004,0.658052926188012,1278,0,0,9,26,94.53042062391764,0
71.2169412141283,2.3333860302341947,1067,0.38947394668573065,1731,0,0,7,24,76.03971770735743,0
45.183211714946076,12.852440747057209,1077,0.507871467889418,1014,0,0,3,23,39.05224768017273,0
78.80915504260004,1.5313138583504404,1046,0.6914597017773758,253,0,0,4,22,82.38033226571744,0
53.0556888578596,17.315449985616407,1031,0.38298732126344853,640,0,0,1,14,86.9668823428948,0
16.40990316121568,10.502345850091046,1096,0.46332295651580085,963,0,0,9,26,71.49651323847817,0
72.70965849936056,13.174528284448199,1024,0.5500300087079188,1544,0,0,2,19,113.6689686964069,0
62.59116825071798,0.4984292810493889,1088,0.513806914137464,493,0,0,5,24,95.32977145404335,0
49.076404927597544,4.4282878943690775,1063,0.536322820958709,778,0,0,4,15,62.71274201492836,0
41.029779486023976,0.39694678295703856,1092,0.5137217724022184,1671,0,0,2,26,49.623656831784444,0
50.355880375423524,7.725858325963723,1042,0.5829718710043709,1449,0,0,5,11,46.705506163253915,0
41.37657441798933,1.2144332909233135,1072,0.5020344066281184,79,0,0,7,16,58.857995337587916,0
45.250835659710084,12.139456404473162,1021,0.6683889705260708,1901,0,0,8,27,79.2062128702421,0
66.03041640361353,15.472721240426834,1053,0.564435700812325,896,0,0,1,16,35.63506760399531,0
59.944126889926864,9.540378036989653,1042,0.553756080615375,265,0,0,7,31,78.15038363732916,0
63.690679193980884,17.780703119082563,1058,0.5766141402592107,383,0,0,3,20,70.7295892173741,0
94.94035310913283,9.801279840424815,1019,0.5317083135568175,183,0,0,2,20,45.78994406612892,0
40.19980257472868,22.59095880946265,1067,0.5527502263951732,1337,0,0,1,22,67.15277762109078,0
50.761558339168154,23.736941802139096,1090,0.4158035983055005,1304,0,0,6,15,46.63846056410089,0
25.91526668147473,16.312220819775348,1069,0.2907208312810918,1527,0,0,2,17,63.59636836356399,0
69.3378629724553,17.16677115185225,1084,0.6013642464113027,135,0,0,8,20,75.46021507713992,0
19.58312143122387,18.259240122146444,1068,0.45229975115794047,964,0,0,9,17,127.47138398961154,0
73.72277936697589,8.284970420047976,1038,0.5082126427272112,1724,0,0,4,20,108.64853503910558,0
82.14629456704657,10.521141531382357,1048,0.6456083156105196,1665,0,0,3,20,59.1876515505152,0
37.625629643361904,12.168071771908126,1059,0.45404680202478614,809,0,0,2,19,73.70234383425166,0
94.92295049538879,3.628390064094102,1010,0.38863644238595235,1358,0,0,2,22,84.51938337035725,0
65.82442499083191,0.8183486800020772,1047,0.5589693930834736,1702,0,0,2,18,41.458368000698414,0
14.182249808028338,2.738754172482685,1082,0.4113628402829979,1577,0,0,7,22,89.77575265313746,0
69.01757066954033,19.050403368714093,1091,0.5694578264371581,686,0,0,9,18,62.078630263732286,0
35.51769433453903,1.5449972043609508,1092,0.49560867094567507,141,0,0,7,17,47.95135408375864,0
57.14513918418885,16.953101037673,1084,0.6952368649054036,429,0,0,6,16,-4.498675397272038,0
40.189480471706865,20.07143700037612,1042,0.4864326581176971,1616,0,0,1,21,42.7570090364694,0
60.54344622624749,23.26181113099291,1088,0.6388808594378246,1466,0,0,3,18,74.7361557450766,0
48.42786648267592,19.181450550996647,1047,0.5507480221186875,1792,0,0,7,19,23.42720779597571,0
-25.648144043861294,20.759990702545274,1079,0.34336818569118077,46,1,0,7,21,71.35402838169423,0
63.108145092390494,2.0780965963044062,1075,0.6141922668450117,1309,0,0,2,27,94.24958766739198,0
57.134886222750076,8.627602843853104,1039,0.4989647394962948,156,0,0,4,19,69.92447771878915,0
84.45337127590264,1.7668382768083601,1041,0.4635176647261188,1478,0,0,3,20,44.12149920032043,0
90.90129540615018,17.627817614665222,1005,0.3631798941486054,1141,0,0,1,20,39.539222511531094,0
75.52693886503917,1.7612163996482053,1079,0.5344226766859695,584,0,0,4,20,39.58769877614304,0
200.76566247678525,19.790524045948164,1000,0.9087578669577655,320,0,0,8,3,183.5805281841344,1
42.5892289776201,14.82861969749414,1090,0.7183473124197588,139,0,0,1,22,20.609534090171856,0
74.60697194917952,14.809301906501041,1004,0.5619245336382416,1457,0,0,5,23,74.55218259039749,0
22.192085852657513,12.510499365404858,1032,0.47332426616119205,1448,0,0,5,18,37.24835094439284,0
4.975939542134753,10.05295744068846,1059,0.2548097095957944,1032,0,0,4,24,39.57227361602756,0
88.4371596056894,3.374792565174814,1085,0.4615093466063331,782,0,0,2,20,48.58062601859166,0
20.145545544398615,10.550813520212756,1081,0.48222833774075874,1241,0,0,9,15,57.47539465129016,0
104.0153354453256,21.281433195479742,1049,0.5554022498068174,380,0,0,8,15,68.94140404846442,0
49.326918440582794,12.234009878730413,1093,0.6238461867009725,1921,0,0,2,16,96.03404167109059,0
3.1089708028623946,5.172027740010372,1022,0.6714167329470664,64,0,0,1,10,101.92544986409897,0
31.37457205246652,4.389303621517264,1039,0.6375750850711668,970,0,0,8,20,51.97968621220729,0
47.042356031472146,11.5195935726958,1093,0.549042640867728,618,0,0,3,26,57.988657389277904,0
-24.634661726869936,18.219899547921152,1001,0.5041386225501127,881,0,0,1,25,18.769322886050887,0
32.765398837511725,20.148529337333088,1059,0.48225249548099697,48,0,0,1,20,39.35953601302124,0
80.56769720269695,19.60028974262216,1060,0.6486598830749428,1348,0,0,5,17,79.59873654826704,0
24.29444404616602,11.74031907712887,1036,0.38254856255765346,1309,0,0,7,17,66.36782518184025,0
35.842044026317,16.641480062361065,1094,0.5407598764780647,534,0,0,9,23,40.23729436449848,0
63.00687380575638,12.784265438189998,1032,0.5790155568330151,1788,0,0,7,20,107.00920480158882,0
30.09691528341536,13.012695477265767,1028,0.6080685954058007,239,0,0,6,13,40.157163552745445,0
37.86084439877161,9.750496839534822,1001,0.5834597239514758,1800,0,0,3,16,68.5419924803565,0
58.67505931723454,4.02942460332032,1021,0.44084735534760583,398,1,0,5,17,62.312417724717136,0
68.16818697893939,21.98762464354563,1091,0.4294267962080696,290,0,0,6,12,13.89394569657081,0
18.634115429778404,17.725196984882626,1049,0.5605875934772845,773,0,0,5,14,81.90268330435515,0
-6.397731554171351,13.411613638039714,1076,0.40063477880673604,1874,0,0,5,22,40.17689374552626,0
14.93965887141404,10.22763716281737,1066,0.5119390215737849,1161,0,0,4,22,102.59958426292155,0
9.510509893395785,8.945440916018264,1031,0.6238962501055478,1941,0,0,4,24,64.58757209636953,0
75.53372295140714,3.9635690906393855,1071,0.5005776676315461,1585,0,0,5,24,89.31618101795581,0
79.9465296791519,11.32414713227666,1052,0.43017382109237806,269,0,0,3,23,10.098250705439405,0
53.78937543760998,22.19533150059953,1001,0.49980478333851147,1005,0,0,2,16,57.2662140293928,0
74.2571302067035,8.707889393444965,1028,0.43991836602703127,1488,0,0,7,23,72.72490415083627,0
42.97589129152458,15.501996633732336,1019,0.4432496576934801,1942,0,0,8,17,37.3119888076442,0
-1.057066900550069,0.4864849361532624,1066,0.51236000197082,1811,0,0,8,15,-6.771805801737258,0
66.20053405169422,20.80278689077577,1023,0.5972395545602952,1742,0,0,9,16,68.78640656255267,0
27.124422825602053,19.071891703055083,1091,0.45669667466535396,1590,0,0,5,22,51.748951431392534,0
-2.1914133633429884,16.386708004659127,1036,0.31630247868696787,1964,0,0,4,15,66.14222006349225,0
87.12314404052418,20.8162921128507,1039,0.6664449309374785,1948,0,0,1,21,45.34777221284607,0
41.35549212732451,21.172794686819273,1053,0.42570428887536027,606,0,0,5,19,55.576794333909476,0
46.33828603636168,4.748511592263946,1016,0.5097381994791015,1382,0,0,4,17,67.09961674111779,0
62.73181813583038,6.5711517936458925,1048,0.4097071006231868,839,0,0,5,21,64.25213387832056,0
7.928921497285252,13.640706212342252,1097,0.5525629001129846,887,0,0,2,20,35.830798562532735,0
58.461026576280275,23.649243366429737,1036,0.3505244699294021,679,0,0,4,14,23.494757391081997,0
21.800965125498006,20.382207035991517,1042,0.6775886347117211,1249,0,0,8,17,44.44410165874987,0
21.40014175223863,2.3918676655499675,1073,0.5887474635537999,1192,1,0,3,23,42.1279983788302,0
40.90460651497174,14.563954293929598,1020,0.5262336362538537,1921,0,0,7,26,54.523591613802736,0
52.32756168459173,23.475765015283734,1026,0.5440419492590466,1638,0,0,6,11,73.94391546399285,0
24.30505287772403,2.611377365521574,1081,0.5549694581955646,1160,0,0,6,15,75.8874107920359,0
13.189577681343927,21.380758968858625,1035,0.4051272292626171,985,0,0,3,20,59.94793829297831,0
72.26382473215676,10.40114035475858,1069,0.4341112886615473,1373,0,0,9,28,37.40556183143042,0
38.080302423459145,17.14232310772437,1034,0.48277751644180456,884,0,0,8,17,44.88470977138557,0
75.6192792965667,11.8366924749103,1070,0.528349539560449,95,0,0,1,17,76.11038733874783,0
26.42041902095053,12.897212218544833,1062,0.4011840288687422,440,0,0,3,27,53.97882994367649,0
138.06218619165404,13.290140072109565,1099,0.4520626428670575,117,0,0,1,22,55.79801208094453,0
155.87165562711454,23.350435500088857,1027,0.5541416590431079,1195,0,0,8,22,55.793617582423046,0
63.34560612672464,12.283079862610048,1054,0.5555281903484475,1597,0,0,3,20,70.59531676836816,0
64.8219175692656,3.492948751743511,1094,0.44998724395986106,299,0,0,3,24,52.41621638417706,0
44.36421796973841,13.937396787427337,1074,0.6614629687989126,458,1,0,7,18,43.019849671453144,0
51.367155197114414,17.66362773016991,1017,0.2992894445973411,913,0,0,6,20,65.49214991746882,0
40.30497002892546,11.475968718640598,1033,0.5951612319549117,480,1,0,7,17,75.82644340547466,0
16.14227980708896,21.493481527845063,1029,0.3575639623283472,581,0,0,6,20,75.29686235090702,0
45.14135549176018,8.780920875575415,1009,0.4359169047666651,193,1,0,9,23,64.35399059923333,0
20.79863485918896,11.748949010259704,1032,0.5392876602028077,257,0,0,8,20,92.81778994504636,0
93.46460325013146,23.217263703928637,1036,0.29410698467883023,903,0,0,4,15,98.05951364344256,0
61.59147961544183,11.265465084751897,1073,0.48827338423992106,862,0,0,8,21,67.74644944675923,0
115.71366877429935,20.66712583307475,1069,0.27308763977921835,1145,0,0,2,24,36.9085925353545,0
52.6818583679484,10.244226933494943,1010,0.5218751188566526,1704,0,0,2,23,92.79734338920207,0
31.050454264590684,18.645143898199382,1078,0.5347724608615673,245,0,0,4,27,69.70689206451695,0
77.57229448963305,11.14892312458606,1014,0.3609521955859276,1203,0,0,9,16,52.657435177660346,0
83.7233815995804,0.9156865424490528,1011,0.4472566262904132,634,1,0,8,22,81.10794439957431,0
67.51511244617177,16.692251434998596,1090,0.4751827945748594,350,0,0,5,25,56.377455731854845,0
7.723526059264593,11.377514979708184,1089,0.5246288956941382,310,0,0,7,22,43.65700762300244,0
48.642370941069906,21.156745153008146,1048,0.5096445150838528,378,0,0,8,23,71.90018717123637,0
34.86731950108492,18.790119670581483,1021,0.5740631788192317,1046,0,0,3,21,112.70548162851024,0
48.302345333003124,7.008338410577617,1024,0.4136823658018299,1216,0,0,5,22,101.10330388537476,0
37.262055019335726,1.293284362251935,1089,0.6679359414208808,1720,0,0,2,21,43.537062462503016,0
28.131222499005133,7.511740379853026,1067,0.5025740779453877,320,0,0,5,16,23.62909929421768,0
78.1210224276104,1.0910214141692283,1028,0.4098362070855844,917,0,0,7,26,55.32699494907196,0
41.3005593669008,14.333104660463837,1088,0.4068536532527681,319,0,0,4,14,91.4742056522438,0
98.85405664316966,6.012034192702551,1072,0.5971330675400567,1608,0,0,5,27,41.76412349520079,0
57.875086725555015,9.705028817189895,1056,0.4191618569101231,273,0,0,5,25,30.42955942859711,0
58.40707838007483,20.50608982515347,1042,0.5680309562067194,1840,0,0,7,18,27.658125618710542,0
30.9337670355333,20.029726964902732,1092,0.4294008786566818,1264,0,0,5,21,61.345513955174425,0
88.05749706942407,9.874469698239896,1031,0.4207459314336503,1471,0,0,8,25,20.753424787769404,0
-3.5759947580233344,22.533199561693607,1073,0.5791167174255699,1711,0,0,2,14,85.83958722877605,0
36.60699156348415,7.402106131888321,1052,0.5089389313971466,1590,0,0,2,23,83.41225070101017,0
44.38567204986354,13.093784321890686,1096,0.48018176599726275,1089,0,0,5,21,76.0413995837483,0
42.27138543467018,19.022187364717063,1038,0.5395003670874512,321,0,0,5,21,67.43178197312385,0
41.78812243499718,9.879619123239154,1008,0.464508134176314,242,1,0,3,23,32.946818719772835,0
101.78679636906898,13.759769114472558,1092,0.25580555069129574,1755,0,0,4,25,10.62242362427682,0
10.85549328701152,13.527808791240364,1058,0.5420684954818005,1114,0,0,9,21,36.81339471823793,0
70.70431975133337,10.917758469177532,1019,0.6077677459914519,648,0,0,6,9,27.54103006921737,0
66.4135734552563,15.700039487806375,1051,0.6144370540695276,1149,0,0,3,25,64.10117429065747,0
64.01756645548369,22.61715275362093,1091,0.3690632416320759,1508,0,0,1,24,42.93514811984866,0
54.39426834959954,1.912913746691018,1019,0.5266521150728791,1495,0,0,3,18,79.52612792313863,0
77.93840357348596,2.1195053092458673,1079,0.4286338410906363,895,0,0,8,27,102.07613048589764,0
11.301173007768384,4.663832492970583,1010,0.5739964860883504,462,0,0,2,22,96.2196718575313,0
72.41880815369785,19.474872729928574,1006,0.4587178659199281,993,0,0,6,23,95.53020039488553,0
93.25827205857803,17.20191318984186,1026,0.33645612954919013,652,0,0,4,20,72.21594773303933,0
119.57988619945083,22.704052640137146,1084,0.6169525128099512,1173,0,0,6,24,33.566706925050646,0
56.80052745483792,16.50107773267994,1056,0.5127581795678788,965,0,0,9,14,97.96561935708006,0
25.669974091134655,2.229593147858865,1011,0.4082940016012441,336,0,0,6,22,75.76512584567958,0
59.34958568014335,14.591717548716904,1038,0.6314622003609947,1782,0,0,4,26,45.828341433698746,0
58.765781849791196,5.479684171126625,1037,0.43223836413035216,37,0,0,7,21,68.27476403464782,0
69.90636855495305,19.510871607532945,1064,0.5066319912755308,1318,0,0,5,16,62.457427274069275,0
46.94015850092204,15.604275023064288,1075,0.5423424493139234,835,0,1,4,20,80.73715353919937,0
38.3178931542387,8.705684834901035,1065,0.40639344589822385,1122,0,0,4,19,43.10335283301474,0
36.204222130545794,20.45118527086527,1037,0.47050211417284904,490,0,0,8,27,56.27834516436956,0
70.64615919358648,14.426329472940223,1053,0.29090132816732694,1638,0,0,2,18,52.95590589564404,0
51.740682044251855,16.960505003053044,1014,0.5785517645344335,265,0,0,3,22,75.85871806634889,0
30.499281967793053,8.705679551339607,1015,0.5778308228882542,981,0,0,3,18,80.46147391872219,0
67.11796005779478,5.18221442253498,1098,0.4373521111632667,103,0,0,3,23,38.29944575376128,0
60.72984099893268,12.289882894504297,1070,0.5745177098818902,336,0,0,4,24,68.31906120650261,0
89.28332304207945,6.516397865593713,1009,0.22132751744025048,429,0,0,7,27,47.45469015371002,0
23.082409815162297,3.866637724459995,1097,0.5629358338026913,789,0,0,6,16,35.107874798317425,0
33.31643759717659,21.74370975021396,1089,0.46148374070730636,1369,0,0,7,20,53.251610365376095,0
47.953924090019925,10.25145420263948,1006,0.4513577842171045,1306,0,0,3,18,53.130901591248204,0
28.28105808596638,4.295083611240025,1024,0.43679634251242494,1516,0,1,8,22,42.17819441081872,0
92.71861536623501,17.506079838102163,1062,0.6674922936054082,1632,0,0,1,14,43.482910659732966,0
48.762556130623906,13.582409968609134,1081,0.5402148599604774,1171,0,0,1,25,43.15696599319729,0
17.42756867655352,21.62492394561656,1005,0.6188749201335115,147,0,0,2,12,61.865582177665146,0
59.721093281196,8.087594938590016,1038,0.6760402738150271,1257,0,0,1,19,19.028888309975777,0
-12.20170697224448,23.943608121011366,1000,0.6092279080818412,1306,0,0,1,17,57.06464452503203,0
37.50124083153612,5.571086450474542,1024,0.6135436333985562,291,0,0,4,12,64.8543861055972,0
42.35068347737434,4.621826336324168,1012,0.33994812385913686,891,0,0,6,14,42.159182981860624,0
23.65030768460783,4.253668746536483,1020,0.31400818106839523,1098,0,0,3,25,80.60495212715682,0
62.721831333922694,9.483578603943283,1055,0.6600411409237317,552,0,0,9,25,52.153470817675796,0
30.248518461786638,19.540293519297133,1013,0.7075667117202369,1566,0,0,2,12,87.07699175566438,0
39.57425172443426,11.574089725454922,1039,0.496836527026133,1998,0,0,7,19,50.638538655315806,0
66.29096837868957,19.93791731329334,1053,0.5693436172593078,1766,0,0,2,21,43.91429746151752,0
37.25505957423085,4.4433812410088525,1014,0.5835739631855477,1172,0,0,2,14,78.70648984409964,0
72.36082172233627,19.72601713413028,1030,0.4088619389513582,486,0,0,4,18,49.07974386934904,0
27.321478799242385,9.634515887972759,1033,0.45302255271873576,1192,0,0,6,14,10.99691795292501,0
22.535689127291224,17.04054555600443,1069,0.4972334893069085,1498,0,0,8,12,103.38763562387695,0
44.19171466893476,10.563184910824077,1009,0.4443732575964757,1753,0,0,5,19,114.20602932354242,0
32.73086521286678,12.100243688113032,1079,0.7341005576908028,1518,0,0,2,20,110.16905520564887,0
38.41032573658474,16.409637067714243,1083,0.5432503534142844,1907,0,0,4,14,39.736340816006894,0
2.873715437945023,3.3140077584482173,1009,0.4186093624142293,1648,0,0,1,23,119.13370386983442,0
38.06960919156188,7.266566216560618,1063,0.3736991278963264,746,0,0,4,21,88.3870205173518,0
64.81932146616934,12.372477981945039,1095,0.5072094366653698,1211,0,0,1,17,61.47152114839738,0
37.29204254815468,17.65339675843001,1049,0.487513648583449,842,0,0,8,18,55.594555346526285,0
20.05363224465784,13.08608271028729,1063,0.4797601711438403,1983,0,0,9,25,115.43129488589256,0
58.640851049164674,18.25281571223268,1051,0.5873779020589622,1526,0,0,2,17,53.32480520354246,0
37.01678349234834,1.0402948782558186,1038,0.5225438360765609,1079,0,0,4,24,28.32831098586839,0
50.022665223637865,14.478775666814123,1097,0.41715096578081196,93,0,0,7,18,45.19482825490245,0
18.012952043023247,0.7030489201288956,1089,0.4566278921830333,294,1,0,6,23,19.626552099648933,0
96.88666305524593,18.791720574377663,1058,0.6157308926143437,1750,0,0,8,16,45.7078635035243,0
7.791697984604923,6.704551757778237,1079,0.49306278713277785,1404,0,0,1,18,57.24128663544642,0
51.5677547149245,16.32637508948579,1014,0.5138537347804171,1029,0,0,4,16,25.35006601997008,0
68.57098839765598,13.28363888602387,1029,0.6261879680520143,1890,0,0,2,16,98.5357825624393,0
40.338154513829735,5.968971743195229,1004,0.5236486058960016,1505,0,0,4,19,80.54285495092175,0
4.329970451547673,9.581740072060299,1067,0.5473342301562092,397,0,0,6,20,78.81765379586622,0
32.91650676523669,11.966987118390804,1059,0.5231361870537855,1845,0,0,1,24,84.9888762935626,0
44.298828949955166,18.430501238832267,1014,0.5031909221638874,1546,0,0,6,25,54.01637857550962,0
96.28209101839329,6.237111034795365,1007,0.5833617491241255,1442,0,0,7,22,55.98436107937265,0
34.9579355934309,23.19875981434114,1027,0.5257192683623445,1778,0,0,2,19,68.14720603491965,0
85.44703149257438,2.905170628136128,1086,0.24339806822943016,1216,0,0,2,18,49.04879184036399,0
13.390379301680724,16.167898077442423,1023,0.5359840829600505,1494,0,0,2,25,28.233732689601982,0
65.58076236913664,8.669992669766511,1033,0.3882379320598344,1701,0,0,4,25,26.879577043190537,0
20.083151376836717,11.266242039815001,1025,0.5027940561199977,663,0,0,6,22,56.95210499767494,0
41.39617292785192,5.8504678339854586,1052,0.5653830491411823,110,0,0,2,19,80.8571832790076,0
86.5628555509195,13.794136575729704,1032,0.2720361595050248,860,0,0,3,25,29.129025221641626,0
71.44236949666835,0.19485136888787657,1095,0.4927378948461024,714,0,0,7,20,84.7018932114992,0
78.94309682907337,9.117724526837428,1087,0.5614484802919284,211,0,0,5,28,53.60212710440804,0
27.793032423538747,6.4256932505895525,1024,0.3684648810659811,1509,0,0,3,16,66.15781893581851,0
21.822753779539795,12.962578534122983,1054,0.47329446716558815,350,0,0,4,19,64.2232137703817,0
169.80378331673558,3.4180098038288573,1039,0.97546093542669,1686,0,0,9,2,184.7792496338334,1
48.67180040466054,13.233707397741615,1026,0.514177491080166,1641,0,0,1,18,79.1061724845077,0
55.040460215975855,23.47736804595299,1096,0.6276657072753722,290,0,0,2,24,38.50657861830774,0
18.34676973558652,5.5518794953669985,1017,0.5652443893819411,176,0,0,3,28,70.11230862196484,0
73.07094966326827,22.191473101977937,1038,0.5536792963199817,479,0,0,2,21,33.14170081719834,0
-9.812069277143664,8.958281568702452,1036,0.5616895278161109,1627,0,0,2,23,94.47503357306559,0
-0.4797608236805715,3.1628800472186462,1007,0.4541697230583906,1616,0,0,5,13,64.82976703754125,0
104.97671130437605,10.527808425770488,1058,0.2810330199922706,312,0,0,4,23,33.79497202917943,0
53.35397474610165,15.271264123657335,1000,0.43475019648072694,415,1,0,9,20,42.217482315813314,0
52.47325299904527,12.872928569379017,1067,0.261027263566401,808,0,0,4,16,51.13211695064098,0
53.92070073393147,9.401954102525082,1031,0.532149071756421,354,0,0,3,19,92.35350684279226,0
16.24441694806515,6.858453605277645,1029,0.4280592308927887,907,0,0,8,26,-8.107060148277696,0
55.218416252384344,4.598255229671882,1084,0.4762522347543005,519,0,0,9,22,57.43910124786922,0
22.826083598865573,14.662842466470657,1084,0.5765441164247894,332,0,0,7,25,44.40989613279926,0
37.15654517102263,15.753915221512152,1075,0.2856679362220038,1164,0,0,2,19,38.31854269410811,0
85.86441952476437,14.714582302934154,1083,0.4276932619703756,1303,0,0,2,14,62.95451083700658,0
71.23255806366427,13.40835465449361,1073,0.45176420054406397,101,0,0,7,28,69.98239180679022,0
88.1569863627183,6.16760789969958,1036,0.41599734194055293,906,0,0,7,15,51.11956365100724,0
62.14945132882867,1.2398922198957525,1078,0.5131667016610317,419,0,0,3,30,81.7647058088751,0
20.092051207936194,9.136038331294056,1013,0.36521866846447015,179,0,0,8,19,56.472580542509235,0
34.034943106184315,8.775411904901073,1006,0.492922607073564,83,0,0,7,15,82.9885084793399,0
91.35408882384513,16.89566212475192,1046,0.169177051374088,736,0,0,5,24,64.37422129165397,0
61.10635669825223,17.853315458846858,1017,0.3722540561823781,1982,0,0,8,12,25.37351071175444,0
70.70221029009838,0.7898591269185422,1045,0.5285480697388126,1500,0,0,9,29,49.60147295910222,0
41.46123487238963,23.75262882687653,1074,0.5017409238352604,1160,0,0,4,21,73.069598877447,0
53.42682945986119,22.87311806783628,1056,0.3863320607084035,1944,0,0,2,15,60.44207071551064,0
55.78585529450572,9.9479406033348,1022,0.3319767392293005,901,0,0,2,16,85.42112910873561,0
40.16315850461247,2.0802854676199374,1059,0.5153371387265872,475,0,0,1,19,52.148875611050606,0
13.477886195091443,2.0440120010533525,1037,0.329689408993986,901,0,0,3,19,12.291651482057283,0
11.315582383709376,8.299827930856301,1044,0.6061990462935584,953,0,0,9,25,65.75102483011443,0
31.12886416389167,20.45155161244822,1050,0.5145975907670051,403,0,0,3,14,42.51110055560619,0
104.4022309554627,16.415527981444548,1099,0.4474875045454393,1374,0,0,5,23,31.252842084038548,0
37.41695742024348,18.269076363971372,1048,0.44862231100014377,540,0,0,8,25,17.877673826677068,0
7.7311775962388225,7.676472934313042,1079,0.44047700333266915,1639,0,0,5,17,83.02792396568819,0
-46.63049067957141,7.876948045714137,1001,0.5182076625034909,369,0,0,5,22,73.06190054614444,0
54.74281695730358,17.899225170384256,1015,0.24757327239059995,1403,0,0,3,13,83.81576294437625,0
45.84632048048679,6.084148534200351,1052,0.4224448789060941,786,0,0,1,19,88.88875834052541,0
38.180399562706384,23.61213620497859,1069,0.4580601135727115,1767,0,0,3,25,70.19656343704064,0
29.744651750768554,9.13382259307457,1067,0.5940914007562557,1746,1,0,1,16,15.733023932988125,0
83.63564427709713,23.29563919314696,1049,0.43729437557896267,991,0,0,1,22,11.809251042510795,0
36.49803585562269,9.011933791718903,1009,0.47507414302782336,907,0,0,3,23,110.68268207926008,0
27.22602015338906,11.551449085399039,1014,0.5355502686120986,606,1,0,9,21,54.89885642639438,0
38.55106713760366,11.242446688970247,1078,0.5891959074589954,646,0,0,4,16,42.02716526971432,0
85.8553223453425,6.084927900460208,1040,0.4894082838169953,1950,0,0,6,17,48.16973107147258,0
80.89882452743484,19.740864453923322,1031,0.3855441007443552,1721,0,0,9,18,37.63503015474385,0
198.7166647620386,21.853270150028482,1024,0.9566095323952205,693,0,1,5,4,204.92493547279136,1
132.65653231159706,17.77244075237878,1000,0.5955869794569908,1405,0,0,7,20,78.25224090415605,0
73.44074359419544,12.7780880527993,1060,0.30768756006451026,531,0,0,3,10,83.47613426008576,0
18.019034851169582,23.901759369272213,1058,0.46202843727064813,597,0,0,4,15,81.22837670154759,0
39.908391637665915,2.970255986016265,1004,0.49922533174458794,1865,0,0,3,24,22.825902497037866,0
30.505193435076908,15.999539176782658,1068,0.554115404866772,97,0,0,8,20,83.93032595690678,0
42.365717700639756,10.416000398291452,1078,0.4278640012089676,66,0,0,6,20,110.85694762556854,0
58.8542293801225,14.022310254547047,1017,0.48614845821791414,1049,0,0,4,14,80.97803145680943,0
9.104779862215686,9.147543680665217,1001,0.5510384182621667,408,0,0,3,18,76.95523884941397,0
55.93732350387943,10.454555939543182,1061,0.5849197944504889,1034,0,0,8,16,28.30413771835902,0
70.67493371223007,20.567611337073018,1018,0.46583368594417646,1986,0,0,8,20,39.7923281006986,0
49.40244811100806,18.592242440962895,1079,0.5289877546376303,872,1,0,5,20,25.305759096172146,0
85.3996558906936,23.313510407747955,1090,0.5442137108363967,391,0,0,7,24,81.60002124424693,0
36.651608273142415,17.674005882634777,1044,0.4895139316118507,1199,0,0,3,14,77.22412302323838,0
63.75160110654453,18.85444301815254,1051,0.7342699836256448,1867,0,0,2,22,46.953157904034406,0
66.27680130757894,13.494780066420546,1046,0.4027794792772036,1395,0,0,4,18,74.55433541854461,0
49.003100280666175,11.362107135202695,1064,0.39178672206876797,698,0,0,4,20,57.99297600603774,0
42.11759756940488,12.612977547017188,1074,0.3933709231764569,336,0,0,1,27,60.571118900579506,0
35.47297781401246,5.899851183197192,1055,0.4770994669002488,1597,0,0,9,10,101.22712159093354,0
59.314182625422546,9.216360713452422,1002,0.36896587231369493,551,0,0,2,14,46.59766746332956,0
61.94144649527787,21.18924735948442,1051,0.649417918486294,1921,0,0,4,21,37.790619268356494,0
83.11632029948774,2.2959260740521996,1080,0.46107209461372217,499,0,0,8,20,82.77974912511274,0
88.97449461643002,18.58320282672362,1010,0.4612086230561712,1149,0,0,5,25,79.52229460572937,0
84.45912048286147,21.990500096244755,1094,0.4009294713818216,701,0,0,4,18,52.12712768523343,0
85.85139886774527,10.33719891859225,1042,0.3491157408940478,73,0,0,5,21,71.72415040438246,0
64.38324554258192,4.607412140621708,1015,0.5309274643083286,511,0,0,2,20,37.923339736627966,0
81.7985050928713,0.0865017573188922,1019,0.5461376405067013,325,0,0,5,22,82.06156205643272,0
106.05809657489007,2.6680639860921893,1035,0.3791233034625399,68,0,0,9,21,30.075645620710635,0
56.69842739766112,8.511050266634847,1094,0.5576987115152218,567,0,0,6,25,12.182436103020649,0
56.717806218398195,12.68436410783425,1087,0.4433797907483999,1326,0,0,5,28,39.46791419649525,0
53.07936585618993,14.56939182013657,1090,0.47525792354183516,280,0,0,6,18,62.61231257219647,0
116.06041773978848,13.640521103678896,1070,0.5592688182589476,1601,0,0,2,14,80.1409426287448,0
64.14627141254617,18.351590678168574,1076,0.6394306607530884,922,0,0,3,19,31.99647563664061,0
52.78937739588229,18.02768888749388,1047,0.5632518736850345,42,0,0,2,18,39.956580805623375,0
30.32936841615669,18.70471836114524,1079,0.45712061086208405,1297,0,0,7,14,87.2486479306201,0
32.69324391430554,4.787104483993248,1020,0.477799614100864,193,0,0,1,15,79.21701034326308,0
40.637842038418015,16.957459543751952,1065,0.5946804099131999,241,0,0,4,19,108.38761631629106,0
41.10177622790605,18.866770747275176,1044,0.35241611040870446,121,0,0,7,17,55.60895154073457,0
46.80988992406055,23.149924459239667,1043,0.5190970606877973,1932,1,0,3,20,33.06443984287184,0
33.69179311720842,15.101255330126726,1078,0.578089223796415,1882,0,0,4,36,104.96738362648361,0
43.63267070480208,9.408649345895448,1069,0.431656609824688,1710,0,0,2,12,49.1984208146119,0
53.223331230226776,0.18474727091310683,1036,0.5715093662184071,1195,0,0,7,22,83.18134729089206,0
95.11978965748065,8.546152170113928,1041,0.2855834028804398,1102,0,0,7,14,79.00860956134142,0
8.023152223261064,4.134355544538917,1005,0.3838173060623449,1914,0,0,3,13,85.45912180210298,0
40.64972342704297,21.83224612572203,1097,0.5342963528365695,1605,0,0,1,21,35.644397448832606,0
9.76805860095294,12.627426232539513,1089,0.4467206144137095,1529,0,0,4,24,91.06289766328122,0
72.77465480907941,13.650458460549054,1001,0.43874675845375977,481,0,0,9,21,110.9216784001,0
81.83768775536353,6.765450494383978,1037,0.530532881688437,264,0,0,4,13,103.051736078673,0
43.62644891860832,9.296603752991057,1078,0.6705202351584926,1346,0,0,9,22,59.45752186573695,0
73.89291099926331,23.857342962434725,1025,0.4712208325347708,668,0,0,7,20,70.8797865692565,0
80.71128638320944,11.239222742399,1099,0.5503751518504519,531,1,0,2,23,69.26841774091443,0
77.41314864156757,21.827450600829376,1083,0.500168037909407,1892,0,0,7,22,46.45455204700903,0
35.325314744473516,14.552287331630682,1044,0.4415942423687279,1516,0,0,7,14,35.96660205994083,0
52.13761249732678,12.529161988110204,1099,0.4155689100072524,1858,0,0,7,21,98.89057715686954,0
42.466464960726775,23.772362770805103,1057,0.6238211063646533,1178,0,0,2,18,42.22249818709335,0
-2.288425914599955,21.629009660198697,1057,0.5230221250841677,209,0,0,5,17,91.04538790398988,0
41.60568972868982,11.855399719326384,1025,0.35524300040530055,1843,0,0,5,19,56.53551859457344,0
100.1771716051311,22.58926868989578,1008,0.44914342072967606,1562,0,0,2,19,49.809255336980726,0
82.48999815550606,18.581332587744317,1087,0.4763548637392318,668,0,0,9,16,64.98124350641473,0
-9.966667205837496,6.855808069989187,1010,0.5474750966337635,1208,0,0,4,21,67.5854021870686,0
64.7451694174035,18.57923180897825,1055,0.48418380332427813,1089,0,0,2,16,110.37472438169864,0
34.45242083416393,4.815448390972697,1028,0.492761435548411,274,0,0,8,22,24.173465683716202,0
14.190895047305595,4.489364064633128,1031,0.3616157449114471,532,0,0,1,21,113.75235387020882,0
119.74096742970252,12.081698612267079,1017,0.5878808082485473,1756,0,0,2,13,77.05189902017605,0
200.6713876736286,15.666897106035579,1006,0.952505021089987,1593,1,0,7,3,228.17631043004695,1
99.2801885976789,10.85133732293874,1043,0.6851466384254219,1374,1,0,7,23,61.075370594613126,0
64.20777291905544,15.297380408959185,1079,0.47701568182315607,1161,0,0,5,17,84.4922480361714,0
50.43526997787962,2.372907721287623,1010,0.4710961512028795,374,0,0,7,19,77.90845001737468,0
96.96572087703021,20.82788405195838,1028,0.5900950537178111,255,0,0,8,18,57.832786938134895,0
39.114843186810226,4.074646554194931,1054,0.5859702032399012,1481,0,0,3,19,108.13413658577664,0
-14.587405472725465,17.51995946375929,1077,0.5504607687242378,1596,0,0,3,17,56.36270915078162,0
-3.0531809668855487,16.974497422666925,1060,0.4655957829297891,560,0,0,1,30,82.91174030942423,0
41.15150965123917,14.708528677567653,1046,0.5152001662796823,254,0,0,9,12,45.19354780725379,0
30.48072292634519,15.167792259155252,1042,0.49074863025643606,927,0,0,1,17,62.000755644590626,0
67.36785945713704,6.215905759191185,1095,0.4296139166391638,1870,0,0,8,24,74.43347352215973,0
56.06986389268406,9.78236001197235,1041,0.5739776728278794,213,0,0,8,19,49.1892710498148,0
111.06594370158784,1.4256713733785036,1053,0.49421546121192556,1555,0,0,1,15,43.64253067120568,0
43.38302179198058,6.072757044771359,1041,0.4669413098977483,1503,0,0,2,17,42.74931517972507,0
43.24212072525939,12.249494940482375,1045,0.24384188060133144,1751,0,0,5,22,38.79889552845977,0
80.99569593089444,21.50536049995163,1033,0.31390915388887874,1169,0,0,8,25,51.74936639886766,0
51.183411447222184,1.366868815096348,1058,0.4952948026857085,1183,1,0,5,18,85.79360656683144,0
64.38082860288267,8.699036366749452,1059,0.3335396575071701,1054,0,0,2,17,31.673439592087373,0
23.95217115205003,0.10073185993356493,1046,0.29582592306311595,976,0,0,3,27,82.5978594654916,0
16.36268779716825,18.769548517738347,1080,0.61627691292682,1391,0,0,2,16,67.53872441152012,0
223.48103169102893,3.584200292563782,1063,0.6725326625484866,1926,0,1,1,4,141.71357317288144,1
27.031665289094366,21.73631124904754,1023,0.6250089473638616,325,1,0,9,12,44.271967352413334,0
120.47227360102272,8.308447385127334,1021,0.6257536270616101,1083,0,0,5,25,72.50822249915458,0
40.61994662802928,22.34008875743785,1092,0.595643074288186,517,0,0,8,12,118.93972433292817,0
48.07435468674507,13.541231448800772,1021,0.39967188010994925,889,0,0,3,25,86.08974997879167,0
23.599640549277083,9.072738404983449,1075,0.3937346027214667,1599,0,0,2,17,67.1649982861699,0
35.508168449496814,22.28655190984847,1079,0.37928955143307447,919,0,0,2,16,73.30479450080443,0
95.90585596590054,22.392356955130094,1069,0.5151773817051998,1204,0,0,7,20,30.7556095133397,0
42.56359642764011,20.61692086911119,1090,0.3339410342402692,773,0,0,4,26,38.18192123708346,0
-13.816822610544861,5.598103723741163,1097,0.5803027584583553,1870,1,0,7,16,24.766984990082186,0
72.49299885467555,23.65379111770431,1041,0.5493153038648064,1387,0,0,5,20,58.70706763618455,0
51.93423244430361,17.5218039984799,1045,0.41637510947344075,360,0,0,3,21,95.9483762871802,0
64.84116961325097,12.01006790004196,1077,0.4259820854583884,167,1,0,9,15,40.402313804158936,0
18.22364874881294,20.914849550852235,1048,0.4018308373780681,1739,0,0,9,24,81.52952936228571,0
6.703976186426182,8.125387501319505,1051,0.49814485619635146,1480,0,0,5,19,74.32817214963664,0
56.05215964388132,3.615707727855211,1098,0.42338884881257144,1542,0,0,9,25,51.00186076608959,0
19.257477497708294,21.666024359377865,1034,0.6601161581493615,198,0,0,9,24,38.78170479005041,0
100.09768344213916,19.12254865367629,1073,0.3294488752677389,1229,0,0,1,23,94.3954794630464,0
38.55531755527721,1.4071094183667707,1090,0.4751332979267586,1210,0,0,7,19,93.45278244424978,0
49.174552848480914,18.461548884994507,1055,0.4911679363055207,1391,0,0,9,21,96.3750944478085,0
90.67416018294503,23.99175141495213,1079,0.6521587790647347,67,0,0,9,19,52.301858319509904,0
40.93863501530407,21.187336300523636,1062,0.5772741452903988,1986,0,0,4,21,79.33470585026512,0
179.32104067140637,22.700319855241197,1044,0.8763741562301013,120,0,1,9,10,189.77761188275323,1
68.23521016205025,6.653400178125175,1051,0.43225185322976767,1231,0,0,1,22,78.5076900350443,0
9.979235152453867,17.92131844041749,1013,0.5623803534960508,1901,0,0,1,19,48.23347104082731,0
22.453635004706253,7.840274491428294,1012,0.45219122748798696,1759,0,0,5,24,53.62100755582378,0
99.8377764364361,23.13488220931889,1087,0.5425668601196084,1359,0,0,1,13,40.670697003054215,0
41.888999097164906,8.146612937697228,1083,0.3465775802337968,339,0,0,8,13,65.27308256588654,0
51.64802332999546,2.490766276240125,1094,0.5308296835530176,1445,0,0,6,22,28.049105427974744,0
93.31293812219778,23.27821376558264,1012,0.5635630398331164,1929,0,0,1,25,68.13324897136208,0
36.691795093778424,15.10080377879186,1001,0.5099875590897677,1100,0,0,1,23,25.7952517333661,0
23.48393314577812,6.387598726313553,1015,0.5610979551195406,253,0,0,7,26,77.29350528241547,0
-15.346339591942908,11.818144545566273,1027,0.3453676312682545,414,0,0,1,12,79.20246985424714,0
22.79291375833817,3.9495090388756893,1005,0.35760550283803805,1017,0,0,1,24,71.41434476569003,0
41.35811604946164,14.62191144901867,1033,0.4838987584905576,1606,0,0,4,20,90.19713036913264,0
70.44086979725915,16.365723995058516,1026,0.4535049523291701,596,0,0,7,19,16.143832412007107,0
16.44429547365103,20.122665268133144,1099,0.4585354914036207,391,0,0,4,19,74.50738492507793,0
26.84777556209653,2.874681117205464,1022,0.5607322436876464,1737,0,0,8,21,30.694456171552964,0
138.29145005805864,23.603836939194597,1051,0.4204833946524853,1286,0,0,4,22,56.333474038946015,0
68.27716492669259,16.98624733980969,1066,0.4958181061603231,651,0,0,9,19,76.29166023790631,0
50.58032212435263,14.66900766757302,1003,0.4448387059288432,358,0,0,9,23,53.7249543518035,0
-30.23701384462423,4.0870940220488094,1033,0.5816288287952125,1361,1,0,5,22,65.12459467776152,0
82.46336938979422,14.746407716042286,1034,0.5035588817017308,851,0,0,4,24,50.64999250577901,0
-12.239201126391052,6.367777681552012,1043,0.4982376742222822,53,0,0,4,17,37.33394583864606,0
111.6258152376821,5.259479237581928,1035,0.45756162881771967,68,0,0,6,22,95.11133767853676,0
38.74410859028189,11.566662705425298,1034,0.6019262301404689,327,0,0,5,23,67.9077231868543,0
84.4629710111631,12.748771061796276,1001,0.5581754137166803,1214,0,0,7,13,64.59350359216116,0
66.91727360157078,10.128126020297353,1097,0.5830956816651253,282,0,0,3,19,101.03042709002602,0
39.82633162189884,8.702806838051089,1010,0.5128161926534278,791,0,0,2,24,56.36246359871356,0
38.46532636875446,11.839830643117125,1047,0.3905191060988904,1441,0,0,6,23,30.56456326690811,0
85.58436422126897,19.762885547289603,1015,0.4639842310772887,1166,0,0,7,20,107.44350061343224,0
47.54316861282521,14.540471241213499,1022,0.5620251428193035,1666,0,0,9,21,33.176173842136876,0
21.272931349543644,11.717039478635805,1060,0.49877138391642756,348,0,0,8,12,29.710411871465322,0
76.21969253020647,1.5279199977841822,1067,0.4090699175139983,89,0,0,1,20,67.07287122747209,0
14.061007123482149,18.593362301294434,1065,0.44466820971445664,1481,0,0,1,12,85.25134218459915,0
61.64557386964201,14.083439343247946,1011,0.40566117422064313,1279,0,0,9,22,92.91264058921092,0
242.79247646576974,14.565658353124615,1041,0.8477119244764275,1085,0,1,6,9,181.83423622955445,1
27.806865080810983,4.8916678491962715,1069,0.551261440954883,1776,0,0,1,10,71.27453433273182,0
13.903974338325668,19.093520700054473,1023,0.5901474811163178,1130,0,0,3,16,33.337284975116866,0
54.509052843856324,6.763816298392433,1034,0.5204866753439882,359,0,0,6,23,19.53653647479411,0
40.06074850450032,22.45919595670299,1088,0.2647817113855193,299,0,0,3,18,55.47000218143077,0
59.22210709159065,11.86354195320143,1072,0.6734008047786281,796,0,0,6,20,59.48260248837771,0
45.18106641423517,1.266800412376588,1076,0.38790139540824276,1785,0,0,9,14,68.4319453021453,0
34.13250862686034,15.495981869096271,1048,0.5274327710587533,308,0,0,8,17,26.851822468837867,0
7.41700410364971,21.044145745804457,1044,0.3837866981262464,1124,1,0,1,14,54.97274283405261,0
35.92473043685885,12.304414882798627,1052,0.46654567007646813,1735,0,0,9,24,72.00555211768776,0
-11.95908325121831,1.271491039262326,1028,0.4938833716617748,1075,0,0,1,20,29.875017984425234,0
194.89938236170917,5.274424396401576,1000,0.7831494187247564,602,0,1,5,6,137.9153276689035,1
32.320033057179145,10.814961949683006,1040,0.30547869410904094,247,0,0,9,20,38.43347745939392,0
45.2441128091909,16.64222020839056,1001,0.4952139577227918,820,0,0,8,14,36.78178284414072,0
14.331766458399542,13.472856413240802,1018,0.481826869058561,99,0,0,5,16,8.858599648087399,0
41.027927443098356,13.98524885119253,1012,0.6538765118013068,626,0,0,2,24,72.7696713973576,0
-6.2032391186385,11.236413504690411,1079,0.5599347875357353,806,0,0,9,21,85.3709397968442,0
41.166327272358984,21.086918323381738,1058,0.38982429629823123,884,0,0,9,21,47.02934601432151,0
70.56523216370613,11.271560553664614,1037,0.4678240432297217,1470,0,1,1,16,42.1585641020352,0
72.81518358752427,15.593588370177375,1035,0.48317344568313497,1162,0,1,1,20,70.36410653436823,0
20.739019181652502,13.425650781557781,1074,0.7125517458633464,1453,0,0,5,17,86.22607256438054,0
54.36563593304722,13.529224309142826,1084,0.3263036300350019,1262,0,0,2,16,112.51332778156947,0
43.068213894773045,14.906942469883445,1028,0.3899331487557711,438,0,0,4,17,15.87073999017138,0
22.690269742151482,8.682660826529617,1031,0.5551168917387386,1113,0,0,2,21,61.816160499161164,0
57.31859593725501,21.342851089782318,1086,0.6364342493450268,377,0,0,7,14,70.77553341506353,0
62.00707566580326,21.214041514422682,1027,0.5087498087464811,1266,0,0,9,17,87.09137160032449,0
3.3387879847627318,14.513035053297408,1007,0.48031258291815987,500,0,0,7,22,82.60322165618302,0
12.37131730492252,10.184115355110617,1026,0.3751277910762288,1397,0,0,9,18,72.96812700284102,0
40.83142666795061,10.252347897800924,1079,0.6383733718695863,1159,0,0,5,17,59.948199455461065,0
69.16190666087553,13.981240713230406,1014,0.5129570879328831,67,0,0,5,16,-0.0747438658925006,0
26.90011801407628,21.795694637460073,1027,0.40034072817448607,1138,0,0,4,15,49.674148754334716,0
32.88945900758958,19.82336807000369,1010,0.614920538317374,1387,0,0,3,19,79.92066389098709,0
17.445484203266055,3.0621897428970515,1046,0.5098752952037969,1466,0,0,6,19,61.758218335988275,0
63.04823115103696,22.799061621045396,1034,0.484090422328632,610,0,0,5,23,32.527739041416325,0
24.57578328304806,7.448721021217905,1080,0.27475906615764645,901,0,0,3,23,86.73176209673869,0
27.72840888707796,13.727806687360996,1055,0.7163210386422542,1121,1,0,1,12,44.488504786173586,0
33.807209590719154,0.04494585406004603,1042,0.7333774640627625,204,0,0,5,20,75.2138374378565,0
74.53944633361584,0.7887054190833558,1076,0.6404960462308216,1115,0,0,5,26,18.079888971953814,0
90.47405315340288,6.55684396015157,1033,0.5790542607005454,1530,0,0,8,19,40.05104084194842,0
3.976574877931334,22.05244923021383,1070,0.5316659811950507,1492,0,0,4,12,67.95828125560377,0
61.00239223676771,7.027508522514825,1019,0.48526604773874943,1986,0,1,3,23,61.512492221842955,0
49.87781488635695,17.466995728629524,1047,0.6202742255304394,181,0,0,8,19,74.38228473688746,0
93.60153431353103,11.608330698188796,1004,0.47748881752913147,52,1,0,9,13,79.15952574086361,0
38.65976302945349,16.373502421838015,1026,0.5147721839673871,1922,0,0,2,18,68.26341232622306,0
60.670068456896885,1.0921017069671066,1093,0.44823214323787003,1515,0,0,6,24,63.39862747586683,0
64.61654583891281,17.768749731746272,1021,0.46543624485355467,500,0,0,1,23,36.799040350837814,0
7.274971994372024,22.825570563459923,1017,0.5568074029801928,251,0,0,3,19,100.9702747831875,0
53.47023902878576,13.719353358483549,1058,0.552961618477337,1232,0,0,3,17,45.54357119254859,0
34.81432816743992,5.673695014874751,1011,0.5124517154804877,1161,0,0,7,20,46.58865981629483,0
58.89718030082925,1.033618231346332,1003,0.5229143205193769,743,0,0,2,21,13.539585281725934,0
6.684355515993744,21.246787898325607,1034,0.5534478672673421,1970,1,0,9,18,13.877871507361476,0
45.58421747695965,7.066965426098811,1083,0.5587619600596602,237,0,0,2,15,27.02442056345334,0
104.21589930913656,21.12835670044776,1023,0.5648580937581085,1138,0,0,2,25,73.15362516226276,0
-16.24842328684757,17.609664281432547,1047,0.5511430793700486,574,0,0,3,21,36.3465073509165,0
90.69750157483946,15.148180896216166,1051,0.7054793017604686,1899,0,0,3,23,56.79808145274498,0
54.71383756972823,21.182534969492195,1093,0.42657063993547367,1799,0,0,2,19,65.75457556949706,0
50.37565592989359,5.484603544961865,1089,0.46440322578052146,888,0,0,4,22,103.29760512178106,0
11.15955572837283,20.54628797367321,1032,0.6413711790774972,763,0,0,4,22,12.501603363617136,0
24.65175684219511,8.398284810513783,1032,0.39604060322083773,1668,0,0,7,23,44.63107275928716,0
18.33081530604211,5.8969222196322155,1056,0.44832923975260136,1955,0,0,4,21,11.170851417307418,0
44.82875127639014,12.358528310095437,1044,0.5582523494928264,1341,0,0,2,26,46.80162560590047,0
4.624131041033735,3.8994996810456826,1002,0.46126511554673455,1383,0,0,7,15,74.62465431701746,0
80.68524414652292,17.133395263874714,1079,0.4055417289225075,1608,0,0,7,21,43.67322323493366,0
96.62481262144323,10.784780919003616,1072,0.5125987083206738,1170,0,0,1,19,24.2208899739472,0
60.24980695857879,8.640502508508085,1026,0.5093610725946859,1518,0,0,7,20,89.38601289276153,0
24.09519185105198,12.513473670310443,1050,0.5629836162430227,1044,0,0,7,22,50.35460388719992,0
48.13426949002067,17.51697630342338,1039,0.29654490072552986,1175,0,0,2,18,72.28474330583252,0
53.27248911049496,0.9108116702611557,1038,0.49219289432621877,1967,0,0,3,21,60.199552640879666,0
56.03478967618518,14.465515212182444,1032,0.41912281304609506,296,0,0,3,21,50.706966500204544,0
33.335686425192364,7.609770464713397,1091,0.5085833381709151,184,0,0,6,17,50.90809410837249,0
83.83058883549288,2.2585912497014267,1028,0.4117835786253995,1193,0,0,6,23,40.94615739162864,0
109.7628322249236,19.921754356933853,1094,0.5229510783362992,1011,0,0,5,15,62.073353334048754,0
25.477755967569806,4.097569826713191,1009,0.6017262393759,1072,0,0,2,18,26.400036812588567,0
56.35637536486652,23.718926144493746,1025,0.4850021467206284,282,0,0,2,17,51.78155013640041,0
45.22864368799846,11.18408434447231,1007,0.4809393935841131,1521,0,0,1,16,62.266900891550996,0
-10.597819964684092,19.985354347131516,1004,0.588617011495321,1441,0,0,9,24,29.37389850726004,0
59.85932077414426,19.363480409953723,1067,0.4248748479178842,664,0,0,6,22,52.61967376832003,0
-5.2881071874302705,17.551780240186513,1046,0.399002801957428,1194,0,0,5,31,40.48574543271754,0
-7.5901946859296885,14.520073472112793,1087,0.5373692961291339,1176,0,0,7,24,64.74267946137554,0
58.62691715501984,6.873517882261884,1072,0.5820624091701763,1084,0,0,5,15,91.56516342511662,0
88.48384906516941,12.98570209916679,1056,0.5117379384229209,1410,0,0,3,19,62.45254193043336,0
33.82631890553064,18.055463296162944,1080,0.33398848672469594,378,0,0,1,23,61.516842130628994,0
22.27811577976804,18.021066636347754,1068,0.40981141092495754,427,0,0,7,18,73.2800790996622,0
91.77367824449203,15.709836340179326,1029,0.30347713665624965,1493,0,0,4,12,58.92572921488623,0
84.49016056636242,2.1929145734739546,1068,0.45572409668702374,1964,0,0,5,20,32.88171517053452,0
49.68604612841812,1.059745178681549,1082,0.4034277336793222,1035,0,0,5,19,69.51945469940945,0
71.09420591708148,12.321361764676343,1039,0.5481399447392846,257,0,0,6,22,61.85664452886988,0
70.78755869094833,4.9222500893666385,1054,0.47851209245662796,263,0,0,5,20,68.49917642742093,0
120.9622331599992,7.927864544797304,1041,0.40316105764914156,1988,0,0,6,22,60.97060990264428,0
51.52663105568054,3.5781539704379464,1062,0.4953819598953924,618,0,0,7,23,75.98081108761079,0
22.46071686167792,18.155612378397997,1092,0.4351036855869631,536,0,0,6,18,106.69766673916561,0
66.27271908596305,12.016249795331431,1023,0.4804495456592407,86,0,0,6,19,43.92938039428334,0
-25.886802330829084,13.966647396138793,1059,0.6269445100526615,1439,0,1,2,13,52.889921174162694,0
79.00421312751632,12.89405452808013,1072,0.44905022917202975,111,0,0,1,20,34.66184967258848,0
59.68923510853004,0.939174107612625,1057,0.4611891415435792,1098,0,0,2,18,35.11407718187333,0
37.05139061845855,7.283488752331656,1002,0.5172494136649065,186,1,0,2,23,33.163333363112194,0
48.274467409836106,17.972140523084427,1051,0.4652417826978984,1446,0,0,4,25,65.02381330099058,0
28.634784074718695,13.693268518799332,1076,0.6129232632294985,927,0,0,8,15,55.117017451061876,0
41.80979755932246,9.825097962485538,1018,0.36825605911850257,1783,0,0,7,21,49.55076764970247,0
71.22373132593142,8.856714153182349,1085,0.2956160659551712,1377,0,0,2,13,55.18102487909802,0
60.15489222483242,0.2421697205251565,1012,0.49793390957609507,1886,0,0,2,10,82.85090158895977,0
67.16018834901419,2.329299143601064,1082,0.5603441573653387,1947,0,0,9,16,92.41648079353837,0
86.9000171815745,14.778955175522986,1078,0.23756228429399684,702,0,0,7,28,59.26711721121115,0
26.834228365868622,22.369100069726944,1028,0.586312877364476,215,0,0,2,20,22.775539717421687,0
15.709420637788142,11.850467792943878,1071,0.5260136037502086,1567,0,0,2,25,115.40102216928597,0
37.37046557539211,22.101267787924684,1078,0.35978858000966174,1700,0,0,7,24,81.83305335560736,0
86.07729515675683,10.754186707102075,1042,0.6917495473505791,518,0,0,7,13,30.298507444666235,0
33.341416921968914,23.767826268644775,1022,0.5279775201346337,1524,0,0,6,22,72.62871114330703,0
42.83155859400771,13.3931754151077,1048,0.34166840284698863,1594,0,1,9,17,77.69731185429505,0
39.522268870447135,22.319634795219233,1052,0.4950754227261181,492,0,0,8,20,59.706631120763944,0
88.90983639683327,0.47711780873472964,1089,0.5200463436471923,183,0,0,6,22,22.33916320589138,0
16.373090786955217,12.559862249113042,1016,0.5712022755356878,597,0,0,1,15,88.50422417397378,0
64.90097669709564,10.275073217043401,1055,0.5162034096250518,1811,0,0,7,20,68.89060882715266,0
46.59235659136849,10.001358747264018,1040,0.5391940557328951,631,0,0,1,14,53.80364432961341,0
20.258229516310784,12.908107755583385,1015,0.4969847137718837,1333,0,0,9,23,80.10574106861236,0
116.56340700344401,13.771777660534566,1010,0.4277666311388213,1285,0,0,5,18,52.037198552315786,0
5.157315606510679,22.708710814765567,1028,0.4407342546339018,961,0,0,5,21,65.22281016411098,0
30.765052118094488,11.324990082510984,1040,0.3361739368981106,137,0,0,5,18,83.13512377018658,0
50.67051664899097,17.68131944703364,1022,0.46034399314964236,1781,0,0,6,24,61.38918588269628,0
3.0507831967466217,3.307194529055778,1045,0.4676504715771855,711,1,0,4,23,46.090033736078674,0
-5.590554486927076,15.796737797120802,1087,0.4693475306726582,981,0,0,4,17,77.43719498369472,0
9.666484668971691,5.075287681193917,1073,0.40650395723147326,235,0,0,2,21,43.05386537676715,0
130.94986507811262,12.80883593223724,1040,0.41498189725950396,1183,0,0,6,27,64.23863438400673,0
42.92250412063628,10.21282314530879,1034,0.42746649432859196,823,0,0,5,25,113.22977339870644,0
157.31496537725042,2.754509170411101,1071,0.869591972863379,555,0,0,4,6,179.04306545121844,1
0.3542998440269187,6.617511287538142,1088,0.3727507864632051,836,0,0,6,25,49.95004947442746,0
15.307525497684296,5.52217900896095,1038,0.494086054291605,1611,0,0,8,24,45.10395992945321,0
86.92108714953412,23.0873248745777,1020,0.4575239597348838,685,0,0,7,18,66.6673048146769,0
39.43736757638357,17.365423007866045,1031,0.42759068276965584,1657,0,0,9,8,37.146400797714875,0
45.305678716305245,9.24967484443247,1063,0.7735454273670959,860,0,0,1,21,38.688796237186814,0
32.64620813371006,21.483531815321466,1077,0.5570482167326397,1708,0,0,6,21,56.404273492414816,0
61.43928836794354,12.573880240905533,1047,0.4196437017416068,1453,0,0,2,20,63.06035799714759,0
16.182086223375585,14.958215416627187,1084,0.4207131390372354,1486,0,0,5,13,54.27766699536665,0
60.01895449028571,19.550560424998103,1096,0.6369550028271898,786,0,0,7,16,106.00311511588254,0
34.47166102891486,12.403214272574976,1089,0.4569723641504291,1900,0,0,5,25,85.12322218413148,0
34.33605289940023,21.196223294743756,1036,0.4822572451676936,1326,0,0,4,19,57.530115911607325,0
42.190728761856874,7.286521130090216,1072,0.4311536839612015,274,0,0,3,30,97.05535667698173,0
43.25440832615444,1.8838181872057538,1065,0.463735756908589,567,0,0,5,17,71.24984347141383,0
42.97539875829992,6.416273091812481,1043,0.4872355597076719,1090,0,0,8,21,56.966658448631094,0
28.7167699271736,1.9789938716148932,1030,0.5562759809459962,1869,0,0,8,18,68.27088054701736,0
-2.394001767371009,2.2889713895526604,1092,0.6288662284718775,1933,1,0,7,15,113.99221878947358,0
45.818083980102976,0.536278410390989,1088,0.5267806426254398,380,0,0,9,15,35.96126172678459,0
29.308166778074785,2.8397777520753165,1070,0.6239852676086726,1289,0,0,6,17,75.40107416129695,0
39.034821890442025,4.237300613828173,1064,0.6405519247201609,915,0,0,4,23,75.39388369376812,0
86.07353743949217,17.375228970564407,1008,0.3494886998950504,1355,0,0,9,20,29.45759608574591,0
35.03038232062664,17.702667881571184,1070,0.3253376478936638,364,0,0,7,20,31.307695960557695,0
79.87921036539338,9.804549498332701,1097,0.41236102004645836,422,0,0,7,25,92.55409635161308,0
63.087071144031654,0.39446539037585193,1000,0.4613824611286188,1487,0,0,4,18,53.633225972527526,0
97.83515189674917,22.404583505199135,1055,0.3868297882857554,524,0,0,7,27,48.17018112177844,0
74.88216743550467,8.794959512159512,1052,0.4299676094232422,1505,0,0,1,26,83.38844702611804,0
33.41237487898094,15.07049983918704,1065,0.5103337555466997,687,0,0,9,20,77.41951309484006,0
61.65127187690505,7.790813815475457,1087,0.6715769989667064,93,0,0,1,12,47.1102149286458,0
85.67049593322656,16.58209368170868,1087,0.4672386300784484,300,0,0,1,22,60.6005958859262,0
17.028657453353816,18.42254446699756,1088,0.4278763540073685,145,0,0,9,15,74.80911913433621,0
38.14859443491298,23.917298596221144,1090,0.47372749879262793,912,0,0,8,33,42.84010632640381,0
73.02438033662392,22.20851777037883,1087,0.5785362272741718,1722,0,0,6,12,45.61064156763335,0
21.738194492772653,14.364081937240318,1008,0.3952788078345891,1594,0,0,9,16,81.37949169495626,0
82.03993334176916,15.563600204883066,1021,0.46787931681432027,1458,0,0,1,24,38.18714203985321,0
100.32131263416468,19.742009571874373,1068,0.8198980209678031,175,0,0,5,15,73.23421850744023,0
26.475084249205015,11.876137627676997,1034,0.5937662531161366,185,0,0,9,17,65.01150486414785,0
104.50266888725314,20.467346666181648,1028,0.6014746209485906,1713,0,0,9,15,55.72140164689208,0
16.504266801540226,15.10961748405052,1044,0.516360970123067,1661,0,0,3,17,85.77637033209149,0
58.372515750355554,2.3570133371727264,1020,0.40437514608481306,1428,0,0,6,22,44.97404487051338,0
99.16881582799499,19.05452895676695,1080,0.5207327187398082,1657,0,0,9,27,110.40193572538622,0
86.17983549640448,0.9724686105520792,1066,0.38543744812273084,190,0,0,4,23,44.786825259493426,0
47.0742384876313,22.42498896918003,1030,0.48540413777069086,1092,0,0,9,19,30.067564835758038,0
48.453733741770456,14.29321682957966,1069,0.37199174737812646,768,0,0,2,14,81.65876997557595,0
69.32931500324601,18.798340770954624,1069,0.3311854303385695,1781,0,0,3,24,62.82427933629654,0
-6.455471364929174,5.026281267334405,1062,0.4956744032519653,688,0,0,5,24,37.59033020637837,0
26.086593013250578,11.750192569334407,1071,0.47527630116279934,1169,0,0,1,16,63.54738604900968,0
38.46333367310524,0.6631141394019622,1036,0.5673993557660332,852,0,0,1,19,54.51478027307055,0
47.582007521097175,4.484025751069993,1072,0.48339659826998665,700,0,0,9,17,52.038194060820636,0
42.852989748331474,11.670853736432317,1089,0.7528094402264989,369,0,0,1,18,22.685591215188268,0
62.28315591926757,11.423423247833906,1092,0.6192828359824804,230,0,0,8,27,61.63838623902329,0
58.436914766558125,9.974435204752027,1064,0.36335287388105497,1471,0,0,6,14,53.93018895765554,0
22.709586820625738,2.4076679806387062,1097,0.6537335067651496,806,0,0,8,18,70.65321344907,0
4.0194808722879785,8.149681747326058,1015,0.47149657472165446,743,0,0,9,22,62.660441667405586,0
84.60508549344632,6.964811892157379,1051,0.4451241311743849,1538,0,0,1,23,59.65298320923888,0
66.79371343793119,3.5592416353859306,1041,0.47403759559893155,1391,0,0,4,13,69.8074679056751,0
42.47500950634858,23.829683781582347,1054,0.4740441052161953,297,0,0,5,21,54.629072247528114,0
58.79217419896044,9.308282392460326,1043,0.5694568060588979,1257,0,0,9,17,51.48497287537414,0
62.83887879657905,17.71300332034095,1022,0.534259393588549,1102,0,0,6,15,25.87102067256062,0
35.86626044546364,17.393027699145062,1013,0.35034801312925934,1724,0,0,1,21,36.03453976138623,0
36.06148108104821,19.906719354279947,1043,0.4038335272184074,1305,0,0,2,25,56.470049938281996,0
47.62797974406331,16.384764114620083,1006,0.5150152571011626,1911,0,0,9,19,56.7193660894889,0
18.498356305304412,1.511434563519857,1070,0.5891806674343597,946,0,0,1,12,15.873397723621181,0
43.53171264295933,14.94218155062056,1034,0.45721091793196383,919,0,0,1,14,81.74949391357134,0
23.60556939493837,14.411348718006577,1082,0.5736892421023173,1947,0,0,3,24,16.77740283916755,0
38.89966910353617,1.915945597508962,1087,0.5187304364054263,637,0,0,7,24,73.58281577376276,0
24.481602411441568,1.9591595964321193,1014,0.5553307625167032,1187,0,0,6,29,49.80307012165608,0
39.45459547876074,2.646641478637605,1041,0.44462797930417586,463,0,0,7,30,34.31091040570891,0
41.28638251316633,15.032773007430187,1052,0.4194585986688619,754,0,0,7,20,30.759676405378762,0
8.55224844609257,1.0298945438446596,1088,0.37437230116831843,1173,0,0,7,16,63.92010157569325,0
-14.554462039879155,19.349031724138396,1022,0.4582314125335355,1030,0,0,5,25,48.6474728519126,0
35.21245175152243,22.963824905982733,1043,0.413960944822436,606,0,0,8,20,96.70593655611262,0
109.17626530369424,1.5569673080425739,1074,0.4666009105013157,1908,0,0,6,19,78.85339045520632,0
32.321850446320816,19.820482424135157,1052,0.502451188457106,1951,0,0,7,32,31.93782189409902,0
230.77560670082315,19.26946926557234,1049,0.9478803554130758,201,0,0,5,2,161.33952510305852,1
15.99736945122131,5.492598619763929,1037,0.4510687020239714,77,0,0,6,21,14.799087438445461,0
53.17261373814441,16.426777163116732,1071,0.42402009481184294,1185,0,0,1,22,-32.98004929768557,0
73.57400475952497,6.397202890902887,1021,0.5632436789688717,439,0,0,8,22,58.84167976896397,0
36.60455143798937,21.824647841399234,1059,0.49056191492948537,1610,1,0,9,27,100.3057902022619,0
40.70867564580283,0.3987894414518536,1049,0.570315307132631,487,0,0,9,18,65.92257584246795,0
52.53555427445982,1.8061824313969392,1007,0.4184465509192547,1149,0,0,9,16,57.968739839993425,0
44.45293590671033,13.24387738136604,1090,0.5030053120063027,1319,0,0,9,20,73.34763740291581,0
33.46651279878114,17.80222744538313,1085,0.4643052371430445,1523,0,0,1,16,84.85191033155566,0
26.78632402689281,7.31843130474386,1033,0.5046223954742731,280,0,0,9,23,39.416907851346835,0
33.19456879409091,22.2285341145468,1005,0.5821021124956609,348,0,0,6,13,99.84611100090403,0
31.77936700363366,1.0914708313448864,1002,0.41807121365597755,1134,0,0,6,17,30.580876754531214,0
150.49368273436318,16.044155745027087,1054,0.9393068738121847,1665,1,0,3,6,167.34595621944908,1
73.15096131945035,18.742396314971863,1078,0.4889096708918589,559,0,0,4,22,49.14055561929498,0
70.86207423650896,20.98666531694783,1013,0.5866002043449442,292,0,0,1,18,70.68677659182816,0
60.395116451921474,10.690408206864724,1016,0.5760159530174601,1240,0,1,2,22,91.0037959558859,0
64.17218833641132,2.876175876988893,1024,0.560504648577773,1738,1,0,6,13,60.005378155860086,0
7.4036850718721325,2.6908620039047726,1081,0.3374068798121961,374,0,1,8,22,23.283868789114493,0
86.32023657626591,6.998048964292686,1078,0.6786206000090816,1422,0,0,5,16,25.32327473383755,0
17.668377626251953,20.268238038414854,1021,0.4078341321359208,1605,1,0,5,18,-3.581892579238456,0
23.7255552606112,6.915485966676678,1038,0.5755673758515276,1187,0,0,9,21,40.90267586981845,0
43.23030857863245,13.106191807113422,1028,0.46938784398166955,879,0,0,2,30,112.39243626890959,0
96.26829882983907,19.88523380316099,1030,0.49239825161878853,1012,0,0,8,16,74.2005570953651,0
79.40012708401682,21.121504756755694,1043,0.4881902834417211,298,0,0,7,25,79.35808842217224,0
59.80983539810293,9.744138558769821,1016,0.5819589110218941,1852,0,0,3,20,69.36621400991575,0
44.35392683681537,16.583379627637534,1049,0.5149617188963933,542,0,0,3,11,107.27713374437602,0
56.96583513926983,14.630886811173145,1049,0.5788102143210305,546,0,0,4,18,50.35657420073687,0
33.29663681469901,22.27548530149541,1092,0.3738870366587431,172,0,0,3,24,42.57036994421083,0
46.27935837830009,14.603786077526804,1009,0.6445690611506448,1133,0,1,7,14,67.02030764340341,0
82.66851790902098,22.009094163707424,1074,0.506251689753604,1506,0,0,9,19,63.892888158578955,0
32.18565775793884,0.7967156665312771,1038,0.4952887096378545,793,0,0,9,17,41.30970918439046,0
80.20190213681195,3.8463983769740864,1029,0.46509263763923037,739,0,0,3,21,75.89999431296256,0
30.317082919830757,9.89215312343068,1084,0.4582641001517008,678,1,0,7,21,57.1350994225137,0
67.2123326301324,2.029040049122953,1051,0.5270130939484624,1799,1,0,9,14,45.640949733788446,0
9.620609592597546,1.5196619273357026,1035,0.48889445176913493,1612,0,0,8,21,72.12936221801776,0
63.4948164117953,23.65598455258817,1006,0.4649228012178238,1321,0,0,4,27,115.20585583942315,0
76.50979812460017,10.619302247844441,1065,0.42240425157760203,755,0,0,4,14,72.32809583373265,0
46.65473518571169,7.818434871440844,1034,0.3948888483342121,952,0,0,2,21,67.16551401240832,0
17.587780121644947,10.5174598691784,1047,0.6512897397696534,1523,0,0,7,19,53.01505758282931,0
42.56137378016331,4.180836208235589,1075,0.42979782703366604,1829,0,0,6,22,134.6418536712015,0
181.36993450696946,23.118501291156523,1085,0.95974880872663,1620,0,1,9,2,181.75059625121148,1
78.73518893324803,7.066338670786905,1099,0.4799744125869754,110,0,0,6,17,36.339091524071144,0
25.84484744771371,15.877968513014238,1078,0.44379918972638377,357,0,0,9,23,72.9340807799394,0
24.93958840220728,15.482338695423678,1045,0.5121597651758268,1866,0,0,1,19,75.36665223283451,0
24.16071260908676,18.671666849292173,1059,0.5349052831240392,1531,0,1,2,25,101.5917015636479,0
31.603643225720106,19.923440761262263,1072,0.34790330809243986,903,0,0,8,20,70.6451947759217,0
33.55399105499682,15.648350768139151,1088,0.3217756280035736,1298,0,0,3,21,46.41846387919608,0
89.75828271311113,23.750089779376076,1070,0.4651764089952479,815,0,0,6,20,62.59493410671694,0
37.020214598102235,17.55096926558132,1014,0.31651239088542976,701,0,0,8,21,45.53011396028659,0
36.240840916967464,7.955814558117188,1017,0.3104675771290924,1772,0,1,1,20,60.71590313096933,0
-3.825755996483089,18.569561686507022,1005,0.3875425782844584,427,0,1,5,25,109.51946231803998,0
68.3837222474987,14.601790126547513,1098,0.4883254244932142,1216,1,0,1,8,54.25681350869158,0
62.86283776642291,8.792356433007967,1062,0.39949192797138294,322,0,0,6,14,79.45948525708569,0
60.281760391331126,2.0114024036919425,1084,0.5250518739758396,1581,0,0,9,16,52.972731703172705,0
86.86941507467185,16.593274685160445,1040,0.41721217906798674,1982,0,0,9,24,65.16819225857516,0
33.15326761008124,0.8247127012046658,1054,0.43840272223704263,1084,0,0,1,21,59.30604703235132,0
-12.576936332000116,15.327009578458217,1043,0.5001090466733189,320,0,0,2,25,15.658171438626603,0
31.742308302808986,15.73339673801637,1069,0.4774687102479459,1848,0,0,7,13,38.08326953183703,0
104.1304432936023,11.144887684368985,1031,0.6429809169850587,425,0,0,5,15,69.36464749328321,0
50.153403699273824,15.556033175509043,1083,0.6904385080330151,1741,1,0,1,22,49.133698419089306,0
209.09794369081692,6.2044283744932125,1036,0.8297297661465278,1534,1,1,9,5,106.61688225132521,1
50.10126519791483,8.258394336713677,1075,0.6364770097692417,1616,0,0,6,18,49.505172745269846,0
24.46458552657545,12.263445975013353,1014,0.41253296554422436,111,0,0,3,24,29.64804264672807,0
67.13538218657627,21.679552021588457,1076,0.6649019033329467,105,0,0,9,23,65.4799440178114,0
94.90640821552569,9.082514113162791,1004,0.42782815513591543,499,0,0,4,22,87.4165382102038,0
78.57385911608509,8.615290312488208,1026,0.3065851405704779,1055,0,0,9,21,47.4648523062666,0
85.62158154694254,8.337536682008132,1075,0.4977090116171771,1432,1,0,7,19,82.80562015279924,0
35.70338595699426,14.97668249214753,1034,0.32930884798942106,141,0,0,6,24,75.45798529783298,0
70.36184207838257,22.12212588064543,1084,0.5667022322512846,206,0,0,2,26,57.33489496418782,0
14.174317967231318,17.448298912793376,1079,0.6016843811591155,148,0,0,6,10,48.60649182656641,0
99.26045480409107,23.247909915521703,1092,0.3981530597837956,420,0,0,8,18,17.32979326791201,0
60.90895647874903,20.940492404308365,1017,0.5440119027955678,881,0,0,6,19,82.06564664378702,0
21.627618179096565,2.743072347417204,1082,0.6091818688261095,647,0,0,9,23,59.77671910810206,0
31.095715095729595,11.217852006179157,1065,0.6163259143707748,1112,0,0,1,20,63.212502271227216,0
24.36519611785837,18.02569149235225,1099,0.41455847655724243,886,0,0,8,20,108.7945741965504,0
63.51810238587616,21.869883738103194,1046,0.42801552200683074,583,0,0,1,18,63.69405370289542,0
62.31650255982849,16.721126408472678,1068,0.44109824579528956,1218,0,0,8,20,40.77727386758664,0
47.267724189409186,8.494264237807288,1041,0.3857505475138395,142,0,0,7,31,57.12275276554621,0
54.655720515769374,20.694039079259696,1097,0.3885053285471491,1112,0,0,8,22,51.078219658025176,0
57.418143563262674,17.617821976647086,1039,0.5323676581337904,1368,0,0,6,19,65.88333946505325,0
51.97212980141862,9.57171675378105,1014,0.2710604947774974,1613,0,0,4,20,39.703289717674636,0
61.2607908843342,17.812296919083753,1066,0.6109096740678955,1861,0,0,5,18,81.45136018246518,0
-47.23802020207218,15.350801578369488,1027,0.5225723137651703,359,0,0,5,28,83.70574682276191,0
58.378035146495776,15.541883779364618,1067,0.640799828761266,423,0,0,8,16,63.04027050769451,0
45.18741854073957,1.8384698005970437,1002,0.3950801731587641,1051,0,0,4,19,68.54764607310676,0
82.68609749229921,16.996702511340875,1058,0.5924426915303761,405,0,0,6,14,45.932492332227326,0
84.20751658013614,14.159055515426125,1067,0.48029526521316285,1839,1,0,2,19,42.25272121181041,0
38.419922730516824,17.241417642812305,1098,0.46924030808936934,1942,0,0,4,23,112.20123306494094,0
28.747796992686116,12.425775770507094,1005,0.6434345801635711,1896,1,0,6,27,85.74408699591264,0
26.273546249163036,13.16732140069385,1072,0.41339502335150935,517,0,0,5,22,51.1577998232216,0
27.245139958997918,23.297475935659065,1044,0.6005801578220973,390,0,0,6,21,93.61045534054733,0
65.62068489268006,13.358541556327044,1029,0.47454623367565085,1237,0,0,1,15,73.75549465620554,0
75.59604635154663,5.003668961826948,1086,0.5233146747445742,275,0,0,9,17,36.567573225443155,0
56.69716742387479,3.5792425883409074,1059,0.6019300446440368,219,0,0,7,24,33.988375616465504,0
87.91120032964005,14.94790168706831,1054,0.5017775517223948,627,0,0,2,24,51.198363054944686,0
16.276344234176804,1.5850928953441663,1028,0.45086203925957086,659,0,0,5,21,32.165601606311945,0
52.78534703423344,1.458748047105682,1027,0.6568543689887965,1131,0,0,3,14,50.34476738751867,0
73.9982570582615,20.657485425314032,1081,0.5927333001286423,1277,0,1,9,19,117.11116160075501,0
60.7536085462886,20.033710914647223,1011,0.5881529518775782,1168,0,0,5,9,114.70334785659608,0
54.46341904421916,11.27157415995897,1066,0.3620871937185647,1729,0,0,7,16,10.607095096166333,0
71.75287360543992,13.309936116854985,1037,0.502133355792061,1464,0,0,8,12,26.480773210365022,0
25.896971774862287,22.094733550808357,1050,0.4465410475496964,959,0,0,9,16,28.203759643865215,0
2.6169110384720398,12.03593029286553,1013,0.5459663146637272,1728,0,0,3,14,67.82235528385247,0
23.675479335331048,9.923790995848323,1099,0.4183416006653953,1531,0,0,8,17,95.26649740269607,0
30.933264757867896,10.987527602030998,1085,0.6871767232530464,110,0,0,7,16,100.79020572992707,0
45.66918764228173,16.84469824378118,1050,0.6678743216579106,496,0,0,5,15,43.17676230112948,0
66.417943921339,22.64408485519774,1014,0.47627043422261517,1570,0,0,7,16,55.38194959738191,0
84.78143129901567,22.098355538935675,1016,0.3983235945071402,1390,0,0,9,27,99.97863865115491,0
50.63667952502775,8.525828664248525,1029,0.5160412746914868,708,0,0,5,22,11.557155624834252,0
25.52271394554341,6.0134821576315325,1071,0.4939458857785382,1493,0,0,1,30,91.36961109171882,0
70.96447010841429,16.792672822976762,1071,0.49837799144843925,444,0,1,8,24,49.86196351246524,0
13.113512166427498,2.263503635105942,1046,0.4973101432806908,756,0,0,8,20,47.18368842936585,0
-8.02263236378731,18.124046215087866,1073,0.3806518838963404,1447,0,0,5,21,70.37926548340012,0
54.61175317836584,20.631453853569507,1079,0.5716954826589438,609,0,0,6,22,63.82664105200371,0
19.433901287997944,9.392432128813919,1069,0.596048591476502,1044,0,0,4,19,87.20332944913949,0
36.33381421928388,18.364564871544715,1028,0.5196724234988463,462,0,0,9,23,67.41292175894927,0
88.33569965091542,1.6660070061633032,1052,0.6201860574559632,1084,0,0,5,19,68.66046670270734,0
38.38700892576797,4.76525768489023,1052,0.6079557441439816,1705,0,0,4,27,45.73547121418638,0
67.55898309549013,8.95037117928221,1007,0.4885603448056901,472,0,0,2,11,53.179129494920076,0
78.59028494642149,2.0074341739984085,1071,0.4197839190138622,1099,0,0,4,19,38.39977749763143,0
59.73375813057551,20.28804292854342,1092,0.37722154876781766,380,0,0,1,20,59.25834678781514,0
82.49153729525831,8.610277619187306,1084,0.5598135187164579,1623,0,0,7,21,60.43713459064908,0
86.62463896439144,9.751859353121407,1087,0.5862007129381388,460,0,0,6,14,46.44255088214563,0
-15.737615534958437,9.43624875810241,1037,0.3802478677829629,1544,0,0,1,21,91.60105684718935,0
125.02701493802844,23.069632893412532,1092,0.5099839297067901,119,0,0,6,18,74.00447377899411,0
-25.197147116101505,7.827593210864678,1043,0.549139987590048,1807,0,0,6,18,49.98806889924699,0
106.99645804685647,9.955936125334894,1035,0.550453589290965,491,0,0,8,17,70.46258847908712,0
37.561192982844105,4.383335416843162,1031,0.5150560710015702,631,1,0,8,26,76.9408173318701,0
62.71668447331958,2.77127460426931,1099,0.555735760325777,1241,0,0,8,23,67.00200180012703,0
50.58798849732885,21.50397484034192,1094,0.5575302847309666,398,0,0,8,20,61.035275025824234,0
206.13857104903306,15.365572112664065,1032,0.8253013058963194,725,0,0,7,2,191.5048122901732,1
-3.9464421822732234,17.26744543623515,1085,0.4996933332859417,1065,0,0,6,29,112.42519866360418,0
-3.043930981201548,20.648813632126362,1086,0.5075933036040071,465,0,0,3,24,39.07627176618372,0
92.61512743969564,10.112155598665161,1087,0.6353085300690149,591,1,0,9,18,60.11100391231472,0
51.02024288684441,15.216887361926608,1071,0.36616036522695294,945,0,0,5,17,88.43549747911189,0
77.72081057620703,1.5939937075544384,1066,0.4995243366439162,256,0,0,3,18,22.41099868563996,0
32.84761874131816,19.922805871394942,1088,0.5198913375973232,170,0,0,7,14,40.14722075028011,0
21.346322619519412,18.491744604031112,1016,0.4918734611859382,322,0,0,4,16,91.5442221629885,0
26.75111527808046,23.468330095873366,1090,0.4587717134843088,1438,0,0,8,15,21.042390204046583,0
75.65604523244788,2.160190570702527,1002,0.5635056818156667,1178,0,0,2,20,79.70400244177092,0
89.9401718596521,5.329564188993407,1027,0.34408731752821986,1043,0,0,1,23,75.23137684127559,0
124.78998552298371,5.076492425861458,1081,0.41497811381665856,1903,0,0,4,17,70.06649236861047,0
53.10614461847526,3.4293104206144127,1021,0.4326137696476191,1102,1,0,7,13,69.16669398592587,0
77.57462520830005,11.736417128318262,1049,0.33364780538225547,61,0,1,1,13,48.97947660529196,0
18.31907600099997,1.4737579953869204,1096,0.46721810755108667,220,0,0,9,22,68.30221077113858,0
74.69839747033116,21.828925677921326,1089,0.6042888115230062,221,0,0,4,13,59.201012121776515,0
83.02464195267815,9.437915155008906,1006,0.45497619317783744,1914,0,0,7,17,77.62447387419338,0
110.18278664477369,10.724021532478288,1073,0.4995088193984445,1687,0,0,3,18,69.303518969815,0
28.776813655634363,21.386475460024865,1003,0.45765984724245057,811,0,0,1,26,37.539096616315604,0
45.10799108168708,16.12694737187789,1068,0.4907263466444367,95,0,0,2,22,57.598682271281945,0
33.69725686598705,23.252624051226924,1095,0.6270684721186814,1113,0,0,3,25,32.647997896118916,0
92.86573123440702,20.434233465960148,1096,0.610533661302798,1489,1,0,2,10,59.39591423539828,0
-24.941830524788188,16.134060001781123,1029,0.401960699862572,1373,0,0,2,16,37.17208530897224,0
88.76181002979568,21.237922973087844,1098,0.38532424062505355,1318,0,0,1,11,78.02724848804024,0
-8.720157674019696,19.71695666221565,1024,0.4977990287527747,532,0,0,7,17,41.88163391110608,0
56.425068233952494,12.740551617593614,1053,0.5211567527825209,900,0,0,7,22,106.84045729199292,0
80.47811670690669,12.526318867290245,1037,0.5589682867111915,1695,0,0,3,16,70.4901832374298,0
-13.805004633977958,2.4423791172327727,1022,0.5949464473746793,399,0,0,4,13,68.48900577618684,0
32.99884675834842,19.887597839102416,1090,0.48549782802256886,722,0,0,9,17,74.08123261903236,0
76.16459317052166,0.5332953484785206,1015,0.6217572290817239,1078,0,0,3,15,89.83564160167398,0
50.84543472107385,8.165405796537407,1061,0.6693513006512067,705,0,0,6,28,126.67797734440593,0
10.766703045570182,18.611898039265874,1027,0.6640864990879045,930,0,0,7,16,70.16168589397628,0
27.384136589271158,12.618932244853115,1043,0.5931259344760141,1499,1,0,3,17,68.27688038641193,0
57.131951837179585,8.379729635228443,1003,0.4088819271184568,546,0,0,3,23,70.1296808566639,0
31.765340387167026,6.758414645646034,1018,0.48894226059251605,716,0,0,9,21,79.71545415544331,0
36.74453218277529,17.556614766445957,1049,0.3334043019863828,1111,0,0,7,14,35.02215359001766,0
196.74778274369336,14.391668567856497,1062,1.0259760584995437,1211,1,0,2,4,156.95643657874524,1
72.92089344718579,12.615165950388096,1036,0.5686983531304535,739,0,0,7,15,41.2386535728867,0
45.965096467948015,21.465356488763778,1049,0.5370698510861048,1840,0,0,9,22,29.082372112654824,0
31.973384724385625,17.817033188943313,1061,0.5007015025013918,1940,0,0,5,19,100.47507009217584,0
23.194547224421594,13.056294992714635,1029,0.43698373469388396,561,0,0,3,27,63.31780160844665,0
53.282254154989104,9.558153819768277,1033,0.553353251976802,1994,0,0,4,28,82.26623594737256,0
61.57249904545085,3.310824251240568,1014,0.40387264807146844,999,0,0,6,21,31.079300427482746,0
38.88157003741682,2.249396785433194,1082,0.4163148049988995,1743,1,0,7,25,68.10747890516207,0
65.696695572111,5.381035493012236,1019,0.39018279785845034,1976,0,0,4,17,85.99282641807032,0
-0.05797776634585716,13.061993147895326,1097,0.46513679194843044,875,0,0,6,17,25.182289884263596,0
79.94932694443881,6.969862131413916,1082,0.5347788034227745,1717,0,0,1,25,63.91853802848556,0
12.665406503334026,0.13519868115318,1081,0.4980920716665687,1997,0,0,6,26,67.86297443778125,0
44.8497903822565,20.978631065235618,1055,0.4503319676138933,273,0,0,8,15,44.761076318556405,0
27.955673073974275,10.639680155497922,1042,0.30679039958422777,1254,0,0,8,24,38.64685882040169,0
78.58623641608817,7.564494963695132,1063,0.4679001932096614,333,1,0,4,18,59.252126813859824,0
78.91776269166712,5.808959826625118,1054,0.44889763518572207,570,0,0,9,18,5.965297494595191,0
100.20091838457571,12.447510946120062,1055,0.3759134079856803,1819,0,0,1,20,60.63871949862639,0
88.07767015695862,7.373001283756572,1040,0.6236916331849369,115,1,0,8,20,67.61885477862558,0
-6.250221624158094,13.05096455831693,1020,0.4377109912239989,1951,0,0,1,22,60.12024383871655,0
67.85088397506695,12.636374796519126,1008,0.5102940011772745,1872,0,0,9,20,38.301404916059596,0
103.87633019286565,9.708393674763162,1014,0.49810514385179033,1835,0,0,8,23,64.57507726283494,0
-35.50090327951547,15.357514465998047,1088,0.5842228034488622,476,0,0,9,16,24.73117402017968,0
56.740541772556575,20.5471252884731,1081,0.6680698311840971,357,0,0,1,15,49.2813857841689,0
86.71809032713671,2.198208819467249,1052,0.30115110423273206,1994,0,0,1,19,93.23732168007214,0
93.14507603437106,14.427105838326451,1089,0.5850618030071963,669,0,0,3,21,64.93744503124915,0
68.69262043667285,13.714765577953887,1022,0.47287648824175077,191,0,0,9,19,50.96810642209046,0
2.5333049976056685,16.577349461495253,1070,0.4552638880632903,998,0,0,5,20,70.98182416428425,0
65.4510580162598,11.762861667042767,1070,0.41235888137214355,1821,0,0,6,19,36.47499578987468,0
76.43440162440108,22.60054100260678,1042,0.36227608918972065,72,0,0,9,15,86.19141886368584,0
37.110950644174736,17.53047106448859,1028,0.5592527750885821,319,0,0,7,16,56.2670028014127,0
62.0192491501951,14.831969483927743,1042,0.4296493721190657,1049,1,0,7,19,48.46311559393247,0
-13.295147218769245,16.52047678896548,1089,0.2773838586723092,684,0,0,8,24,62.76141782237793,0
8.04297278542576,10.572879554961077,1003,0.46227537605239793,1527,0,0,6,19,75.25805551349043,0
59.42388489351998,11.795477626042715,1029,0.5851439144122519,1891,0,0,6,20,46.20868434390947,0
68.4055391819125,21.440199403862596,1015,0.49275024501823644,1076,0,0,2,18,59.59436137905485,0
31.57030567711117,4.490602150014073,1055,0.4214578291618152,1386,0,0,8,25,71.15517221968736,0
21.09810976404293,10.168233830828342,1025,0.42581895032420425,444,0,0,9,15,60.75672658369931,0
71.28057543365952,14.18772011094574,1045,0.47996123917911915,1267,0,0,1,13,52.2654073046509,0
55.946519831624606,9.776250052084494,1037,0.45393784933390846,1503,1,0,2,25,72.64504505051228,0
77.78772473253177,11.93847968455239,1079,0.6793601547264606,1493,0,0,4,14,39.53574712516265,0
100.55042836125529,16.333316343467565,1085,0.5084412944981924,403,0,0,9,19,84.09994695035763,0
85.01653199913119,18.973349730303294,1051,0.374471694844292,1196,0,0,4,20,98.90306812519657,0
70.4615619713786,16.469598722314743,1008,0.3675609335276915,1566,0,0,8,19,90.34128969243818,0
66.91363625020745,5.453296658397853,1016,0.4662269479915184,153,0,0,3,19,33.126184255501045,0
28.111925905777714,12.658466038301473,1057,0.44175469325340977,1202,0,0,4,13,15.104963704183376,0
97.22440358097226,11.496647015417611,1036,0.4211719863444649,200,0,0,1,17,50.206392013324006,0
13.724038662811815,7.869329247291474,1055,0.3106756890986878,1736,0,0,9,13,29.071735120612082,0
67.39571855885396,20.354271931226915,1047,0.561319784148291,1058,0,0,5,13,23.981063760557895,0
48.167074759823954,22.340954229948487,1098,0.5805201356872077,150,0,0,9,15,40.438716526657764,0
27.29708068952221,7.953434104716389,1052,0.5628073238761152,1432,0,0,6,13,32.44181360102758,0
8.027647154465733,1.335987505348779,1037,0.605625188895043,1263,0,0,3,19,17.993765278189677,0
64.75757514519518,2.4276253900422864,1002,0.43240571979305703,1595,0,0,7,12,51.05894680912147,0
74.35116714839796,15.415845406819162,1053,0.34508592507024294,1245,0,0,9,18,70.7761753208678,0
61.71098583186127,10.774241022453467,1074,0.5068331528105233,488,0,0,2,29,31.96144516373077,0
1.1898523739975388,16.93550247271232,1023,0.5122220276672571,490,0,0,3,29,38.38158321538512,0
4.292065679955002,22.325747785033286,1099,0.44085859670116034,829,0,0,4,21,90.9881292960343,0
92.9410034549355,14.327135177194627,1065,0.42840079711796797,98,0,0,3,19,19.583562562961035,0
87.16839058818312,4.067201013322548,1014,0.38742428549010655,570,0,0,3,26,107.44543834554814,0
27.557118061350586,12.633926649477077,1038,0.38351862287509025,717,0,0,6,19,-7.629250740295291,0
75.75353349969996,5.699253773345897,1041,0.49069101608309384,1557,1,0,6,18,59.559274014062694,0
53.05169625415309,21.917861418807206,1028,0.6788975978128802,1026,0,0,9,18,39.16252729307908,0
74.37577467182594,5.430470034202444,1029,0.4758688545486409,39,0,0,1,18,10.114228055988349,0
61.71394549786669,0.9583725423746223,1022,0.5835776553508927,387,0,0,6,17,43.908562401234356,0
5.885313463062481,18.836093994783248,1067,0.7403513562826944,1788,0,0,1,24,27.652171636466797,0
11.889138610247414,21.868070028360506,1028,0.4388301705412658,230,0,0,5,22,64.39792883426256,0
76.14667898864425,3.883887870438973,1001,0.49100990882391493,274,0,0,6,14,10.60518646287828,0
62.34072893454317,3.623159835127077,1051,0.4105418373037307,1144,0,0,6,12,52.59426984160062,0
9.254752355672196,5.218004022126161,1040,0.5681739137735898,756,0,0,2,19,71.43280253115537,0
45.75422739899155,19.04451035136779,1080,0.6256089547943566,186,0,0,6,27,42.8657827856629,0
98.28561997327918,14.290798355263117,1063,0.36058415919325626,1641,0,0,5,20,32.15662715405263,0
103.61719893814005,6.830573083849007,1037,0.48906113598253836,1110,0,0,4,22,72.78733783685556,0
49.50731311781744,12.874309101560588,1071,0.5076853532193812,1802,0,0,4,11,68.76062045141649,0
36.627276206094535,15.097382365431208,1066,0.7618500079532391,1267,0,0,8,21,87.63150076907533,0
41.76068751901108,23.549870416377377,1084,0.426052669431792,887,0,0,9,24,5.320467690623431,0
57.70252395985363,5.692664427214452,1073,0.453341922631004,862,0,0,9,34,31.033506083452764,0
14.174400457644673,18.760348991030874,1034,0.5595157668541076,999,0,0,3,17,29.83478780343033,0
65.83518049746762,3.592260133690771,1040,0.5842153111929865,1826,0,0,4,15,62.4296011703867,0
71.75243133342524,21.877177159324155,1065,0.5854010877448224,178,0,0,1,25,77.14430272509405,0
30.45745989156655,9.076123546870349,1076,0.4983327329817278,1873,0,0,3,19,50.663276386744606,0
-5.789891216493956,1.419345888374214,1099,0.3096908799201836,344,0,0,9,16,5.615170094910127,0
61.84873910969922,10.210778797243606,1094,0.4173711792952148,821,0,0,7,19,51.770879343955656,0
41.56699121342135,18.11238050083539,1010,0.7106314331990397,1235,0,0,2,15,41.34672797286855,0
53.788032087022046,8.981107097737391,1088,0.5432131333074317,369,0,0,2,20,30.845114152994494,0
73.61253811227357,6.325750822046424,1092,0.5221430917896068,478,0,0,3,28,66.00943540864688,0
50.603194006072954,0.3884320543653885,1093,0.6751417134057747,1418,0,0,9,22,51.84778094499847,0
36.34403285551522,13.933608566178902,1022,0.5546190308344081,428,0,0,7,12,55.71685142237851,0
125.91109005925068,21.559728472592862,1071,0.561695296106832,257,0,0,3,17,44.358262957037994,0
67.41703061106844,12.032229130194704,1066,0.2887513890514552,1186,0,0,8,26,56.29757065894516,0
8.847706122094834,13.925550889438943,1048,0.38174977103155794,412,0,0,8,19,48.22678259661575,0
32.78899988184263,21.31938593850493,1060,0.6093456093078431,1066,0,0,1,28,12.598375684765067,0
98.95570697267327,0.6349081315301799,1098,0.4425243181858156,198,0,0,9,27,60.9645382863593,0
57.92870630459753,10.60999241254438,1052,0.3648000031907538,1909,0,0,4,18,24.141116593139245,0
-21.709131024083135,6.104628931353164,1048,0.5766109635102123,1495,1,0,4,23,59.920476955102544,0
70.79316821789432,23.55865573541839,1024,0.41782003673461743,635,0,0,2,20,30.02163414712477,0
-37.209646579649245,11.119893637110554,1096,0.2771562544327799,1142,0,0,8,29,48.67285058328898,0
37.02087450999415,14.887274161041116,1030,0.6181541981388923,533,0,1,9,20,63.44639142913695,0
2.8932584032863105,4.461641077350408,1099,0.41509061989068363,135,0,0,3,23,62.07251564227307,0
55.613213003752755,20.688740983044234,1027,0.41845686362256235,218,0,0,1,19,71.2125556669995,0
7.78738415647949,8.677331900886278,1049,0.48075453820376995,592,0,0,4,19,69.47018975285089,0
54.02499247987531,4.046440589701258,1054,0.7992230735239083,81,0,0,9,25,72.11548440555674,0
79.08107907224164,23.066985644441218,1022,0.4491183215593889,1062,0,0,4,27,50.36220163604081,0
110.25419032945098,3.24564901187539,1030,0.4889597631946785,1438,0,0,1,20,90.7061735696408,0
37.58315173175429,6.769622989062641,1043,0.5424389846581552,1775,0,0,1,20,34.31854684845513,0
43.95525398157446,9.212998882422662,1000,0.5215835490764809,266,0,0,3,25,99.67176119946834,0
36.05698328264817,19.490508932738155,1051,0.6243315355027219,1271,0,0,2,23,61.58585840813853,0
72.23050854009347,11.186866062426216,1040,0.5305907341083923,888,0,0,9,26,31.541931845028472,0
51.896964395393034,16.381960131417955,1073,0.7510890815323288,58,0,0,6,20,37.3277368574409,0
54.480257331796416,15.056090650207675,1043,0.7893353584724496,829,0,0,9,23,33.83808714470134,0
92.60554816345847,22.367640428939392,1082,0.550342580421273,1108,0,0,3,23,60.10293810334534,0
70.7857275271231,4.649182614709448,1011,0.45440543298299857,97,0,0,4,17,65.16097926125498,0
69.2162880522432,15.779312852547685,1027,0.5541113132873867,1901,0,0,6,25,37.93427930674886,0
35.33451734641178,23.29898377365671,1024,0.5759377151792859,1407,0,0,3,20,23.280197876964714,0
22.882770756056306,0.9553363973300959,1040,0.4961565518411968,742,0,0,7,18,46.12259447776284,0
53.53122255382874,5.96538496840177,1038,0.411268063480388,767,0,0,9,17,41.394784324569414,0
41.13559045912519,13.976893515800366,1076,0.5497602634821231,946,1,0,9,25,44.23240464300417,0
57.382508459492264,2.4728911434024115,1074,0.32380437818821606,1311,0,0,4,19,87.77862757053467,0
9.935552927003258,6.8507468927967725,1048,0.45727355581169,441,0,0,1,14,70.46261116433996,0
109.61183335098323,6.181890779951985,1004,0.38496397569556695,1803,0,0,8,20,71.25569050900319,0
4.554583259424064,6.6889762948970075,1085,0.3191024124809083,676,0,0,6,16,87.0245419188497,0
20.031908712632262,1.3562625821884753,1074,0.5067992237806284,243,0,0,1,29,88.61715805270453,0
15.469577491414789,2.605328586543563,1057,0.6267818098513904,1803,0,0,6,28,47.610878145249494,0
49.720990365841566,23.84066052131384,1066,0.5778728283638918,236,0,0,9,15,46.631386125042,0
40.20057310434166,23.936269182803958,1010,0.5204230668396793,349,0,0,4,26,47.20540678220983,0
59.834635185292555,23.77132013633416,1060,0.510636486713126,540,0,0,9,19,85.10113142037514,0
30.456723504089563,8.315994504404344,1009,0.46218569276240085,1360,0,0,5,19,61.350025111493046,0
20.539415083672857,16.109473868560084,1020,0.6556758446307894,1840,0,0,9,12,96.81028144974576,0
53.504905225165516,22.893743986254847,1031,0.4866927748785775,1170,0,0,5,22,102.8138139014483,0
33.08157535825271,5.632404789246006,1096,0.697194049047418,1953,1,0,5,24,94.22845203670815,0
40.98602153837889,15.747883354677054,1077,0.6672044771342107,265,0,0,8,23,106.21979876001214,0
20.311155902889872,5.48204296396646,1070,0.51736405915504,906,0,0,7,24,29.747185742813734,0
15.889013505575377,15.526546777935323,1075,0.5401794982769083,1307,0,0,3,31,79.405991108074,0
60.534964028812524,0.5244330529866899,1031,0.47366196513291825,1620,0,0,6,21,61.28199170284375,0
87.01172835008579,10.38495478196889,1036,0.48952384112231784,1735,1,0,6,29,38.83326633245711,0
44.76937226291493,16.402865842105207,1057,0.411216867933612,598,0,0,9,24,65.3554432649291,0
71.07599941801567,17.331540449827116,1007,0.5079716195816949,805,0,0,5,21,88.36380755499928,0
104.37345673990785,13.651649562395878,1078,0.33501431910491375,309,0,0,6,23,35.57159965648304,0
85.63038165384691,2.65203242946456,1018,0.6644418097389877,881,0,0,4,25,83.49317726197792,0
104.22892417012056,7.482337239651111,1027,0.4173053437818561,1427,0,0,9,14,103.14617390210964,0
9.554688637175296,11.325818637950102,1028,0.2605533758889842,1209,0,0,7,22,37.189935394693194,0
60.51110649159015,21.52937924093501,1019,0.4935512401973865,1405,0,0,7,26,85.4593288032857,0
68.42500100130276,15.838183086217438,1047,0.5527881873491244,940,0,0,5,13,44.557714124936126,0
54.18961068696053,8.567563341066187,1033,0.2793845261505008,203,0,0,1,17,28.731273234915125,0
32.77752268738191,7.578849202557095,1085,0.30506244864633164,1938,0,0,6,22,18.448841748457568,0
48.761219389781516,8.867489367209597,1090,0.6319429700237558,1370,0,0,7,21,4.122267194197541,0
29.017563796301374,14.566689908116892,1036,0.5458688944218811,1898,0,0,5,19,57.496183316749516,0
56.08769062553899,13.380438352014608,1069,0.3903813123721232,874,0,0,6,20,55.911980387237236,0
-1.5301644509018928,17.241750664760637,1035,0.5997941538309587,819,0,0,3,25,70.82056978124784,0
